{
  "type": "FeatureCollection",
  "generator": "overpass-turbo",
  "copyright": "The data included in this document is from www.openstreetmap.org. The data is made available under ODbL.",
  "timestamp": "2025-05-23T21:41:14Z",
  "features": [
    {
      "type": "Feature",
      "properties": {
        "@id": "node/14915620",
        "bus": "yes",
        "highway": "bus_stop",
        "name": "Beiertheim West",
        "network": "Karlsruher Verkehrsverbund",
        "operator": "Verkehrsbetriebe Karlsruhe GmbH",
        "public_transport": "stop_position",
        "wikidata": "Q131861770"
      },
      "geometry": {
        "type": "Point",
        "coordinates": [
          8.3825994,
          48.994645
        ]
      },
      "id": "node/14915620"
    },
    {
      "type": "Feature",
      "properties": {
        "@id": "node/15520063",
        "addr:city": "Karlsruhe",
        "addr:country": "DE",
        "addr:housenumber": "32",
        "addr:postcode": "76137",
        "addr:street": "Ebertstraße",
        "amenity": "fuel",
        "brand": "Aral",
        "brand:wikidata": "Q565734",
        "brand:wikipedia": "en:Aral AG",
        "camera:type": "fixed",
        "compressed_air": "yes",
        "contact:phone": "+49 721 817516",
        "fuel:1_25": "no",
        "fuel:1_50": "no",
        "fuel:GTL_diesel": "yes",
        "fuel:HGV_diesel": "no",
        "fuel:biodiesel": "no",
        "fuel:cng": "no",
        "fuel:diesel": "yes",
        "fuel:e10": "yes",
        "fuel:e85": "no",
        "fuel:lpg": "no",
        "fuel:octane_100": "yes",
        "fuel:octane_80": "no",
        "fuel:octane_91": "no",
        "fuel:octane_92": "no",
        "fuel:octane_95": "yes",
        "fuel:octane_98": "no",
        "name": "Aral",
        "opening_hours": "Mo-Fr 06:00-00:00; Sa, Su 07:00-00:00",
        "surveillance": "outdoor",
        "surveillance:type": "camera"
      },
      "geometry": {
        "type": "Point",
        "coordinates": [
          8.3896004,
          48.9951676
        ]
      },
      "id": "node/15520063"
    },
    {
      "type": "Feature",
      "properties": {
        "@id": "node/19832133",
        "addr:city": "Rheinstetten",
        "addr:country": "DE",
        "addr:postcode": "76287",
        "amenity": "fuel",
        "brand": "Esso",
        "brand:wikidata": "Q168238",
        "check_date:opening_hours": "2021-01-05",
        "fuel:MaxxMotion_Diesel": "yes",
        "fuel:diesel": "yes",
        "fuel:lpg": "yes",
        "fuel:super": "yes",
        "name": "Esso",
        "opening_hours": "Mo-Sa 06:00-22:00; Su 08:00-22:00; PH 08:00-22:00",
        "wheelchair": "yes"
      },
      "geometry": {
        "type": "Point",
        "coordinates": [
          8.3331082,
          48.9870633
        ]
      },
      "id": "node/19832133"
    },
    {
      "type": "Feature",
      "properties": {
        "@id": "node/21480211",
        "addr:city": "Karlsruhe",
        "addr:country": "DE",
        "addr:housenumber": "102",
        "addr:postcode": "76137",
        "addr:street": "Rüppurrer Straße",
        "amenity": "fuel",
        "brand": "ZG Raiffeisen",
        "brand:wikidata": "Q136135",
        "compressed_air": "yes",
        "fuel:1_25": "no",
        "fuel:1_50": "no",
        "fuel:GTL_diesel": "no",
        "fuel:HGV_diesel": "no",
        "fuel:biodiesel": "yes",
        "fuel:cng": "no",
        "fuel:diesel": "yes",
        "fuel:e10": "yes",
        "fuel:e85": "no",
        "fuel:lpg": "no",
        "fuel:octane_100": "no",
        "fuel:octane_91": "no",
        "fuel:octane_95": "yes",
        "fuel:octane_98": "yes",
        "maxheight": "3.95",
        "name": "ZG Raiffeisen",
        "opening_hours": "24/7",
        "operator": "ZG Raiffeisen Energie",
        "payment:cash": "no",
        "payment:girocard": "yes",
        "payment:maestro": "yes",
        "payment:mastercard": "yes",
        "payment:others": "no",
        "payment:v_pay": "yes",
        "payment:visa": "yes",
        "payment:zg_raiffeisen": "yes",
        "website": "https://www.zg-raiffeisen.de/index.php?id=571",
        "wheelchair": "yes"
      },
      "geometry": {
        "type": "Point",
        "coordinates": [
          8.4100536,
          48.9965084
        ]
      },
      "id": "node/21480211"
    },
    {
      "type": "Feature",
      "properties": {
        "@id": "node/24554751",
        "addr:city": "Karlsruhe",
        "addr:housenumber": "2",
        "addr:postcode": "76199",
        "addr:street": "Battstraße",
        "amenity": "fuel",
        "brand": "bft",
        "brand:wikidata": "Q1009104",
        "brand:wikipedia": "de:Bundesverband freier Tankstellen",
        "check_date": "2025-02-15",
        "check_date:opening_hours": "2021-10-04",
        "compressed_air": "yes",
        "contact:phone": "+49 721 98 87 588",
        "contact:website": "http://efa-gmbh.de/index.php/tankstellen.html",
        "fuel:diesel": "yes",
        "fuel:e10": "yes",
        "fuel:octane_95": "yes",
        "fuel:octane_98": "yes",
        "fuel:others": "no",
        "name": "BFT",
        "note": "Betreiberwechsel ARAL -> BFT 12/2012",
        "opening_hours": "06:00-22:00",
        "operator": "EFA Tankstellenbetriebe und Mineralölhandel GmbH",
        "payment:coins": "yes",
        "payment:contactless": "yes",
        "payment:credit_cards": "yes",
        "payment:maestro": "yes",
        "payment:notes": "yes",
        "source": "Bing",
        "wheelchair": "yes"
      },
      "geometry": {
        "type": "Point",
        "coordinates": [
          8.4053836,
          48.9658371
        ]
      },
      "id": "node/24554751"
    },
    {
      "type": "Feature",
      "properties": {
        "@id": "node/24554752",
        "addr:city": "Karlsruhe",
        "addr:country": "DE",
        "addr:postcode": "76199",
        "addr:street": "Rastatter Straße",
        "addr:suburb": "Rüppurr",
        "amenity": "fuel",
        "brand": "Independent",
        "check_date": "2024-07-12",
        "compressed_air": "yes",
        "fuel:diesel": "yes",
        "fuel:e10": "yes",
        "fuel:lpg": "yes",
        "fuel:octane_95": "yes",
        "fuel:octane_98": "yes",
        "fuel:others": "no",
        "name": "Eberhardt",
        "opening_hours": "Mo-Fr 06:00-22:00; Sa 07:00-22:00; Su 08:00-22:00",
        "operator": "Ernst Eberhardt GmbH",
        "payment:cash": "yes",
        "payment:girocard": "yes",
        "payment:mastercard": "yes",
        "payment:visa": "yes",
        "website": "https://www.eberhardt-bruchsal.de/"
      },
      "geometry": {
        "type": "Point",
        "coordinates": [
          8.4043778,
          48.9664269
        ]
      },
      "id": "node/24554752"
    },
    {
      "type": "Feature",
      "properties": {
        "@id": "node/24913646",
        "addr:city": "Ettlingen",
        "addr:country": "DE",
        "addr:housenumber": "50a",
        "addr:postcode": "76275",
        "addr:street": "Karlsruher Straße",
        "amenity": "fuel",
        "brand": "Aral",
        "brand:wikidata": "Q565734",
        "brand:wikipedia": "en:Aral AG",
        "contact:fax": "+49 7243 14509",
        "contact:phone": "+49 7243 12372",
        "fuel:GTL_diesel": "yes",
        "fuel:HGV_diesel": "yes",
        "fuel:adblue": "yes",
        "fuel:cng": "yes",
        "fuel:diesel": "yes",
        "fuel:e10": "yes",
        "fuel:lpg": "yes",
        "fuel:octane_100": "yes",
        "fuel:octane_95": "yes",
        "name": "Aral",
        "opening_hours": "24/7",
        "self_service": "yes",
        "wheelchair": "yes"
      },
      "geometry": {
        "type": "Point",
        "coordinates": [
          8.4065436,
          48.9575254
        ]
      },
      "id": "node/24913646"
    },
    {
      "type": "Feature",
      "properties": {
        "@id": "node/25182590",
        "bench": "yes",
        "bin": "yes",
        "bus": "yes",
        "highway": "bus_stop",
        "lit": "yes",
        "name": "Links der Alb",
        "network": "Karlsruher Verkehrsverbund",
        "network:guid": "DE-BW-KVV",
        "network:short": "KVV",
        "network:wikidata": "Q1733986",
        "operator": "Verkehrsbetriebe Karlsruhe GmbH",
        "public_transport": "platform",
        "shelter": "yes",
        "source": "LA-KA",
        "tactile_paving": "yes",
        "wheelchair": "limited"
      },
      "geometry": {
        "type": "Point",
        "coordinates": [
          8.3959509,
          48.9839807
        ]
      },
      "id": "node/25182590"
    },
    {
      "type": "Feature",
      "properties": {
        "@id": "node/25182596",
        "bench": "no",
        "bin": "no",
        "bus": "yes",
        "highway": "bus_stop",
        "lit": "yes",
        "name": "Links der Alb",
        "network": "Karlsruher Verkehrsverbund",
        "network:guid": "DE-BW-KVV",
        "network:short": "KVV",
        "network:wikidata": "Q1733986",
        "operator": "Verkehrsbetriebe Karlsruhe GmbH",
        "public_transport": "platform",
        "shelter": "no",
        "source": "LA-KA",
        "tactile_paving": "yes",
        "wheelchair": "limited"
      },
      "geometry": {
        "type": "Point",
        "coordinates": [
          8.3958556,
          48.9838494
        ]
      },
      "id": "node/25182596"
    },
    {
      "type": "Feature",
      "properties": {
        "@id": "node/25186378",
        "branch": "Rüppurr",
        "brand": "Penny",
        "brand:wikidata": "Q284688",
        "brand:wikipedia": "en:Penny (supermarket)",
        "diet:kosher": "no",
        "name": "PENNY",
        "opening_hours": "Mo-Sa 07:30-21:00; Su,PH off",
        "shop": "supermarket",
        "supermarket": "discount",
        "toilets:wheelchair": "no",
        "wheelchair": "yes"
      },
      "geometry": {
        "type": "Point",
        "coordinates": [
          8.4038747,
          48.9660271
        ]
      },
      "id": "node/25186378"
    },
    {
      "type": "Feature",
      "properties": {
        "@id": "node/25241824",
        "bench": "yes",
        "bin": "yes",
        "bus": "yes",
        "highway": "bus_stop",
        "lit": "yes",
        "name": "Birkenweg",
        "network": "Karlsruher Verkehrsverbund",
        "network:guid": "DE-BW-KVV",
        "network:short": "KVV",
        "network:wikidata": "Q1733986",
        "operator": "Verkehrsbetriebe Karlsruhe GmbH",
        "public_transport": "platform",
        "shelter": "no",
        "tactile_paving": "no"
      },
      "geometry": {
        "type": "Point",
        "coordinates": [
          8.362359,
          48.9987619
        ]
      },
      "id": "node/25241824"
    },
    {
      "type": "Feature",
      "properties": {
        "@id": "node/25241832",
        "bench": "yes",
        "bin": "yes",
        "bus": "yes",
        "departures_board": "timetable",
        "highway": "bus_stop",
        "lit": "no",
        "name": "Windeckstraße",
        "network": "Karlsruher Verkehrsverbund",
        "network:guid": "DE-BW-KVV",
        "network:short": "KVV",
        "network:wikidata": "Q1733986",
        "operator": "Verkehrsbetriebe Karlsruhe GmbH",
        "public_transport": "platform",
        "shelter": "yes",
        "tactile_paving": "no",
        "wheelchair": "yes",
        "wikidata": "Q131861771"
      },
      "geometry": {
        "type": "Point",
        "coordinates": [
          8.3706094,
          48.9911678
        ]
      },
      "id": "node/25241832"
    },
    {
      "type": "Feature",
      "properties": {
        "@id": "node/25241909",
        "bench": "no",
        "bin": "no",
        "bus": "yes",
        "highway": "bus_stop",
        "lit": "yes",
        "name": "Birkenweg",
        "network": "Karlsruher Verkehrsverbund",
        "network:guid": "DE-BW-KVV",
        "network:short": "KVV",
        "network:wikidata": "Q1733986",
        "operator": "Verkehrsbetriebe Karlsruhe GmbH",
        "public_transport": "platform",
        "shelter": "no",
        "tactile_paving": "no"
      },
      "geometry": {
        "type": "Point",
        "coordinates": [
          8.362194,
          48.998798
        ]
      },
      "id": "node/25241909"
    },
    {
      "type": "Feature",
      "properties": {
        "@id": "node/25241917",
        "bench": "yes",
        "bin": "yes",
        "bus": "yes",
        "highway": "bus_stop",
        "lit": "yes",
        "name": "Hardecksiedlung",
        "network": "Karlsruher Verkehrsverbund",
        "network:guid": "DE-BW-KVV",
        "network:short": "KVV",
        "network:wikidata": "Q1733986",
        "network:wikipedia": "de:Karlsruher Verkehrsverbund",
        "operator": "Verkehrsbetriebe Karlsruhe GmbH",
        "public_transport": "platform",
        "shelter": "yes",
        "tactile_paving": "yes",
        "wikidata": "Q126912635"
      },
      "geometry": {
        "type": "Point",
        "coordinates": [
          8.3689206,
          48.9922184
        ]
      },
      "id": "node/25241917"
    },
    {
      "type": "Feature",
      "properties": {
        "@id": "node/25241979",
        "addr:city": "Karlsruhe",
        "addr:housenumber": "15",
        "addr:postcode": "76185",
        "addr:street": "Herrmann-Leichtlin-Straße",
        "brand": "NORMA",
        "brand:wikidata": "Q450180",
        "check_date": "2024-01-12",
        "internet_access": "no",
        "name": "NORMA",
        "opening_hours": "Mo-Sa 07:00-20:00; Su,PH off",
        "payment:mastercard": "yes",
        "payment:visa": "yes",
        "shop": "supermarket",
        "website": "http://www.norma-online.de/",
        "wheelchair": "yes"
      },
      "geometry": {
        "type": "Point",
        "coordinates": [
          8.3606633,
          48.9970219
        ]
      },
      "id": "node/25241979"
    },
    {
      "type": "Feature",
      "properties": {
        "@id": "node/25241985",
        "addr:city": "Karlsruhe",
        "addr:country": "DE",
        "addr:postcode": "76135",
        "addr:street": "Pulverhausstraße",
        "amenity": "fuel",
        "brand": "Esso",
        "brand:wikidata": "Q867662",
        "brand:wikipedia": "en:Esso",
        "fuel:HGV_diesel": "yes",
        "fuel:diesel": "yes",
        "fuel:e10": "yes",
        "fuel:octane_95": "yes",
        "name": "Esso",
        "payment:dkv": "yes",
        "payment:esso_card": "yes",
        "payment:euroshell": "yes",
        "payment:routex": "no",
        "payment:uta": "yes"
      },
      "geometry": {
        "type": "Point",
        "coordinates": [
          8.3720461,
          48.9903078
        ]
      },
      "id": "node/25241985"
    },
    {
      "type": "Feature",
      "properties": {
        "@id": "node/25242064",
        "bench": "yes",
        "bin": "yes",
        "bus": "yes",
        "check_date:shelter": "2021-03-19",
        "highway": "bus_stop",
        "lit": "yes",
        "name": "Windeckstraße",
        "network": "Karlsruher Verkehrsverbund",
        "network:guid": "DE-BW-KVV",
        "network:short": "KVV",
        "network:wikidata": "Q1733986",
        "operator": "Verkehrsbetriebe Karlsruhe GmbH",
        "public_transport": "platform",
        "shelter": "yes",
        "tactile_paving": "no",
        "wheelchair": "yes",
        "wikidata": "Q131861771"
      },
      "geometry": {
        "type": "Point",
        "coordinates": [
          8.3710957,
          48.9912663
        ]
      },
      "id": "node/25242064"
    },
    {
      "type": "Feature",
      "properties": {
        "@id": "node/25242196",
        "bench": "no",
        "bin": "yes",
        "bus": "yes",
        "highway": "bus_stop",
        "lit": "yes",
        "name": "Vogesenbrücke",
        "network": "Karlsruher Verkehrsverbund",
        "operator": "Verkehrsbetriebe Karlsruhe GmbH",
        "public_transport": "platform",
        "shelter": "no",
        "tactile_paving": "yes",
        "wheelchair": "limited"
      },
      "geometry": {
        "type": "Point",
        "coordinates": [
          8.3554548,
          49.0090677
        ]
      },
      "id": "node/25242196"
    },
    {
      "type": "Feature",
      "properties": {
        "@id": "node/25242216",
        "bench": "no",
        "bin": "yes",
        "bus": "yes",
        "highway": "bus_stop",
        "lit": "yes",
        "name": "Westbahnhof",
        "network": "Karlsruher Verkehrsverbund",
        "operator": "Verkehrsbetriebe Karlsruhe GmbH",
        "public_transport": "platform",
        "ref:IFOPT": "de:08212:6005",
        "ref:IFOPT:description": "Karlsruhe West",
        "shelter": "no",
        "tactile_paving": "no",
        "wheelchair": "limited"
      },
      "geometry": {
        "type": "Point",
        "coordinates": [
          8.3629035,
          49.0018731
        ]
      },
      "id": "node/25242216"
    },
    {
      "type": "Feature",
      "properties": {
        "@id": "node/25242219",
        "bench": "yes",
        "bin": "yes",
        "bus": "yes",
        "highway": "bus_stop",
        "lit": "no",
        "name": "Schwimmschulweg",
        "network": "Karlsruher Verkehrsverbund",
        "network:guid": "DE-BW-KVV",
        "network:short": "KVV",
        "network:wikidata": "Q1733986",
        "operator": "Verkehrsbetriebe Karlsruhe GmbH",
        "passenger_information_display": "yes",
        "public_transport": "platform",
        "shelter": "no",
        "tactile_paving": "no",
        "wikidata": "Q131861783"
      },
      "geometry": {
        "type": "Point",
        "coordinates": [
          8.3649221,
          48.9946141
        ]
      },
      "id": "node/25242219"
    },
    {
      "type": "Feature",
      "properties": {
        "@id": "node/25242220",
        "bench": "yes",
        "bin": "yes",
        "bus": "yes",
        "departures_board": "timetable",
        "highway": "bus_stop",
        "lit": "no",
        "name": "Schwimmschulweg",
        "network": "Karlsruher Verkehrsverbund",
        "network:guid": "DE-BW-KVV",
        "network:short": "KVV",
        "network:wikidata": "Q1733986",
        "operator": "Verkehrsbetriebe Karlsruhe GmbH",
        "public_transport": "platform",
        "shelter": "yes",
        "tactile_paving": "no",
        "vehicle": "bus",
        "wheelchair": "no",
        "wikidata": "Q131861783"
      },
      "geometry": {
        "type": "Point",
        "coordinates": [
          8.3642114,
          48.994583
        ]
      },
      "id": "node/25242220"
    },
    {
      "type": "Feature",
      "properties": {
        "@id": "node/25242276",
        "bench": "no",
        "bin": "no",
        "bus": "yes",
        "highway": "bus_stop",
        "lit": "yes",
        "name": "Petergraben",
        "network": "Karlsruher Verkehrsverbund",
        "operator": "Verkehrsbetriebe Karlsruhe GmbH",
        "public_transport": "platform",
        "shelter": "no",
        "tactile_paving": "no"
      },
      "geometry": {
        "type": "Point",
        "coordinates": [
          8.3774475,
          48.9858979
        ]
      },
      "id": "node/25242276"
    },
    {
      "type": "Feature",
      "properties": {
        "@id": "node/25242277",
        "bench": "no",
        "bin": "no",
        "bus": "yes",
        "highway": "bus_stop",
        "lit": "yes",
        "name": "Petergraben",
        "network": "Karlsruher Verkehrsverbund",
        "operator": "Verkehrsbetriebe Karlsruhe GmbH",
        "public_transport": "platform",
        "shelter": "no",
        "tactile_paving": "no"
      },
      "geometry": {
        "type": "Point",
        "coordinates": [
          8.3775522,
          48.9858152
        ]
      },
      "id": "node/25242277"
    },
    {
      "type": "Feature",
      "properties": {
        "@id": "node/25242285",
        "bench": "yes",
        "bin": "no",
        "bus": "yes",
        "check_date:shelter": "2021-09-02",
        "highway": "bus_stop",
        "lit": "yes",
        "name": "Neue Anlage Straße",
        "network": "Karlsruher Verkehrsverbund",
        "operator": "Verkehrsbetriebe Karlsruhe GmbH",
        "public_transport": "platform",
        "shelter": "yes",
        "tactile_paving": "no",
        "wheelchair": "no"
      },
      "geometry": {
        "type": "Point",
        "coordinates": [
          8.3848586,
          48.9906065
        ]
      },
      "id": "node/25242285"
    },
    {
      "type": "Feature",
      "properties": {
        "@id": "node/25242286",
        "bench": "no",
        "bin": "yes",
        "bus": "yes",
        "highway": "bus_stop",
        "lit": "yes",
        "name": "Neue Anlage Straße",
        "network": "Karlsruher Verkehrsverbund",
        "operator": "Verkehrsbetriebe Karlsruhe GmbH",
        "public_transport": "platform",
        "shelter": "no",
        "tactile_paving": "no"
      },
      "geometry": {
        "type": "Point",
        "coordinates": [
          8.3844213,
          48.9899479
        ]
      },
      "id": "node/25242286"
    },
    {
      "type": "Feature",
      "properties": {
        "@id": "node/25242288",
        "bench": "yes",
        "bin": "yes",
        "bus": "yes",
        "check_date:shelter": "2021-09-02",
        "highway": "bus_stop",
        "lit": "yes",
        "name": "Breite Straße",
        "network": "Karlsruher Verkehrsverbund",
        "operator": "Verkehrsbetriebe Karlsruhe GmbH",
        "public_transport": "platform",
        "shelter": "yes",
        "source": "survey",
        "tactile_paving": "no",
        "wheelchair": "no"
      },
      "geometry": {
        "type": "Point",
        "coordinates": [
          8.3857213,
          48.9927502
        ]
      },
      "id": "node/25242288"
    },
    {
      "type": "Feature",
      "properties": {
        "@id": "node/25242290",
        "bench": "yes",
        "bin": "yes",
        "bus": "yes",
        "check_date:shelter": "2025-03-31",
        "highway": "bus_stop",
        "lit": "yes",
        "name": "Breite Straße",
        "network": "Karlsruher Verkehrsverbund",
        "network:guid": "DE-BW-KVV",
        "network:short": "KVV",
        "network:wikidata": "Q1733986",
        "operator": "Verkehrsbetriebe Karlsruhe GmbH",
        "public_transport": "platform",
        "shelter": "no",
        "source": "survey",
        "tactile_paving": "no",
        "wheelchair": "no"
      },
      "geometry": {
        "type": "Point",
        "coordinates": [
          8.3862381,
          48.9923774
        ]
      },
      "id": "node/25242290"
    },
    {
      "type": "Feature",
      "properties": {
        "@id": "node/25242293",
        "bench": "yes",
        "bin": "yes",
        "bus": "yes",
        "highway": "bus_stop",
        "lit": "yes",
        "name": "Welfenstraße",
        "network": "Karlsruher Verkehrsverbund",
        "operator": "Verkehrsbetriebe Karlsruhe GmbH",
        "shelter": "yes",
        "tactile_paving": "no"
      },
      "geometry": {
        "type": "Point",
        "coordinates": [
          8.3861226,
          48.9950581
        ]
      },
      "id": "node/25242293"
    },
    {
      "type": "Feature",
      "properties": {
        "@id": "node/25271688",
        "addr:city": "Rheinstetten",
        "addr:country": "DE",
        "addr:postcode": "76287",
        "addr:street": "Hauptstraße",
        "amenity": "fuel",
        "brand": "Avia",
        "opening_hours": "Mo-Fr 06:00-21:00; Sa 07:00-21:00; Su, PH 08:00-21:00",
        "wheelchair": "yes"
      },
      "geometry": {
        "type": "Point",
        "coordinates": [
          8.314102,
          48.9747161
        ]
      },
      "id": "node/25271688"
    },
    {
      "type": "Feature",
      "properties": {
        "@id": "node/25271691",
        "addr:city": "Karlsruhe",
        "addr:country": "DE",
        "addr:housenumber": "7",
        "addr:postcode": "76185",
        "addr:street": "Lameystraße",
        "amenity": "fuel",
        "brand": "bft",
        "compressed_air": "yes",
        "fuel:diesel": "yes",
        "fuel:e10": "yes",
        "fuel:octane_95": "yes",
        "fuel:octane_98": "yes",
        "fuel:others": "no",
        "name": "bft",
        "network": "Bundesverband freier Tankstellen",
        "operator": "EFA Tankstellenbetriebe & Mineralölhandel GmbH",
        "wheelchair": "yes"
      },
      "geometry": {
        "type": "Point",
        "coordinates": [
          8.3574251,
          49.0109302
        ]
      },
      "id": "node/25271691"
    },
    {
      "type": "Feature",
      "properties": {
        "@id": "node/25311850",
        "bench": "yes",
        "bin": "no",
        "bus": "yes",
        "highway": "bus_stop",
        "lit": "yes",
        "name": "Studentenhaus",
        "ref:IFOPT": "de:08212:3002:0:1",
        "ref_name": "Karlsruhe Studentenhaus",
        "shelter": "yes",
        "tactile_paving": "no",
        "wheelchair": "no"
      },
      "geometry": {
        "type": "Point",
        "coordinates": [
          8.4181627,
          49.0114044
        ]
      },
      "id": "node/25311850"
    },
    {
      "type": "Feature",
      "properties": {
        "@id": "node/25311852",
        "bench": "no",
        "bin": "no",
        "bus": "yes",
        "highway": "bus_stop",
        "lit": "no",
        "name": "Studentenhaus",
        "note": "Haltestelle wegen baustellenbedingter Änderung der Linienführung nicht in Betrieb / Haltestellenschild entfernt",
        "ref:IFOPT": "de:08212:3002:0:2",
        "ref_name": "Karlsruhe Studentenhaus",
        "shelter": "no",
        "tactile_paving": "yes",
        "wheelchair": "limited"
      },
      "geometry": {
        "type": "Point",
        "coordinates": [
          8.4178882,
          49.0110287
        ]
      },
      "id": "node/25311852"
    },
    {
      "type": "Feature",
      "properties": {
        "@id": "node/25313598",
        "bench": "yes",
        "bin": "yes",
        "bus": "yes",
        "highway": "bus_stop",
        "lit": "yes",
        "name": "Waldstadt Zentrum",
        "public_transport": "platform",
        "shelter": "yes",
        "tactile_paving": "no"
      },
      "geometry": {
        "type": "Point",
        "coordinates": [
          8.4452834,
          49.0351044
        ]
      },
      "id": "node/25313598"
    },
    {
      "type": "Feature",
      "properties": {
        "@id": "node/25313742",
        "addr:city": "Karlsruhe",
        "addr:country": "DE",
        "addr:housenumber": "16",
        "addr:postcode": "76139",
        "addr:street": "Elbinger Straße",
        "addr:suburb": "Waldstadt",
        "brand": "Netto Marken-Discount",
        "brand:wikidata": "Q879858",
        "brand:wikipedia": "de:Netto Marken-Discount",
        "check_date": "2023-09-03",
        "check_date:opening_hours": "2024-02-25",
        "level": "0",
        "name": "Netto Marken-Discount",
        "opening_hours": "Mo-Sa 07:00-21:00; PH,Su off",
        "operator": "Netto Marken-Discount AG & Co. KG",
        "payment:cash": "yes",
        "payment:girocard": "yes",
        "payment:maestro": "yes",
        "payment:mastercard": "yes",
        "payment:v_pay": "yes",
        "payment:visa": "yes",
        "shop": "supermarket",
        "surveillance": "indoor",
        "website": "https://www.netto-online.de/filialen/Karlsruhe/Elbinger-Str-16/7926/",
        "wheelchair": "limited"
      },
      "geometry": {
        "type": "Point",
        "coordinates": [
          8.4434916,
          49.0421896
        ]
      },
      "id": "node/25313742"
    },
    {
      "type": "Feature",
      "properties": {
        "@id": "node/25313806",
        "bench": "no",
        "bin": "yes",
        "bus": "yes",
        "highway": "bus_stop",
        "lit": "yes",
        "name": "Europäische Schule",
        "public_transport": "platform",
        "shelter": "no",
        "tactile_paving": "no",
        "wheelchair": "limited"
      },
      "geometry": {
        "type": "Point",
        "coordinates": [
          8.447647,
          49.0453921
        ]
      },
      "id": "node/25313806"
    },
    {
      "type": "Feature",
      "properties": {
        "@id": "node/25314004",
        "bench": "yes",
        "bin": "yes",
        "bus": "yes",
        "highway": "bus_stop",
        "lit": "yes",
        "name": "Schneidemühler Straße",
        "network": "Karlsruher Verkehrsverbund",
        "network:guid": "DE-BW-KVV",
        "network:short": "KVV",
        "network:wikidata": "Q1733986",
        "operator": "Verkehrsbetriebe Karlsruhe GmbH",
        "public_transport": "platform",
        "shelter": "no",
        "tactile_paving": "no"
      },
      "geometry": {
        "type": "Point",
        "coordinates": [
          8.4314828,
          49.035185
        ]
      },
      "id": "node/25314004"
    },
    {
      "type": "Feature",
      "properties": {
        "@id": "node/25314005",
        "addr:city": "Karlsruhe",
        "addr:country": "DE",
        "addr:housenumber": "14a",
        "addr:postcode": "76139",
        "addr:street": "Schneidemühler Straße",
        "addr:suburb": "Waldstadt",
        "branch": "Waldstadt",
        "brand": "PENNY",
        "brand:wikidata": "Q284688",
        "brand:wikipedia": "en:Penny (supermarket)",
        "cash_withdrawal": "girocard",
        "cash_withdrawal:type": "checkout",
        "check_date:opening_hours": "2024-03-29",
        "dog": "no",
        "level": "0",
        "name": "PENNY",
        "opening_hours": "Mo-Sa 07:30-21:00; Su,PH off",
        "payment:american_express": "yes",
        "payment:cash": "yes",
        "payment:girocard": "yes",
        "payment:maestro": "yes",
        "payment:mastercard": "yes",
        "payment:v_pay": "yes",
        "payment:visa": "yes",
        "shop": "supermarket",
        "supermarket": "discount",
        "surveillance": "indoor",
        "wheelchair": "yes"
      },
      "geometry": {
        "type": "Point",
        "coordinates": [
          8.4352873,
          49.0355801
        ]
      },
      "id": "node/25314005"
    },
    {
      "type": "Feature",
      "properties": {
        "@id": "node/25346146",
        "bench": "yes",
        "bin": "yes",
        "bus": "yes",
        "highway": "bus_stop",
        "lit": "no",
        "name": "Spöcker Straße",
        "network": "Karlsruher Verkehrsverbund",
        "network:guid": "DE-BW-KVV",
        "network:short": "KVV",
        "network:wikidata": "Q1733986",
        "operator": "Verkehrsbetriebe Karlsruhe GmbH",
        "public_transport": "platform",
        "shelter": "yes",
        "tactile_paving": "no"
      },
      "geometry": {
        "type": "Point",
        "coordinates": [
          8.3907525,
          49.0449891
        ]
      },
      "id": "node/25346146"
    },
    {
      "type": "Feature",
      "properties": {
        "@id": "node/25346147",
        "bench": "yes",
        "bin": "yes",
        "bus": "yes",
        "check_date:shelter": "2022-11-10",
        "highway": "bus_stop",
        "lit": "yes",
        "name": "Spöcker Straße",
        "network": "Karlsruher Verkehrsverbund",
        "network:guid": "DE-BW-KVV",
        "network:short": "KVV",
        "network:wikidata": "Q1733986",
        "operator": "Verkehrsbetriebe Karlsruhe GmbH",
        "public_transport": "platform",
        "shelter": "yes",
        "tactile_paving": "no"
      },
      "geometry": {
        "type": "Point",
        "coordinates": [
          8.390514,
          49.0450896
        ]
      },
      "id": "node/25346147"
    },
    {
      "type": "Feature",
      "properties": {
        "@id": "node/25346148",
        "bench": "yes",
        "bin": "yes",
        "bus": "yes",
        "check_date:shelter": "2021-12-23",
        "highway": "bus_stop",
        "lit": "yes",
        "name": "An der Trift",
        "network": "Karlsruher Verkehrsverbund",
        "network:guid": "DE-BW-KVV",
        "network:short": "KVV",
        "network:wikidata": "Q1733986",
        "operator": "Verkehrsbetriebe Karlsruhe GmbH",
        "public_transport": "platform",
        "shelter": "yes",
        "tactile_paving": "no"
      },
      "geometry": {
        "type": "Point",
        "coordinates": [
          8.3934595,
          49.0457768
        ]
      },
      "id": "node/25346148"
    },
    {
      "type": "Feature",
      "properties": {
        "@id": "node/25346149",
        "bench": "no",
        "bin": "yes",
        "bus": "yes",
        "highway": "bus_stop",
        "lit": "yes",
        "name": "An der Trift",
        "network": "Karlsruher Verkehrsverbund",
        "network:guid": "DE-BW-KVV",
        "network:short": "KVV",
        "network:wikidata": "Q1733986",
        "operator": "Verkehrsbetriebe Karlsruhe GmbH",
        "public_transport": "platform",
        "shelter": "no",
        "tactile_paving": "no"
      },
      "geometry": {
        "type": "Point",
        "coordinates": [
          8.3942768,
          49.0459173
        ]
      },
      "id": "node/25346149"
    },
    {
      "type": "Feature",
      "properties": {
        "@id": "node/25346151",
        "bench": "no",
        "bin": "yes",
        "bus": "yes",
        "highway": "bus_stop",
        "lit": "yes",
        "name": "Moldaustraße",
        "network": "Karlsruher Verkehrsverbund",
        "network:guid": "DE-BW-KVV",
        "network:short": "KVV",
        "network:wikidata": "Q1733986",
        "operator": "Verkehrsbetriebe Karlsruhe GmbH",
        "public_transport": "platform",
        "shelter": "no",
        "tactile_paving": "no"
      },
      "geometry": {
        "type": "Point",
        "coordinates": [
          8.3964045,
          49.0473651
        ]
      },
      "id": "node/25346151"
    },
    {
      "type": "Feature",
      "properties": {
        "@id": "node/25346152",
        "bench": "yes",
        "bin": "yes",
        "bus": "yes",
        "check_date:shelter": "2023-10-17",
        "highway": "bus_stop",
        "lit": "yes",
        "name": "Moldaustraße",
        "network": "Karlsruher Verkehrsverbund",
        "network:guid": "DE-BW-KVV",
        "network:short": "KVV",
        "network:wikidata": "Q1733986",
        "operator": "Verkehrsbetriebe Karlsruhe GmbH",
        "public_transport": "platform",
        "shelter": "yes",
        "tactile_paving": "no"
      },
      "geometry": {
        "type": "Point",
        "coordinates": [
          8.3960546,
          49.0472632
        ]
      },
      "id": "node/25346152"
    },
    {
      "type": "Feature",
      "properties": {
        "@id": "node/25346156",
        "addr:city": "Karlsruhe",
        "addr:housenumber": "2",
        "addr:postcode": "76149",
        "addr:street": "An der Vogelhardt",
        "branch": "Kirchfeld",
        "brand": "PENNY",
        "brand:wikidata": "Q284688",
        "name": "PENNY Kirchfeld",
        "opening_hours": "Mo-Sa 07:30-21:00; Su,PH off",
        "phone": "+49 180 3 331010",
        "shop": "supermarket",
        "supermarket": "discounter",
        "wheelchair": "yes"
      },
      "geometry": {
        "type": "Point",
        "coordinates": [
          8.3948349,
          49.0448069
        ]
      },
      "id": "node/25346156"
    },
    {
      "type": "Feature",
      "properties": {
        "@id": "node/25346169",
        "bench": "no",
        "bin": "yes",
        "bus": "yes",
        "covered": "no",
        "highway": "bus_stop",
        "lit": "yes",
        "name": "Forlenweg",
        "network": "Karlsruher Verkehrsverbund",
        "network:guid": "DE-BW-KVV",
        "network:short": "KVV",
        "network:wikidata": "Q1733986",
        "operator": "Verkehrsbetriebe Karlsruhe GmbH",
        "passenger_information_display": "no",
        "public_transport": "platform",
        "route_ref": "72;73",
        "shelter": "no",
        "tactile_paving": "yes",
        "wheelchair": "yes"
      },
      "geometry": {
        "type": "Point",
        "coordinates": [
          8.3956061,
          49.052782
        ]
      },
      "id": "node/25346169"
    },
    {
      "type": "Feature",
      "properties": {
        "@id": "node/25346170",
        "bench": "no",
        "bin": "yes",
        "bus": "yes",
        "covered": "no",
        "highway": "bus_stop",
        "lit": "no",
        "name": "Forlenweg",
        "network": "Karlsruher Verkehrsverbund",
        "network:guid": "DE-BW-KVV",
        "network:short": "KVV",
        "network:wikidata": "Q1733986",
        "operator": "Verkehrsbetriebe Karlsruhe GmbH",
        "passenger_information_display": "no",
        "public_transport": "platform",
        "route_ref": "72;73",
        "shelter": "no",
        "tactile_paving": "yes",
        "wheelchair": "yes"
      },
      "geometry": {
        "type": "Point",
        "coordinates": [
          8.3957229,
          49.0527822
        ]
      },
      "id": "node/25346170"
    },
    {
      "type": "Feature",
      "properties": {
        "@id": "node/25346175",
        "bench": "no",
        "bin": "yes",
        "bus": "yes",
        "highway": "bus_stop",
        "lit": "yes",
        "name": "Donauschwabenstraße",
        "network": "Karlsruher Verkehrsverbund",
        "network:guid": "DE-BW-KVV",
        "network:short": "KVV",
        "network:wikidata": "Q1733986",
        "operator": "Verkehrsbetriebe Karlsruhe GmbH",
        "public_transport": "platform",
        "shelter": "no",
        "tactile_paving": "no"
      },
      "geometry": {
        "type": "Point",
        "coordinates": [
          8.3960506,
          49.0514262
        ]
      },
      "id": "node/25346175"
    },
    {
      "type": "Feature",
      "properties": {
        "@id": "node/25346176",
        "bench": "yes",
        "bin": "yes",
        "bus": "yes",
        "check_date:shelter": "2023-10-17",
        "highway": "bus_stop",
        "lit": "yes",
        "name": "Donauschwabenstraße",
        "network": "Karlsruher Verkehrsverbund",
        "network:guid": "DE-BW-KVV",
        "network:short": "KVV",
        "network:wikidata": "Q1733986",
        "operator": "Verkehrsbetriebe Karlsruhe GmbH",
        "public_transport": "platform",
        "shelter": "yes",
        "tactile_paving": "no"
      },
      "geometry": {
        "type": "Point",
        "coordinates": [
          8.3959368,
          49.0512093
        ]
      },
      "id": "node/25346176"
    },
    {
      "type": "Feature",
      "properties": {
        "@id": "node/25346769",
        "bench": "no",
        "bin": "yes",
        "bus": "yes",
        "highway": "bus_stop",
        "lit": "yes",
        "name": "Alte Kreisstraße",
        "network": "Karlsruher Verkehrsverbund",
        "operator": "Verkehrsbetriebe Karlsruhe GmbH",
        "public_transport": "platform",
        "shelter": "no",
        "tactile_paving": "no"
      },
      "geometry": {
        "type": "Point",
        "coordinates": [
          8.3928477,
          49.0404147
        ]
      },
      "id": "node/25346769"
    },
    {
      "type": "Feature",
      "properties": {
        "@id": "node/25346770",
        "bench": "no",
        "bin": "yes",
        "bus": "yes",
        "highway": "bus_stop",
        "lit": "yes",
        "name": "Alte Kreisstraße",
        "network": "Karlsruher Verkehrsverbund",
        "operator": "Verkehrsbetriebe Karlsruhe GmbH",
        "public_transport": "platform",
        "shelter": "no",
        "tactile_paving": "no"
      },
      "geometry": {
        "type": "Point",
        "coordinates": [
          8.3929065,
          49.0404735
        ]
      },
      "id": "node/25346770"
    },
    {
      "type": "Feature",
      "properties": {
        "@id": "node/25346771",
        "bench": "no",
        "bin": "yes",
        "bus": "yes",
        "highway": "bus_stop",
        "lit": "yes",
        "name": "Am Hubengut",
        "network": "Karlsruher Verkehrsverbund",
        "operator": "Verkehrsbetriebe Karlsruhe GmbH",
        "public_transport": "platform",
        "shelter": "no",
        "tactile_paving": "no"
      },
      "geometry": {
        "type": "Point",
        "coordinates": [
          8.3904892,
          49.0421728
        ]
      },
      "id": "node/25346771"
    },
    {
      "type": "Feature",
      "properties": {
        "@id": "node/25346772",
        "bench": "no",
        "bin": "yes",
        "bus": "yes",
        "highway": "bus_stop",
        "lit": "yes",
        "name": "Am Hubengut",
        "network": "Karlsruher Verkehrsverbund",
        "operator": "Verkehrsbetriebe Karlsruhe GmbH",
        "public_transport": "platform",
        "shelter": "no",
        "tactile_paving": "no"
      },
      "geometry": {
        "type": "Point",
        "coordinates": [
          8.3906648,
          49.0422808
        ]
      },
      "id": "node/25346772"
    },
    {
      "type": "Feature",
      "properties": {
        "@id": "node/25379635",
        "addr:city": "Karlsruhe",
        "addr:country": "DE",
        "addr:housenumber": "5",
        "addr:postcode": "76139",
        "addr:street": "Königsberger Straße",
        "addr:suburb": "Waldstadt",
        "amenity": "fuel",
        "brand": "Avia",
        "check_date": "2023-08-13",
        "compressed_air": "no",
        "contact:website": "https://www.kfz-meisterbetrieb-rohwedder.de/tankstelle-karlsruhe.php",
        "fuel:diesel": "yes",
        "fuel:e10": "yes",
        "fuel:octane_95": "yes",
        "fuel:octane_98": "yes",
        "maxheight": "3.9",
        "name": "Avia",
        "opening_hours": "Mo-Fr 08:00-18:30; Sa 08:00-13:00; Su,PH off",
        "operator": "KFZ-Meisterbetrieb Rolf Rohwedder",
        "payment:avia_ringcard": "yes",
        "payment:cash": "yes",
        "payment:credit_cards": "yes",
        "payment:dkv": "yes",
        "payment:euroshell": "yes",
        "website": "https://www.avia.de/"
      },
      "geometry": {
        "type": "Point",
        "coordinates": [
          8.4322549,
          49.033404
        ]
      },
      "id": "node/25379635"
    },
    {
      "type": "Feature",
      "properties": {
        "@id": "node/25419116",
        "bench": "yes",
        "bin": "no",
        "bus": "yes",
        "highway": "bus_stop",
        "lit": "yes",
        "name": "Breslauer Straße",
        "network": "Karlsruher Verkehrsverbund",
        "network:guid": "DE-BW-KVV",
        "network:short": "KVV",
        "network:wikidata": "Q1733986",
        "operator": "Verkehrsbetriebe Karlsruhe GmbH",
        "public_transport": "platform",
        "shelter": "no",
        "tactile_paving": "no"
      },
      "geometry": {
        "type": "Point",
        "coordinates": [
          8.4300488,
          49.0286005
        ]
      },
      "id": "node/25419116"
    },
    {
      "type": "Feature",
      "properties": {
        "@id": "node/25419601",
        "bench": "yes",
        "bin": "yes",
        "bus": "yes",
        "highway": "bus_stop",
        "name": "Fächerbad",
        "network": "Karlsruher Verkehrsverbund",
        "network:guid": "DE-BW-KVV",
        "network:short": "KVV",
        "network:wikidata": "Q1733986",
        "network:wikipedia": "de:Karlsruher Verkehrsverbund",
        "operator": "Verkehrsbetriebe Karlsruhe GmbH",
        "public_transport": "platform",
        "ref_name": "Hagsfeld Fächerbad",
        "shelter": "yes",
        "tactile_paving": "yes",
        "wheelchair": "yes"
      },
      "geometry": {
        "type": "Point",
        "coordinates": [
          8.4478251,
          49.0258205
        ]
      },
      "id": "node/25419601"
    },
    {
      "type": "Feature",
      "properties": {
        "@id": "node/25507110",
        "bench": "yes",
        "bin": "yes",
        "bus": "yes",
        "highway": "bus_stop",
        "lit": "yes",
        "name": "Gerberastraße",
        "network": "Karlsruher Verkehrsverbund",
        "network:guid": "DE-BW-KVV",
        "network:short": "KVV",
        "network:wikidata": "Q1733986",
        "operator": "Verkehrsbetriebe Karlsruhe GmbH",
        "public_transport": "platform",
        "shelter": "yes",
        "tactile_paving": "yes",
        "uic_ref": "722533"
      },
      "geometry": {
        "type": "Point",
        "coordinates": [
          8.5073782,
          48.9564677
        ]
      },
      "id": "node/25507110"
    },
    {
      "type": "Feature",
      "properties": {
        "@id": "node/25507111",
        "bench": "yes",
        "bin": "yes",
        "bus": "yes",
        "highway": "bus_stop",
        "lit": "yes",
        "name": "Gerberastraße",
        "network": "Karlsruher Verkehrsverbund",
        "network:guid": "DE-BW-KVV",
        "network:short": "KVV",
        "network:wikidata": "Q1733986",
        "operator": "Verkehrsbetriebe Karlsruhe GmbH",
        "public_transport": "platform",
        "shelter": "no",
        "tactile_paving": "yes",
        "uic_ref": "722533"
      },
      "geometry": {
        "type": "Point",
        "coordinates": [
          8.5073327,
          48.9563131
        ]
      },
      "id": "node/25507111"
    },
    {
      "type": "Feature",
      "properties": {
        "@id": "node/25508838",
        "bench": "yes",
        "bin": "yes",
        "highway": "bus_stop",
        "lit": "yes",
        "name": "Stupferich Kirche",
        "network": "Karlsruher Verkehrsverbund",
        "operator": "Verkehrsbetriebe Karlsruhe GmbH",
        "public_transport": "platform",
        "ref_name": "Stupferich, Kirche",
        "shelter": "yes",
        "tactile_paving": "yes",
        "uic_ref": "722535"
      },
      "geometry": {
        "type": "Point",
        "coordinates": [
          8.5091071,
          48.9512351
        ]
      },
      "id": "node/25508838"
    },
    {
      "type": "Feature",
      "properties": {
        "@id": "node/25508851",
        "bench": "yes",
        "bin": "yes",
        "bus": "yes",
        "highway": "bus_stop",
        "lit": "yes",
        "name": "Pfefferäcker",
        "network": "Karlsruher Verkehrsverbund",
        "network:guid": "DE-BW-KVV",
        "network:short": "KVV",
        "network:wikidata": "Q1733986",
        "operator": "Verkehrsbetriebe Karlsruhe GmbH",
        "public_transport": "platform",
        "ref_name": "Stupferich, Pfefferäcker",
        "shelter": "yes",
        "tactile_paving": "yes",
        "uic_ref": "722536"
      },
      "geometry": {
        "type": "Point",
        "coordinates": [
          8.5039375,
          48.9524534
        ]
      },
      "id": "node/25508851"
    },
    {
      "type": "Feature",
      "properties": {
        "@id": "node/25509853",
        "bus": "yes",
        "highway": "bus_stop",
        "name": "Grünwettersbach Rathaus",
        "network": "Karlsruher Verkehrsverbund",
        "network:guid": "DE-BW-KVV",
        "network:short": "KVV",
        "network:wikidata": "Q1733986",
        "operator": "Verkehrsbetriebe Karlsruhe GmbH",
        "public_transport": "platform"
      },
      "geometry": {
        "type": "Point",
        "coordinates": [
          8.4667577,
          48.9584715
        ]
      },
      "id": "node/25509853"
    },
    {
      "type": "Feature",
      "properties": {
        "@id": "node/25624675",
        "addr:city": "Karlsruhe",
        "addr:country": "DE",
        "addr:housenumber": "34",
        "addr:postcode": "76189",
        "addr:street": "Eichelbergstraße",
        "amenity": "fuel",
        "brand": "Independent",
        "compressed_air": "yes",
        "fuel:diesel": "yes",
        "fuel:e10": "yes",
        "fuel:lpg": "yes",
        "fuel:octane_95": "yes",
        "fuel:octane_98": "yes",
        "name": "Tankstelle am Hit-Markt",
        "opening_hours": "24/7",
        "wheelchair": "yes"
      },
      "geometry": {
        "type": "Point",
        "coordinates": [
          8.3495813,
          48.9981832
        ]
      },
      "id": "node/25624675"
    },
    {
      "type": "Feature",
      "properties": {
        "@id": "node/25642380",
        "bench": "yes",
        "bin": "yes",
        "bus": "yes",
        "highway": "bus_stop",
        "lit": "yes",
        "name": "St. Josefs-Kirche",
        "network": "Karlsruher Verkehrsverbund",
        "network:guid": "DE-BW-KVV",
        "network:short": "KVV",
        "network:wikidata": "Q1733986",
        "operator": "Verkehrsbetriebe Karlsruhe GmbH",
        "public_transport": "platform",
        "shelter": "yes",
        "tactile_paving": "yes",
        "wheelchair": "yes",
        "wikidata": "Q131861790"
      },
      "geometry": {
        "type": "Point",
        "coordinates": [
          8.3500404,
          48.9983953
        ]
      },
      "id": "node/25642380"
    },
    {
      "type": "Feature",
      "properties": {
        "@id": "node/25642383",
        "backrest": "no",
        "bench": "yes",
        "bin": "no",
        "bus": "yes",
        "highway": "bus_stop",
        "lit": "yes",
        "name": "Oberreut Realschule",
        "network": "Karlsruher Verkehrsverbund",
        "network:guid": "DE-BW-KVV",
        "network:short": "KVV",
        "network:wikidata": "Q1733986",
        "public_transport": "platform",
        "shelter": "yes",
        "tactile_paving": "no"
      },
      "geometry": {
        "type": "Point",
        "coordinates": [
          8.361208,
          48.9930507
        ]
      },
      "id": "node/25642383"
    },
    {
      "type": "Feature",
      "properties": {
        "@id": "node/25642450",
        "bench": "yes",
        "bin": "yes",
        "bus": "yes",
        "highway": "bus_stop",
        "lit": "yes",
        "name": "Eichelbergstraße",
        "network": "Karlsruher Verkehrsverbund",
        "network:guid": "DE-BW-KVV",
        "network:short": "KVV",
        "network:wikidata": "Q1733986",
        "operator": "Verkehrsbetriebe Karlsruhe GmbH",
        "public_transport": "platform",
        "shelter": "yes",
        "tactile_paving": "no",
        "wikidata": "Q131861788"
      },
      "geometry": {
        "type": "Point",
        "coordinates": [
          8.3450283,
          48.9934862
        ]
      },
      "id": "node/25642450"
    },
    {
      "type": "Feature",
      "properties": {
        "@id": "node/25642473",
        "bench": "no",
        "bin": "no",
        "highway": "bus_stop",
        "lit": "yes",
        "name": "Schulbus",
        "shelter": "yes",
        "tactile_paving": "no",
        "wheelchair": "no"
      },
      "geometry": {
        "type": "Point",
        "coordinates": [
          8.355218,
          48.9966791
        ]
      },
      "id": "node/25642473"
    },
    {
      "type": "Feature",
      "properties": {
        "@id": "node/25642618",
        "bench": "no",
        "bin": "no",
        "bus": "yes",
        "highway": "bus_stop",
        "lit": "yes",
        "name": "Bulach Friedhof",
        "network": "Karlsruher Verkehrsverbund",
        "operator": "Verkehrsbetriebe Karlsruhe GmbH",
        "public_transport": "platform",
        "shelter": "no",
        "tactile_paving": "no"
      },
      "geometry": {
        "type": "Point",
        "coordinates": [
          8.3748412,
          48.9836138
        ]
      },
      "id": "node/25642618"
    },
    {
      "type": "Feature",
      "properties": {
        "@id": "node/25642625",
        "bench": "no",
        "bin": "no",
        "bus": "yes",
        "highway": "bus_stop",
        "lit": "yes",
        "name": "Bulach Friedhof",
        "network": "Karlsruher Verkehrsverbund",
        "network:guid": "DE-BW-KVV",
        "network:short": "KVV",
        "network:wikidata": "Q1733986",
        "operator": "Verkehrsbetriebe Karlsruhe GmbH",
        "public_transport": "platform",
        "shelter": "no",
        "tactile_paving": "no"
      },
      "geometry": {
        "type": "Point",
        "coordinates": [
          8.374199,
          48.9830461
        ]
      },
      "id": "node/25642625"
    },
    {
      "type": "Feature",
      "properties": {
        "@id": "node/25642689",
        "bench": "yes",
        "bin": "yes",
        "bus": "yes",
        "departures_board": "timetable",
        "highway": "bus_stop",
        "lit": "yes",
        "name": "TÜV",
        "network": "Karlsruher Verkehrsverbund",
        "network:guid": "DE-BW-KVV",
        "network:short": "KVV",
        "network:wikidata": "Q1733986",
        "operator": "Verkehrsbetriebe Karlsruhe GmbH",
        "public_transport": "platform",
        "shelter": "yes",
        "tactile_paving": "yes",
        "wheelchair": "yes",
        "wikidata": "Q131861789"
      },
      "geometry": {
        "type": "Point",
        "coordinates": [
          8.3481725,
          48.9963375
        ]
      },
      "id": "node/25642689"
    },
    {
      "type": "Feature",
      "properties": {
        "@id": "node/25642692",
        "bench": "yes",
        "bin": "yes",
        "bus": "yes",
        "highway": "bus_stop",
        "lit": "yes",
        "name": "Eichelbergstraße",
        "network": "Karlsruher Verkehrsverbund",
        "network:guid": "DE-BW-KVV",
        "network:short": "KVV",
        "network:wikidata": "Q1733986",
        "operator": "Verkehrsbetriebe Karlsruhe GmbH",
        "public_transport": "platform",
        "shelter": "no",
        "tactile_paving": "no",
        "wikidata": "Q131861788"
      },
      "geometry": {
        "type": "Point",
        "coordinates": [
          8.3451598,
          48.9935154
        ]
      },
      "id": "node/25642692"
    },
    {
      "type": "Feature",
      "properties": {
        "@id": "node/25642721",
        "bench": "yes",
        "bin": "yes",
        "bus": "yes",
        "departures_board": "timetable",
        "highway": "bus_stop",
        "lit": "yes",
        "name": "Bernsteinstraße",
        "network": "Karlsruher Verkehrsverbund",
        "network:guid": "DE-BW-KVV",
        "network:short": "KVV",
        "network:wikidata": "Q1733986",
        "operator": "Verkehrsbetriebe Karlsruhe GmbH",
        "public_transport": "platform",
        "shelter": "yes",
        "tactile_paving": "yes",
        "wikidata": "Q131861787"
      },
      "geometry": {
        "type": "Point",
        "coordinates": [
          8.3482182,
          48.9920303
        ]
      },
      "id": "node/25642721"
    },
    {
      "type": "Feature",
      "properties": {
        "@id": "node/25642737",
        "bench": "yes",
        "bin": "yes",
        "bus": "yes",
        "highway": "bus_stop",
        "lit": "yes",
        "name": "Edelbergstraße",
        "network": "Karlsruher Verkehrsverbund",
        "network:guid": "DE-BW-KVV",
        "network:short": "KVV",
        "network:wikidata": "Q1733986",
        "operator": "Verkehrsbetriebe Karlsruhe GmbH",
        "public_transport": "platform",
        "shelter": "yes",
        "tactile_paving": "yes",
        "wheelchair": "yes",
        "wikidata": "Q131861785"
      },
      "geometry": {
        "type": "Point",
        "coordinates": [
          8.3541338,
          48.9968661
        ]
      },
      "id": "node/25642737"
    },
    {
      "type": "Feature",
      "properties": {
        "@id": "node/25642793",
        "bench": "yes",
        "bin": "yes",
        "bus": "yes",
        "highway": "bus_stop",
        "lit": "yes",
        "name": "Edelbergstraße",
        "network": "Karlsruher Verkehrsverbund",
        "network:guid": "DE-BW-KVV",
        "network:short": "KVV",
        "network:wikidata": "Q1733986",
        "operator": "Verkehrsbetriebe Karlsruhe GmbH",
        "public_transport": "platform",
        "shelter": "yes",
        "tactile_paving": "yes",
        "wheelchair": "yes",
        "wikidata": "Q131861785"
      },
      "geometry": {
        "type": "Point",
        "coordinates": [
          8.353972,
          48.9968632
        ]
      },
      "id": "node/25642793"
    },
    {
      "type": "Feature",
      "properties": {
        "@id": "node/25642822",
        "bench": "yes",
        "bin": "yes",
        "bus": "yes",
        "highway": "bus_stop",
        "lit": "yes",
        "name": "TÜV",
        "network": "Karlsruher Verkehrsverbund",
        "network:guid": "DE-BW-KVV",
        "network:short": "KVV",
        "network:wikidata": "Q1733986",
        "operator": "Verkehrsbetriebe Karlsruhe GmbH",
        "public_transport": "platform",
        "shelter": "yes",
        "tactile_paving": "yes",
        "wheelchair": "yes",
        "wikidata": "Q131861789"
      },
      "geometry": {
        "type": "Point",
        "coordinates": [
          8.3484938,
          48.9967109
        ]
      },
      "id": "node/25642822"
    },
    {
      "type": "Feature",
      "properties": {
        "@id": "node/25675382",
        "bench": "no",
        "bin": "yes",
        "bus": "yes",
        "highway": "bus_stop",
        "lit": "no",
        "name": "Eva-Maria-Buch-Straße",
        "network": "Karlsruher Verkehrsverbund",
        "network:guid": "DE-BW-KVV",
        "network:short": "KVV",
        "network:wikidata": "Q1733986",
        "network:wikipedia": "de:Karlsruher Verkehrsverbund",
        "operator": "Verkehrsbetriebe Karlsruhe GmbH",
        "public_transport": "platform",
        "shelter": "no",
        "tactile_paving": "no"
      },
      "geometry": {
        "type": "Point",
        "coordinates": [
          8.3680092,
          48.9857451
        ]
      },
      "id": "node/25675382"
    },
    {
      "type": "Feature",
      "properties": {
        "@id": "node/25675384",
        "bench": "no",
        "bin": "yes",
        "bus": "yes",
        "highway": "bus_stop",
        "lit": "yes",
        "name": "Bernhard-Lichtenberg-Straße",
        "network": "Karlsruher Verkehrsverbund",
        "network:guid": "DE-BW-KVV",
        "network:short": "KVV",
        "network:wikidata": "Q1733986",
        "operator": "Verkehrsbetriebe Karlsruhe GmbH",
        "public_transport": "platform",
        "shelter": "no",
        "tactile_paving": "no"
      },
      "geometry": {
        "type": "Point",
        "coordinates": [
          8.3643039,
          48.9872528
        ]
      },
      "id": "node/25675384"
    },
    {
      "type": "Feature",
      "properties": {
        "@id": "node/25675422",
        "bench": "no",
        "bin": "no",
        "bus": "yes",
        "highway": "bus_stop",
        "lit": "yes",
        "name": "Agathenstraße",
        "network": "Karlsruher Verkehrsverbund",
        "network:guid": "DE-BW-KVV",
        "network:short": "KVV",
        "network:wikidata": "Q1733986",
        "public_transport": "platform",
        "shelter": "no",
        "tactile_paving": "no"
      },
      "geometry": {
        "type": "Point",
        "coordinates": [
          8.3343421,
          48.9997094
        ]
      },
      "id": "node/25675422"
    },
    {
      "type": "Feature",
      "properties": {
        "@id": "node/25675451",
        "bench": "yes",
        "highway": "bus_stop",
        "name": "Nussbaumweg",
        "shelter": "yes",
        "tactile_paving": "no"
      },
      "geometry": {
        "type": "Point",
        "coordinates": [
          8.3330854,
          48.9890411
        ]
      },
      "id": "node/25675451"
    },
    {
      "type": "Feature",
      "properties": {
        "@id": "node/25675458",
        "bench": "yes",
        "bin": "yes",
        "bus": "yes",
        "highway": "bus_stop",
        "lit": "yes",
        "name": "Staufenbergweg",
        "network": "Karlsruher Verkehrsverbund",
        "network:guid": "DE-BW-KVV",
        "network:short": "KVV",
        "network:wikidata": "Q1733986",
        "operator": "Verkehrsbetriebe Karlsruhe GmbH",
        "public_transport": "platform",
        "shelter": "yes",
        "tactile_paving": "no"
      },
      "geometry": {
        "type": "Point",
        "coordinates": [
          8.3469136,
          48.9909996
        ]
      },
      "id": "node/25675458"
    },
    {
      "type": "Feature",
      "properties": {
        "@id": "node/25932263",
        "addr:city": "Karlsruhe",
        "addr:country": "DE",
        "addr:housenumber": "102",
        "addr:postcode": "76137",
        "addr:street": "Durlacher Allee",
        "addr:suburb": "Oststadt",
        "amenity": "fuel",
        "branch": "Durlacher Allee",
        "brand": "TotalEnergies",
        "brand:wikidata": "Q154037",
        "brand:wikipedia": "de:TotalEnergies",
        "compressed_air": "yes",
        "fuel:GTL_diesel": "yes",
        "fuel:HGV_diesel": "yes",
        "fuel:diesel": "yes",
        "fuel:e10": "yes",
        "fuel:electricity": "no",
        "fuel:lpg": "yes",
        "fuel:octane_95": "yes",
        "fuel:octane_98": "yes",
        "fuel:others": "no",
        "name": "TotalEnergies Durlacher Allee",
        "old_name": "Esso",
        "opening_hours": "Mo-Sa 05:00-23:00; Su,PH 07:00-23:00",
        "payment:euroshell": "yes",
        "payment:others": "yes",
        "phone": "+49 721 20440908",
        "ref": "ND040857",
        "start_date": "~2018-12",
        "website": "https://store.totalenergies.de/de_DE/ND040857",
        "wheelchair": "yes"
      },
      "geometry": {
        "type": "Point",
        "coordinates": [
          8.4388317,
          49.0046139
        ]
      },
      "id": "node/25932263"
    },
    {
      "type": "Feature",
      "properties": {
        "@id": "node/25946389",
        "addr:city": "Karlsruhe",
        "addr:country": "DE",
        "addr:housenumber": "3",
        "addr:postcode": "76131",
        "addr:street": "Willy-Brandt-Allee",
        "amenity": "fuel",
        "brand": "bft",
        "brand:wikidata": "Q1009104",
        "compressed_air": "yes",
        "fuel:cng": "yes",
        "fuel:diesel": "yes",
        "fuel:e10": "yes",
        "fuel:lpg": "yes",
        "fuel:octane_95": "yes",
        "fuel:octane_98": "yes",
        "name": "EFA/bft",
        "opening_hours": "PH,Mo-Su 04:25-21:30",
        "operator": "EFA Tankstellenbetriebe GmbH",
        "phone": "+49 721 9201618",
        "website": "http://www.efa-gmbh.de",
        "wheelchair": "yes"
      },
      "geometry": {
        "type": "Point",
        "coordinates": [
          8.3976752,
          49.0156122
        ]
      },
      "id": "node/25946389"
    },
    {
      "type": "Feature",
      "properties": {
        "@id": "node/26002630",
        "bench": "yes",
        "bin": "yes",
        "bus": "yes",
        "highway": "bus_stop",
        "lit": "yes",
        "name": "Hornisgrindestraße",
        "network": "Karlsruher Verkehrsverbund",
        "network:guid": "DE-BW-KVV",
        "network:short": "KVV",
        "network:wikidata": "Q1733986",
        "operator": "Verkehrsbetriebe Karlsruhe GmbH",
        "public_transport": "platform",
        "shelter": "yes",
        "tactile_paving": "yes",
        "wikidata": "Q131861784"
      },
      "geometry": {
        "type": "Point",
        "coordinates": [
          8.35971,
          48.9960845
        ]
      },
      "id": "node/26002630"
    },
    {
      "type": "Feature",
      "properties": {
        "@id": "node/26002631",
        "addr:city": "Karlsruhe",
        "addr:country": "DE",
        "addr:housenumber": "16",
        "addr:postcode": "76185",
        "addr:street": "Hardeckstraße",
        "amenity": "fuel",
        "brand": "Independent",
        "compressed_air": "yes",
        "contact:website": "https://www.eberhardt-bruchsal.de/tanken/tankstelle/karlsruhe/",
        "fuel:diesel": "yes",
        "fuel:e10": "yes",
        "fuel:lpg": "yes",
        "fuel:octane_95": "yes",
        "fuel:octane_98": "yes",
        "name": "Eberhardt",
        "opening_hours": "Mo-Fr 06:00-22:00; Sa,Su 07:00-22:00",
        "operator": "Ernst Eberhardt GmbH",
        "payment:account_cards": "yes",
        "payment:american_express": "yes",
        "payment:cash": "yes",
        "payment:girocard": "yes",
        "payment:mastercard": "yes",
        "payment:visa": "yes"
      },
      "geometry": {
        "type": "Point",
        "coordinates": [
          8.3600134,
          48.9965458
        ]
      },
      "id": "node/26002631"
    },
    {
      "type": "Feature",
      "properties": {
        "@id": "node/26004192",
        "bench": "yes",
        "bin": "yes",
        "bus": "yes",
        "check_date:shelter": "2021-04-27",
        "highway": "bus_stop",
        "lit": "yes",
        "name": "Andreas-Hofer-Straße",
        "network": "Karlsruher Verkehrsverbund",
        "network:guid": "DE-BW-KVV",
        "network:short": "KVV",
        "network:wikidata": "Q1733986",
        "operator": "Verkehrsbetriebe Karlsruhe GmbH",
        "public_transport": "platform",
        "shelter": "yes",
        "tactile_paving": "no"
      },
      "geometry": {
        "type": "Point",
        "coordinates": [
          8.3606617,
          49.0029629
        ]
      },
      "id": "node/26004192"
    },
    {
      "type": "Feature",
      "properties": {
        "@id": "node/26004195",
        "bench": "yes",
        "bin": "yes",
        "bus": "yes",
        "check_date:shelter": "2021-04-27",
        "highway": "bus_stop",
        "lit": "yes",
        "name": "Andreas-Hofer-Straße",
        "network": "Karlsruher Verkehrsverbund",
        "network:guid": "DE-BW-KVV",
        "network:short": "KVV",
        "network:wikidata": "Q1733986",
        "operator": "Verkehrsbetriebe Karlsruhe GmbH",
        "public_transport": "platform",
        "shelter": "yes",
        "tactile_paving": "no"
      },
      "geometry": {
        "type": "Point",
        "coordinates": [
          8.3607782,
          49.002888
        ]
      },
      "id": "node/26004195"
    },
    {
      "type": "Feature",
      "properties": {
        "@id": "node/26004220",
        "bench": "yes",
        "bin": "yes",
        "bus": "yes",
        "check_date:shelter": "2024-10-10",
        "highway": "bus_stop",
        "lit": "yes",
        "name": "Sinner (Durmersheimer Straße)",
        "network": "Karlsruher Verkehrsverbund",
        "network:guid": "DE-BW-KVV",
        "network:short": "KVV",
        "network:wikidata": "Q1733986",
        "operator": "Verkehrsbetriebe Karlsruhe GmbH",
        "public_transport": "platform",
        "shelter": "yes",
        "tactile_paving": "yes",
        "wikidata": "Q131861792"
      },
      "geometry": {
        "type": "Point",
        "coordinates": [
          8.3542691,
          49.0022018
        ]
      },
      "id": "node/26004220"
    },
    {
      "type": "Feature",
      "properties": {
        "@id": "node/26004221",
        "bench": "yes",
        "bin": "yes",
        "bus": "yes",
        "highway": "bus_stop",
        "lit": "yes",
        "name": "Sinner (Zeppelinstr.)",
        "network": "Karlsruher Verkehrsverbund",
        "network:guid": "DE-BW-KVV",
        "network:short": "KVV",
        "network:wikidata": "Q1733986",
        "operator": "Verkehrsbetriebe Karlsruhe GmbH",
        "public_transport": "platform",
        "shelter": "yes",
        "tactile_paving": "no",
        "wheelchair": "limited",
        "wikidata": "Q131861792"
      },
      "geometry": {
        "type": "Point",
        "coordinates": [
          8.3562632,
          49.0031115
        ]
      },
      "id": "node/26004221"
    },
    {
      "type": "Feature",
      "properties": {
        "@id": "node/26004223",
        "bench": "no",
        "bin": "yes",
        "bus": "yes",
        "highway": "bus_stop",
        "lit": "no",
        "name": "Sinner (Zeppelinstr.)",
        "network": "Karlsruher Verkehrsverbund",
        "network:guid": "DE-BW-KVV",
        "network:short": "KVV",
        "network:wikidata": "Q1733986",
        "operator": "Verkehrsbetriebe Karlsruhe GmbH",
        "public_transport": "platform",
        "shelter": "no",
        "tactile_paving": "yes",
        "wheelchair": "limited",
        "wikidata": "Q131861792"
      },
      "geometry": {
        "type": "Point",
        "coordinates": [
          8.3562404,
          49.0030128
        ]
      },
      "id": "node/26004223"
    },
    {
      "type": "Feature",
      "properties": {
        "@id": "node/26005518",
        "brand": "PENNY",
        "brand:wikidata": "Q284688",
        "check_date:opening_hours": "2021-05-19",
        "name": "PENNY",
        "opening_hours": "Mo-Sa 07:30-21:00; PH off",
        "shop": "supermarket",
        "wheelchair": "yes"
      },
      "geometry": {
        "type": "Point",
        "coordinates": [
          8.3387393,
          48.9999112
        ]
      },
      "id": "node/26005518"
    },
    {
      "type": "Feature",
      "properties": {
        "@id": "node/26084720",
        "bench": "no",
        "bin": "yes",
        "bus": "yes",
        "highway": "bus_stop",
        "lit": "yes",
        "name": "Welschneureuter Straße",
        "network": "Karlsruher Verkehrsverbund",
        "network:guid": "DE-BW-KVV",
        "network:short": "KVV",
        "network:wikidata": "Q1733986",
        "operator": "Verkehrsbetriebe Karlsruhe GmbH",
        "public_transport": "platform",
        "shelter": "no",
        "tactile_paving": "yes"
      },
      "geometry": {
        "type": "Point",
        "coordinates": [
          8.3734431,
          49.0446386
        ]
      },
      "id": "node/26084720"
    },
    {
      "type": "Feature",
      "properties": {
        "@id": "node/26084721",
        "bench": "no",
        "bin": "yes",
        "bus": "yes",
        "highway": "bus_stop",
        "lit": "yes",
        "name": "Welschneureuter Straße",
        "network": "Karlsruher Verkehrsverbund",
        "network:guid": "DE-BW-KVV",
        "network:short": "KVV",
        "network:wikidata": "Q1733986",
        "operator": "Verkehrsbetriebe Karlsruhe GmbH",
        "public_transport": "platform",
        "shelter": "no",
        "tactile_paving": "yes"
      },
      "geometry": {
        "type": "Point",
        "coordinates": [
          8.3733436,
          49.044583
        ]
      },
      "id": "node/26084721"
    },
    {
      "type": "Feature",
      "properties": {
        "@id": "node/26084981",
        "bench": "no",
        "bin": "yes",
        "bus": "yes",
        "highway": "bus_stop",
        "lit": "yes",
        "name": "Neureut Friedhof",
        "network": "Karlsruher Verkehrsverbund",
        "network:guid": "DE-BW-KVV",
        "network:short": "KVV",
        "network:wikidata": "Q1733986",
        "operator": "Verkehrsbetriebe Karlsruhe GmbH",
        "public_transport": "platform",
        "shelter": "no",
        "tactile_paving": "no"
      },
      "geometry": {
        "type": "Point",
        "coordinates": [
          8.3850347,
          49.0579277
        ]
      },
      "id": "node/26084981"
    },
    {
      "type": "Feature",
      "properties": {
        "@id": "node/26084982",
        "bench": "no",
        "bin": "no",
        "bus": "yes",
        "highway": "bus_stop",
        "kerb": "raised",
        "kerb:approach_aid": "no",
        "name": "Neureut Friedhof",
        "network": "Karlsruher Verkehrsverbund",
        "network:guid": "DE-BW-KVV",
        "network:short": "KVV",
        "network:wikidata": "Q1733986",
        "operator": "Verkehrsbetriebe Karlsruhe GmbH",
        "passenger_information_display": "no",
        "public_transport": "platform",
        "shelter": "no",
        "tactile_paving": "yes"
      },
      "geometry": {
        "type": "Point",
        "coordinates": [
          8.3846169,
          49.0572982
        ]
      },
      "id": "node/26084982"
    },
    {
      "type": "Feature",
      "properties": {
        "@id": "node/26085208",
        "addr:city": "Karlsruhe",
        "addr:country": "DE",
        "addr:postcode": "76149",
        "addr:street": "Grabener Straße",
        "amenity": "fuel",
        "compressed_air": "yes",
        "name": "Neureuter Tankstelle",
        "wheelchair": "limited"
      },
      "geometry": {
        "type": "Point",
        "coordinates": [
          8.3833338,
          49.0565367
        ]
      },
      "id": "node/26085208"
    },
    {
      "type": "Feature",
      "properties": {
        "@id": "node/26086170",
        "bench": "no",
        "bin": "yes",
        "bus": "yes",
        "highway": "bus_stop",
        "lit": "yes",
        "name": "Bachenweg",
        "network": "Karlsruher Verkehrsverbund",
        "network:guid": "DE-BW-KVV",
        "network:short": "KVV",
        "network:wikidata": "Q1733986",
        "operator": "Verkehrsbetriebe Karlsruhe GmbH",
        "public_transport": "platform",
        "shelter": "no",
        "tactile_paving": "no"
      },
      "geometry": {
        "type": "Point",
        "coordinates": [
          8.3751522,
          49.0502335
        ]
      },
      "id": "node/26086170"
    },
    {
      "type": "Feature",
      "properties": {
        "@id": "node/26086190",
        "bench": "yes",
        "bin": "yes",
        "bus": "yes",
        "highway": "bus_stop",
        "lit": "yes",
        "name": "Schweigener Straße",
        "network": "Karlsruher Verkehrsverbund",
        "operator": "Verkehrsbetriebe Karlsruhe GmbH",
        "public_transport": "platform",
        "shelter": "yes",
        "tactile_paving": "yes"
      },
      "geometry": {
        "type": "Point",
        "coordinates": [
          8.3695761,
          49.0385115
        ]
      },
      "id": "node/26086190"
    },
    {
      "type": "Feature",
      "properties": {
        "@id": "node/26086191",
        "bench": "yes",
        "bin": "yes",
        "bus": "yes",
        "highway": "bus_stop",
        "lit": "yes",
        "name": "Schweigener Straße",
        "network": "Karlsruher Verkehrsverbund",
        "network:guid": "DE-BW-KVV",
        "network:short": "KVV",
        "network:wikidata": "Q1733986",
        "operator": "Verkehrsbetriebe Karlsruhe GmbH",
        "public_transport": "platform",
        "shelter": "no",
        "tactile_paving": "yes"
      },
      "geometry": {
        "type": "Point",
        "coordinates": [
          8.3696836,
          49.0384403
        ]
      },
      "id": "node/26086191"
    },
    {
      "type": "Feature",
      "properties": {
        "@id": "node/26086193",
        "bench": "yes",
        "bin": "yes",
        "bus": "yes",
        "highway": "bus_stop",
        "lit": "yes",
        "name": "Weißenburger Straße",
        "network": "Karlsruher Verkehrsverbund",
        "operator": "Verkehrsbetriebe Karlsruhe GmbH",
        "public_transport": "platform",
        "shelter": "yes",
        "tactile_paving": "yes",
        "wheelchair": "yes"
      },
      "geometry": {
        "type": "Point",
        "coordinates": [
          8.3666959,
          49.0368502
        ]
      },
      "id": "node/26086193"
    },
    {
      "type": "Feature",
      "properties": {
        "@id": "node/26086194",
        "bench": "no",
        "bin": "no",
        "bus": "yes",
        "highway": "bus_stop",
        "lit": "yes",
        "name": "Weißenburger Straße",
        "network": "Karlsruher Verkehrsverbund",
        "operator": "Verkehrsbetriebe Karlsruhe GmbH",
        "public_transport": "platform",
        "shelter": "no",
        "tactile_paving": "yes",
        "wheelchair": "yes"
      },
      "geometry": {
        "type": "Point",
        "coordinates": [
          8.3667469,
          49.0367584
        ]
      },
      "id": "node/26086194"
    },
    {
      "type": "Feature",
      "properties": {
        "@id": "node/26086659",
        "bench": "yes",
        "bin": "no",
        "bus": "yes",
        "highway": "bus_stop",
        "lit": "yes",
        "name": "Frankenthaler Straße",
        "network": "Karlsruher Verkehrsverbund",
        "network:guid": "DE-BW-KVV",
        "network:short": "KVV",
        "network:wikidata": "Q1733986",
        "operator": "Verkehrsbetriebe Karlsruhe GmbH",
        "public_transport": "platform",
        "shelter": "yes",
        "tactile_paving": "yes",
        "wheelchair": "yes"
      },
      "geometry": {
        "type": "Point",
        "coordinates": [
          8.3704781,
          49.0340893
        ]
      },
      "id": "node/26086659"
    },
    {
      "type": "Feature",
      "properties": {
        "@id": "node/26086660",
        "bench": "yes",
        "bin": "no",
        "bus": "yes",
        "highway": "bus_stop",
        "lit": "yes",
        "name": "Frankenthaler Straße",
        "network": "Karlsruher Verkehrsverbund",
        "network:guid": "DE-BW-KVV",
        "network:short": "KVV",
        "network:wikidata": "Q1733986",
        "operator": "Verkehrsbetriebe Karlsruhe GmbH",
        "public_transport": "platform",
        "shelter": "yes",
        "tactile_paving": "yes",
        "wheelchair": "yes"
      },
      "geometry": {
        "type": "Point",
        "coordinates": [
          8.3707111,
          49.034065
        ]
      },
      "id": "node/26086660"
    },
    {
      "type": "Feature",
      "properties": {
        "@id": "node/26128018",
        "bench": "no",
        "bin": "yes",
        "bus": "yes",
        "highway": "bus_stop",
        "lit": "no",
        "name": "Badeniaplatz Steig A",
        "network": "Karlsruher Verkehrsverbund",
        "network:guid": "DE-BW-KVV",
        "network:short": "KVV",
        "network:wikidata": "Q1733986",
        "network:wikipedia": "de:Karlsruher Verkehrsverbund",
        "operator": "Verkehrsbetriebe Karlsruhe GmbH",
        "public_transport": "platform",
        "shelter": "no",
        "tactile_paving": "no"
      },
      "geometry": {
        "type": "Point",
        "coordinates": [
          8.3687697,
          48.9825849
        ]
      },
      "id": "node/26128018"
    },
    {
      "type": "Feature",
      "properties": {
        "@id": "node/26128251",
        "bench": "yes",
        "bin": "yes",
        "bus": "yes",
        "highway": "bus_stop",
        "lit": "yes",
        "name": "Eugen-Geck-Straße",
        "network": "Karlsruher Verkehrsverbund",
        "network:guid": "DE-BW-KVV",
        "network:short": "KVV",
        "network:wikidata": "Q1733986",
        "network:wikipedia": "de:Karlsruher Verkehrsverbund",
        "operator": "Verkehrsbetriebe Karlsruhe GmbH",
        "public_transport": "platform",
        "ref:IFOPT": "de:08212:5014:0:1",
        "shelter": "yes",
        "tactile_paving": "no"
      },
      "geometry": {
        "type": "Point",
        "coordinates": [
          8.3561709,
          48.9850486
        ]
      },
      "id": "node/26128251"
    },
    {
      "type": "Feature",
      "properties": {
        "@id": "node/26842747",
        "bench": "no",
        "bin": "yes",
        "bus": "yes",
        "highway": "bus_stop",
        "lit": "no",
        "name": "Emil-Arheit-Halle",
        "network": "Karlsruher Verkehrsverbund",
        "network:guid": "DE-BW-KVV",
        "network:short": "KVV",
        "network:wikidata": "Q1733986",
        "network:wikipedia": "de:Karlsruher Verkehrsverbund",
        "operator": "Verkehrsbetriebe Karlsruhe GmbH",
        "public_transport": "platform",
        "shelter": "no",
        "tactile_paving": "no"
      },
      "geometry": {
        "type": "Point",
        "coordinates": [
          8.4968589,
          49.0225998
        ]
      },
      "id": "node/26842747"
    },
    {
      "type": "Feature",
      "properties": {
        "@id": "node/26934161",
        "bench": "no",
        "bin": "no",
        "bus": "yes",
        "highway": "bus_stop",
        "lit": "yes",
        "name": "Max-Liebermann-Straße",
        "network": "Karlsruher Verkehrsverbund",
        "operator": "Verkehrsbetriebe Karlsruhe GmbH",
        "public_transport": "platform",
        "ref:IFOPT": "de:08212:4505:1:2",
        "shelter": "no",
        "tactile_paving": "no"
      },
      "geometry": {
        "type": "Point",
        "coordinates": [
          8.4710233,
          48.9887847
        ]
      },
      "id": "node/26934161"
    },
    {
      "type": "Feature",
      "properties": {
        "@id": "node/26934162",
        "bench": "no",
        "bin": "no",
        "bus": "yes",
        "highway": "bus_stop",
        "lit": "yes",
        "name": "Rommelstraße",
        "network": "Karlsruher Verkehrsverbund",
        "operator": "Verkehrsbetriebe Karlsruhe GmbH",
        "public_transport": "platform",
        "ref:IFOPT": "de:08212:4504:1:2",
        "shelter": "no",
        "tactile_paving": "no"
      },
      "geometry": {
        "type": "Point",
        "coordinates": [
          8.473297,
          48.99233
        ]
      },
      "id": "node/26934162"
    },
    {
      "type": "Feature",
      "properties": {
        "@id": "node/26934163",
        "bench": "yes",
        "bin": "no",
        "bus": "yes",
        "highway": "bus_stop",
        "lit": "yes",
        "name": "Parkschlößle",
        "network": "Karlsruher Verkehrsverbund",
        "network:guid": "DE-BW-KVV",
        "network:short": "KVV",
        "network:wikidata": "Q1733986",
        "operator": "Verkehrsbetriebe Karlsruhe GmbH",
        "public_transport": "platform",
        "ref:IFOPT": "de:08212:4503:0:2",
        "shelter": "yes",
        "tactile_paving": "yes"
      },
      "geometry": {
        "type": "Point",
        "coordinates": [
          8.4756258,
          48.9956917
        ]
      },
      "id": "node/26934163"
    },
    {
      "type": "Feature",
      "properties": {
        "@id": "node/26941201",
        "amenity": "car_sharing",
        "brand": "Stadtmobil",
        "check_date": "2024-04-08",
        "network": "Stadtmobil Karlsruhe",
        "note": "No fixed place",
        "operator": "Stadtmobil CarSharing GmbH & Co. KG",
        "ref": "Brühlstraße",
        "website": "https://karlsruhe.stadtmobil.de/"
      },
      "geometry": {
        "type": "Point",
        "coordinates": [
          8.4659853,
          48.9937781
        ]
      },
      "id": "node/26941201"
    },
    {
      "type": "Feature",
      "properties": {
        "@id": "node/26941264",
        "amenity": "car_sharing",
        "brand": "Stadtmobil",
        "name": "Weiherhof-Center",
        "network": "Stadtmobil Karlsruhe",
        "operator": "Stadtmobil CarSharing GmbH & Co. KG",
        "website": "https://karlsruhe.stadtmobil.de/",
        "wheelchair": "yes"
      },
      "geometry": {
        "type": "Point",
        "coordinates": [
          8.4725516,
          48.9968719
        ]
      },
      "id": "node/26941264"
    },
    {
      "type": "Feature",
      "properties": {
        "@id": "node/26941372",
        "addr:city": "Karlsruhe",
        "addr:country": "DE",
        "addr:housenumber": "16",
        "addr:postcode": "76187",
        "addr:street": "Wilhelm-Hausenstein-Allee",
        "amenity": "fuel",
        "brand": "Avia",
        "compressed_air": "yes",
        "name": "Avia",
        "opening_hours": "Mo-Fr 08:00-17:00",
        "operator": "Avia",
        "wheelchair": "limited"
      },
      "geometry": {
        "type": "Point",
        "coordinates": [
          8.3705756,
          49.0293241
        ]
      },
      "id": "node/26941372"
    },
    {
      "type": "Feature",
      "properties": {
        "@id": "node/26980686",
        "bench": "no",
        "bin": "yes",
        "bus": "yes",
        "highway": "bus_stop",
        "name": "Am Bachkanal",
        "network": "Karlsruher Verkehrsverbund",
        "operator": "Verkehrsbetriebe Karlsruhe GmbH",
        "public_transport": "platform",
        "shelter": "no",
        "tactile_paving": "no"
      },
      "geometry": {
        "type": "Point",
        "coordinates": [
          8.3731653,
          49.0638374
        ]
      },
      "id": "node/26980686"
    },
    {
      "type": "Feature",
      "properties": {
        "@id": "node/26980693",
        "bench": "yes",
        "bin": "yes",
        "bus": "yes",
        "highway": "bus_stop",
        "lit": "yes",
        "name": "Dammweg",
        "network": "Karlsruher Verkehrsverbund",
        "operator": "Verkehrsbetriebe Karlsruhe GmbH",
        "public_transport": "platform",
        "shelter": "yes",
        "tactile_paving": "yes",
        "wheelchair": "yes"
      },
      "geometry": {
        "type": "Point",
        "coordinates": [
          8.3703123,
          49.0640095
        ]
      },
      "id": "node/26980693"
    },
    {
      "type": "Feature",
      "properties": {
        "@id": "node/26980694",
        "bench": "no",
        "bus": "yes",
        "highway": "bus_stop",
        "kerb": "lowered",
        "name": "Im kleinen Bruch",
        "network": "Karlsruher Verkehrsverbund",
        "operator": "Verkehrsbetriebe Karlsruhe GmbH",
        "passenger_information_display": "no",
        "public_transport": "platform",
        "shelter": "no",
        "tactile_paving": "no",
        "wheelchair": "no"
      },
      "geometry": {
        "type": "Point",
        "coordinates": [
          8.3697312,
          49.066757
        ]
      },
      "id": "node/26980694"
    },
    {
      "type": "Feature",
      "properties": {
        "@id": "node/28252171",
        "bench": "yes",
        "bin": "yes",
        "bus": "yes",
        "highway": "bus_stop",
        "lit": "yes",
        "name": "Hardecksiedlung",
        "network": "Karlsruher Verkehrsverbund",
        "network:guid": "DE-BW-KVV",
        "network:short": "KVV",
        "network:wikidata": "Q1733986",
        "network:wikipedia": "de:Karlsruher Verkehrsverbund",
        "operator": "Verkehrsbetriebe Karlsruhe GmbH",
        "public_transport": "platform",
        "shelter": "no",
        "tactile_paving": "yes",
        "wikidata": "Q126912635"
      },
      "geometry": {
        "type": "Point",
        "coordinates": [
          8.3690109,
          48.9918472
        ]
      },
      "id": "node/28252171"
    },
    {
      "type": "Feature",
      "properties": {
        "@id": "node/28987987",
        "addr:city": "Karlsruhe",
        "addr:country": "DE",
        "addr:housenumber": "2",
        "addr:postcode": "76139",
        "addr:street": "An der Tagweide",
        "addr:suburb": "Hagsfeld",
        "amenity": "fuel",
        "brand": "Aral",
        "check_date": "2023-10-10",
        "compressed_air": "yes",
        "contact:website": "http://www.efa-gmbh.de",
        "fuel:adblue": "yes",
        "fuel:adblue:hgv": "yes",
        "fuel:adblue:motorcar": "yes",
        "fuel:diesel": "yes",
        "fuel:e10": "yes",
        "fuel:lpg": "yes",
        "fuel:octane_95": "yes",
        "fuel:octane_98": "yes",
        "fuel:others": "no",
        "name": "Aral",
        "opening_hours": "Mo-Fr 06:30-20:00; Sa 08:00-18:00; Su,PH off || \"Tankautomat nur mit EFA-Kundenkarte\"",
        "operator": "EFA Tankstellenbetriebe und Mineralölhandel GmbH",
        "payment:american_express": "yes",
        "payment:aral_card": "yes",
        "payment:aral_card_plus": "yes",
        "payment:contactless": "yes",
        "payment:dkv": "yes",
        "payment:girocard": "yes",
        "payment:maestro": "yes",
        "payment:mastercard": "yes",
        "payment:routex": "yes",
        "payment:total_card": "yes",
        "payment:uta": "yes",
        "payment:v_pay": "yes",
        "payment:visa": "yes",
        "payment:westfalen_card": "yes",
        "surveillance": "outdoor"
      },
      "geometry": {
        "type": "Point",
        "coordinates": [
          8.459433,
          49.0202643
        ]
      },
      "id": "node/28987987"
    },
    {
      "type": "Feature",
      "properties": {
        "@id": "node/29020059",
        "addr:housenumber": "14",
        "addr:street": "Lameystraße",
        "check_date:opening_hours": "2023-09-25",
        "name": "PENNY",
        "opening_hours": "Mo-Sa 07:30-22:00; Su,PH off",
        "operator": "PENNY-Markt GmbH",
        "payment:credit_cards": "yes",
        "payment:debit_cards": "yes",
        "shop": "supermarket",
        "wheelchair": "yes"
      },
      "geometry": {
        "type": "Point",
        "coordinates": [
          8.3575561,
          49.0113908
        ]
      },
      "id": "node/29020059"
    },
    {
      "type": "Feature",
      "properties": {
        "@id": "node/29947559",
        "addr:city": "Karlsruhe",
        "addr:country": "DE",
        "addr:housenumber": "60",
        "addr:postcode": "76131",
        "addr:street": "Haid-und-Neu-Straße",
        "addr:suburb": "Oststadt",
        "amenity": "fuel",
        "brand": "Aral",
        "brand:wikidata": "Q565734",
        "brand:wikipedia": "en:Aral AG",
        "capacity": "8",
        "check_date": "2024-10-06",
        "compressed_air": "yes",
        "contact:phone": "+49 721 615570",
        "fuel:1_25": "no",
        "fuel:1_50": "no",
        "fuel:GTL_diesel": "yes",
        "fuel:GTL_diesel:name": "Ultimate Diesel",
        "fuel:HGV_diesel": "no",
        "fuel:biodiesel": "no",
        "fuel:cng": "no",
        "fuel:diesel": "yes",
        "fuel:e10": "yes",
        "fuel:e85": "no",
        "fuel:lpg": "no",
        "fuel:octane_102": "yes",
        "fuel:octane_102:name": "Ultimate 102",
        "fuel:octane_91": "no",
        "fuel:octane_95": "yes",
        "fuel:octane_98": "yes",
        "fuel:others": "no",
        "name": "Aral",
        "opening_hours": "24/7",
        "operator": "Christina Bogner",
        "payment:dkv": "yes",
        "payment:routex": "yes",
        "payment:uta": "yes",
        "payment:westfalen_card": "yes",
        "ref": "0283926111",
        "self_service": "yes",
        "wheelchair": "yes"
      },
      "geometry": {
        "type": "Point",
        "coordinates": [
          8.4353921,
          49.0151979
        ]
      },
      "id": "node/29947559"
    },
    {
      "type": "Feature",
      "properties": {
        "@id": "node/30824582",
        "addr:city": "Karlsruhe",
        "addr:country": "DE",
        "addr:housenumber": "38",
        "addr:postcode": "76227",
        "addr:street": "Raiherwiesenstraße",
        "addr:suburb": "Durlach",
        "brand": "REWE",
        "brand:wikidata": "Q16968817",
        "brand:wikipedia": "en:REWE",
        "check_date:opening_hours": "2024-01-25",
        "name": "Rewe Siegbert Ponzer",
        "opening_hours": "Mo-Sa 07:00-22:00; Su,PH off",
        "operator": "Siegbert Ponzer",
        "shop": "supermarket",
        "wheelchair": "yes"
      },
      "geometry": {
        "type": "Point",
        "coordinates": [
          8.4580897,
          48.997391
        ]
      },
      "id": "node/30824582"
    },
    {
      "type": "Feature",
      "properties": {
        "@id": "node/38873423",
        "addr:city": "Karlsruhe",
        "addr:country": "DE",
        "addr:housenumber": "40",
        "addr:postcode": "76137",
        "addr:street": "Ebertstraße",
        "brand": "Nahkauf",
        "brand:wikidata": "Q57515238",
        "check_date:opening_hours": "2024-10-02",
        "contact:phone": "+49 721 9812014",
        "name": "Nahkauf Dittes",
        "opening_hours": "Mo-Fr 08:00-20:00; Sa 08:00-16:00",
        "payment:cash": "yes",
        "payment:contactless": "yes",
        "shop": "supermarket",
        "surveillance": "indoor",
        "wheelchair": "yes",
        "wheelchair:description": "Rollstuhlrampe, automatische Tür und Schleuse;eher schmale Gänge im Laden;Lieferservice für Einkäufe"
      },
      "geometry": {
        "type": "Point",
        "coordinates": [
          8.3885949,
          48.9953859
        ]
      },
      "id": "node/38873423"
    },
    {
      "type": "Feature",
      "properties": {
        "@id": "node/55438653",
        "addr:city": "Karlsruhe",
        "addr:country": "DE",
        "addr:housenumber": "34",
        "addr:postcode": "76149",
        "addr:street": "Grünewaldstraße",
        "addr:suburb": "Neureut",
        "branch": "Rees",
        "brand": "EDEKA",
        "brand:wikidata": "Q701755",
        "brand:wikipedia": "de:Edeka",
        "check_date:opening_hours": "2025-04-27",
        "email": "info@edeka-rees.de",
        "fax": "+49 721 9785823",
        "name": "Edeka Rees",
        "opening_hours": "Mo-Sa 08:00-21:00; Su,PH off",
        "operator": "Edeka Rees",
        "organic": "yes",
        "phone": "+49 721 78317270",
        "shop": "supermarket",
        "start_date": "2021-03-10",
        "website": "https://www.edeka-rees.de/unsere-maerkte/neureut/?modul=42&filiale=268",
        "wheelchair": "yes"
      },
      "geometry": {
        "type": "Point",
        "coordinates": [
          8.3828405,
          49.0451463
        ]
      },
      "id": "node/55438653"
    },
    {
      "type": "Feature",
      "properties": {
        "@id": "node/55474934",
        "bench": "no",
        "bin": "yes",
        "bus": "yes",
        "highway": "bus_stop",
        "lit": "yes",
        "name": "Linkenheimer Tor",
        "network": "Karlsruher Verkehrsverbund",
        "network:guid": "DE-BW-KVV",
        "network:short": "KVV",
        "network:wikidata": "Q1733986",
        "operator": "Verkehrsbetriebe Karlsruhe GmbH",
        "public_transport": "platform",
        "shelter": "no",
        "tactile_paving": "yes"
      },
      "geometry": {
        "type": "Point",
        "coordinates": [
          8.3980558,
          49.0149402
        ]
      },
      "id": "node/55474934"
    },
    {
      "type": "Feature",
      "properties": {
        "@id": "node/55474943",
        "bench": "yes",
        "bin": "yes",
        "bus": "yes",
        "highway": "bus_stop",
        "lit": "yes",
        "name": "Linkenheimer Tor",
        "network": "Karlsruher Verkehrsverbund",
        "operator": "Verkehrsbetriebe Karlsruhe GmbH",
        "ref_name": "Karlsruhe Linkenheimer Tor",
        "shelter": "yes",
        "tactile_paving": "yes",
        "wheelchair": "yes",
        "wheelchair:description": "Busse haben eine ausfahrbare Rampe"
      },
      "geometry": {
        "type": "Point",
        "coordinates": [
          8.3983366,
          49.0146311
        ]
      },
      "id": "node/55474943"
    },
    {
      "type": "Feature",
      "properties": {
        "@id": "node/59860656",
        "bench": "yes",
        "bin": "yes",
        "bus": "yes",
        "check_date:shelter": "2025-03-30",
        "highway": "bus_stop",
        "lit": "yes",
        "name": "Schützenhaus",
        "network": "Karlsruher Verkehrsverbund",
        "operator": "Verkehrsbetriebe Karlsruhe GmbH",
        "public_transport": "platform",
        "ref_name": "Karlsruhe Schützenhaus",
        "shelter": "yes",
        "tactile_paving": "no"
      },
      "geometry": {
        "type": "Point",
        "coordinates": [
          8.396448,
          49.0242201
        ]
      },
      "id": "node/59860656"
    },
    {
      "type": "Feature",
      "properties": {
        "@id": "node/59860657",
        "bench": "yes",
        "bin": "yes",
        "bus": "yes",
        "check_date:shelter": "2025-03-30",
        "highway": "bus_stop",
        "lit": "yes",
        "name": "Schützenhaus",
        "network": "Karlsruher Verkehrsverbund",
        "operator": "Verkehrsbetriebe Karlsruhe GmbH",
        "ref_name": "Karlsruhe Schützenhaus",
        "shelter": "yes",
        "tactile_paving": "no"
      },
      "geometry": {
        "type": "Point",
        "coordinates": [
          8.3968456,
          49.0238313
        ]
      },
      "id": "node/59860657"
    },
    {
      "type": "Feature",
      "properties": {
        "@id": "node/59860772",
        "bench": "yes",
        "bin": "yes",
        "highway": "bus_stop",
        "lit": "yes",
        "name": "Am Kanalweg",
        "network": "Karlsruher Verkehrsverbund",
        "operator": "Verkehrsbetriebe Karlsruhe GmbH",
        "shelter": "yes",
        "tactile_paving": "yes",
        "wheelchair": "yes"
      },
      "geometry": {
        "type": "Point",
        "coordinates": [
          8.3953824,
          49.0303763
        ]
      },
      "id": "node/59860772"
    },
    {
      "type": "Feature",
      "properties": {
        "@id": "node/59860773",
        "bench": "yes",
        "bin": "yes",
        "highway": "bus_stop",
        "lit": "yes",
        "name": "Am Kanalweg",
        "network": "Karlsruher Verkehrsverbund",
        "operator": "Verkehrsbetriebe Karlsruhe GmbH",
        "shelter": "no",
        "tactile_paving": "yes",
        "wheelchair": "yes"
      },
      "geometry": {
        "type": "Point",
        "coordinates": [
          8.3955418,
          49.0305697
        ]
      },
      "id": "node/59860773"
    },
    {
      "type": "Feature",
      "properties": {
        "@id": "node/59860774",
        "bench": "yes",
        "bin": "yes",
        "bus": "yes",
        "check_date:shelter": "2024-01-22",
        "highway": "bus_stop",
        "lit": "no",
        "name": "Weißes Haus",
        "network": "Karlsruher Verkehrsverbund",
        "operator": "Verkehrsbetriebe Karlsruhe GmbH",
        "shelter": "yes",
        "tactile_paving": "no"
      },
      "geometry": {
        "type": "Point",
        "coordinates": [
          8.3948815,
          49.0333354
        ]
      },
      "id": "node/59860774"
    },
    {
      "type": "Feature",
      "properties": {
        "@id": "node/59860775",
        "bench": "no",
        "bin": "yes",
        "bus": "yes",
        "check_date:shelter": "2024-01-22",
        "covered": "no",
        "highway": "bus_stop",
        "kerb": "raised",
        "kerb:approach_aid": "no",
        "lit": "no",
        "name": "Weißes Haus",
        "network": "Karlsruher Verkehrsverbund",
        "operator": "Verkehrsbetriebe Karlsruhe GmbH",
        "passenger_information_display": "no",
        "public_transport": "platform",
        "shelter": "no",
        "tactile_paving": "no"
      },
      "geometry": {
        "type": "Point",
        "coordinates": [
          8.3951783,
          49.0328481
        ]
      },
      "id": "node/59860775"
    },
    {
      "type": "Feature",
      "properties": {
        "@id": "node/60019232",
        "addr:city": "Karlsruhe",
        "addr:country": "DE",
        "addr:housenumber": "14-18",
        "addr:postcode": "76133",
        "addr:street": "Waldstraße",
        "brand": "ALDI Süd",
        "brand:wikidata": "Q41171672",
        "name": "ALDI Süd",
        "opening_hours": "Mo-Sa 08:00-20:00; Su,PH off",
        "shop": "supermarket",
        "supermarket": "discount",
        "website": "https://filialen.aldi-sued.de/baden-wuerttemberg/karlsruhe/waldstrasse-14-18",
        "wheelchair": "yes"
      },
      "geometry": {
        "type": "Point",
        "coordinates": [
          8.3984971,
          49.0107008
        ]
      },
      "id": "node/60019232"
    },
    {
      "type": "Feature",
      "properties": {
        "@id": "node/60133921",
        "addr:city": "Karlsruhe",
        "addr:country": "DE",
        "addr:housenumber": "1",
        "addr:postcode": "76149",
        "addr:street": "Hermann-Höpker-Aschoff-Straße",
        "addr:suburb": "Neureut",
        "branch": "Siegbert Ponzer",
        "brand": "REWE",
        "brand:wikidata": "Q16968817",
        "check_date:opening_hours": "2023-03-25",
        "drink:club-mate": "yes",
        "level": "0",
        "name": "Rewe Siegbert Ponzer",
        "opening_hours": "Mo-Sa 07:00-22:00; Su,PH off",
        "operator": "REWE Ponzer GmbH & Co. oHG",
        "payment:cash": "yes",
        "payment:contactless": "yes",
        "payment:girocard": "yes",
        "payment:mastercard": "yes",
        "payment:others": "yes",
        "payment:visa": "yes",
        "shop": "supermarket",
        "wheelchair": "yes"
      },
      "geometry": {
        "type": "Point",
        "coordinates": [
          8.3923344,
          49.0538697
        ]
      },
      "id": "node/60133921"
    },
    {
      "type": "Feature",
      "properties": {
        "@id": "node/60133933",
        "bench": "yes",
        "bin": "yes",
        "bus": "yes",
        "highway": "bus_stop",
        "lit": "yes",
        "name": "Kirchfeld Fortuna",
        "network": "Karlsruher Verkehrsverbund",
        "network:guid": "DE-BW-KVV",
        "network:short": "KVV",
        "network:wikidata": "Q1733986",
        "operator": "Verkehrsbetriebe Karlsruhe GmbH",
        "public_transport": "station",
        "shelter": "yes",
        "tactile_paving": "yes"
      },
      "geometry": {
        "type": "Point",
        "coordinates": [
          8.4002254,
          49.056513
        ]
      },
      "id": "node/60133933"
    },
    {
      "type": "Feature",
      "properties": {
        "@id": "node/96039208",
        "addr:city": "Karlsruhe",
        "addr:country": "DE",
        "addr:housenumber": "46a",
        "addr:postcode": "76133",
        "addr:street": "Karlstraße",
        "brand": "EDEKA",
        "brand:wikidata": "Q701755",
        "check_date:opening_hours": "2025-01-16",
        "name": "EDEKA Lukasiewicz",
        "opening_hours": "Mo-Fr 08:30-20:00; Sa 08:00-20:00; Su,PH off",
        "phone": "+49 721 3549611",
        "shop": "supermarket",
        "surveillance": "indoor",
        "website": "https://www.edeka-lukasiewicz.de/",
        "wheelchair": "yes"
      },
      "geometry": {
        "type": "Point",
        "coordinates": [
          8.3943539,
          49.0050924
        ]
      },
      "id": "node/96039208"
    },
    {
      "type": "Feature",
      "properties": {
        "@id": "node/108238449",
        "amenity": "car_sharing",
        "brand": "Stadtmobil",
        "check_date": "2024-03-19",
        "network": "Stadtmobil Karlsruhe",
        "operator": "Stadtmobil CarSharing GmbH & Co. KG",
        "ref": "Wartburgstraße",
        "website": "https://karlsruhe.stadtmobil.de/"
      },
      "geometry": {
        "type": "Point",
        "coordinates": [
          8.3859687,
          48.9940433
        ]
      },
      "id": "node/108238449"
    },
    {
      "type": "Feature",
      "properties": {
        "@id": "node/110435602",
        "amenity": "car_sharing",
        "brand": "Stadtmobil",
        "brand:wikidata": "Q2327629",
        "car_sharing": "key_safe",
        "network": "Stadtmobil Karlsruhe",
        "operator": "Stadtmobil CarSharing GmbH & Co. KG",
        "ref": "Kronenplatz",
        "website": "https://karlsruhe.stadtmobil.de/privatkunden/stationen/station/kronenplatz/"
      },
      "geometry": {
        "type": "Point",
        "coordinates": [
          8.4097042,
          49.0089673
        ]
      },
      "id": "node/110435602"
    },
    {
      "type": "Feature",
      "properties": {
        "@id": "node/110440988",
        "amenity": "car_sharing",
        "brand": "Stadtmobil",
        "brand:wikidata": "Q2327629",
        "network": "Stadtmobil Karlsruhe",
        "note": "(neue Position seit Anfang 2017) umgezogen 2024",
        "operator": "Stadtmobil CarSharing GmbH & Co. KG",
        "operator:type": "private",
        "ref": "Eisenbahnsiedlung",
        "start_date": "2024",
        "website": "https://karlsruhe.stadtmobil.de/"
      },
      "geometry": {
        "type": "Point",
        "coordinates": [
          8.4238172,
          49.0044229
        ]
      },
      "id": "node/110440988"
    },
    {
      "type": "Feature",
      "properties": {
        "@id": "node/110461253",
        "amenity": "car_sharing",
        "brand": "Stadtmobil",
        "brand:wikidata": "Q2327629",
        "network": "Stadtmobil Karlsruhe",
        "operator": "Stadtmobil CarSharing GmbH & Co. KG",
        "ref": "Tivoli",
        "website": "https://karlsruhe.stadtmobil.de/"
      },
      "geometry": {
        "type": "Point",
        "coordinates": [
          8.4096426,
          48.9975654
        ]
      },
      "id": "node/110461253"
    },
    {
      "type": "Feature",
      "properties": {
        "@id": "node/124238589",
        "bench": "no",
        "bin": "no",
        "bus": "yes",
        "highway": "bus_stop",
        "lit": "no",
        "name": "An der Fayence",
        "network": "Karlsruher Verkehrsverbund",
        "network:guid": "DE-BW-KVV",
        "network:short": "KVV",
        "network:wikidata": "Q1733986",
        "operator": "Verkehrsbetriebe Karlsruhe GmbH",
        "public_transport": "platform",
        "ref": "Steig A",
        "ref:IFOPT": "de:08212:3120:0:2",
        "shelter": "no",
        "tactile_paving": "no"
      },
      "geometry": {
        "type": "Point",
        "coordinates": [
          8.469547,
          49.0016996
        ]
      },
      "id": "node/124238589"
    },
    {
      "type": "Feature",
      "properties": {
        "@id": "node/124238591",
        "bench": "no",
        "bin": "no",
        "bus": "yes",
        "departures_board": "yes",
        "highway": "bus_stop",
        "lit": "no",
        "name": "An der Fayence",
        "network": "Karlsruher Verkehrsverbund",
        "network:guid": "DE-BW-KVV",
        "network:short": "KVV",
        "network:wikidata": "Q1733986",
        "operator": "Verkehrsbetriebe Karlsruhe GmbH",
        "public_transport": "platform",
        "ref": "Steig B",
        "ref:IFOPT": "de:08212:3120:0:1",
        "shelter": "no",
        "tactile_paving": "no"
      },
      "geometry": {
        "type": "Point",
        "coordinates": [
          8.469727,
          49.0017483
        ]
      },
      "id": "node/124238591"
    },
    {
      "type": "Feature",
      "properties": {
        "@id": "node/129966878",
        "amenity": "car_sharing",
        "brand": "Stadtmobil",
        "check_date": "2024-02-11",
        "network": "Stadtmobil Karlsruhe",
        "operator": "Stadtmobil CarSharing GmbH & Co. KG",
        "ref": "Ellmendinger Straße",
        "website": "https://karlsruhe.stadtmobil.de/",
        "wheelchair": "yes"
      },
      "geometry": {
        "type": "Point",
        "coordinates": [
          8.4585112,
          48.9944555
        ]
      },
      "id": "node/129966878"
    },
    {
      "type": "Feature",
      "properties": {
        "@id": "node/129966881",
        "amenity": "car_sharing",
        "brand": "Stadtmobil",
        "capacity": "6",
        "check_date": "2024-02-05",
        "network": "Stadtmobil Karlsruhe",
        "opening_hours": "24/7",
        "operator": "Stadtmobil CarSharing GmbH & Co. KG",
        "ref": "Bahnhof Durlach",
        "website": "https://karlsruhe.stadtmobil.de/"
      },
      "geometry": {
        "type": "Point",
        "coordinates": [
          8.4614755,
          49.001387
        ]
      },
      "id": "node/129966881"
    },
    {
      "type": "Feature",
      "properties": {
        "@id": "node/129966883",
        "amenity": "car_sharing",
        "brand": "Stadtmobil",
        "check_date": "2024-04-29",
        "network": "Stadtmobil Karlsruhe",
        "operator": "Stadtmobil CarSharing GmbH & Co. KG",
        "ref": "Rappenstraße",
        "website": "https://karlsruhe.stadtmobil.de/"
      },
      "geometry": {
        "type": "Point",
        "coordinates": [
          8.4726933,
          48.999838
        ]
      },
      "id": "node/129966883"
    },
    {
      "type": "Feature",
      "properties": {
        "@id": "node/247102535",
        "bench": "yes",
        "bin": "yes",
        "bus": "yes",
        "highway": "bus_stop",
        "lit": "yes",
        "name": "Weingarten Waldbrücke",
        "network": "Karlsruher Verkehrsverbund",
        "network:guid": "DE-BW-KVV",
        "network:short": "KVV",
        "network:wikidata": "Q1733986",
        "public_transport": "platform",
        "ref:IFOPT": "de:08215:32245:0:2",
        "ref_name": "Weingarten (Baden) Waldbrücke",
        "shelter": "yes",
        "tactile_paving": "no",
        "wheelchair": "no"
      },
      "geometry": {
        "type": "Point",
        "coordinates": [
          8.5138109,
          49.066227
        ]
      },
      "id": "node/247102535"
    },
    {
      "type": "Feature",
      "properties": {
        "@id": "node/247102536",
        "bench": "yes",
        "bin": "yes",
        "bus": "yes",
        "highway": "bus_stop",
        "lit": "no",
        "name": "Weingarten Waldbrücke",
        "network": "Karlsruher Verkehrsverbund",
        "network:guid": "DE-BW-KVV",
        "network:short": "KVV",
        "network:wikidata": "Q1733986",
        "public_transport": "platform",
        "ref:IFOPT": "de:08215:32245:0:1",
        "shelter": "yes",
        "tactile_paving": "no",
        "wheelchair": "no"
      },
      "geometry": {
        "type": "Point",
        "coordinates": [
          8.5140393,
          49.0663392
        ]
      },
      "id": "node/247102536"
    },
    {
      "type": "Feature",
      "properties": {
        "@id": "node/248951132",
        "addr:city": "Karlsruhe",
        "addr:country": "DE",
        "addr:housenumber": "100",
        "addr:postcode": "76133",
        "addr:street": "Erzbergerstraße",
        "brand": "Nahkauf",
        "brand:wikidata": "Q57515238",
        "check_date:opening_hours": "2025-02-17",
        "currency:EUR": "yes",
        "email": "info@nahkauf-sarac.de",
        "internet_access": "wlan",
        "name": "Nahkauf",
        "old_name": "Nah und gut",
        "opening_hours": "Mo-Sa 08:00-20:00; PH off",
        "operator": "Ali Ihsan Sarac",
        "payment:cash": "yes",
        "payment:coins": "yes",
        "payment:contactless": "yes",
        "payment:credit_cards": "yes",
        "payment:ep_geldkarte": "yes",
        "phone": "+49 721 71766",
        "shop": "supermarket",
        "website": "http://www.nahkauf-sarac.de",
        "wheelchair": "yes"
      },
      "geometry": {
        "type": "Point",
        "coordinates": [
          8.3852197,
          49.0199545
        ]
      },
      "id": "node/248951132"
    },
    {
      "type": "Feature",
      "properties": {
        "@id": "node/250044192",
        "amenity": "car_sharing",
        "brand": "Stadtmobil",
        "brand:wikidata": "Q2327629",
        "capacity": "3",
        "network": "Stadtmobil Karlsruhe",
        "operator": "Stadtmobil CarSharing GmbH & Co. KG",
        "ref": "Bahnhof Eggenstein",
        "website": "https://karlsruhe.stadtmobil.de/"
      },
      "geometry": {
        "type": "Point",
        "coordinates": [
          8.3974301,
          49.0750028
        ]
      },
      "id": "node/250044192"
    },
    {
      "type": "Feature",
      "properties": {
        "@id": "node/250044274",
        "amenity": "car_sharing",
        "brand": "Stadtmobil",
        "brand:wikidata": "Q2327629",
        "capacity": "2",
        "comment": "No fixed place",
        "network": "Stadtmobil Karlsruhe",
        "operator": "Stadtmobil CarSharing GmbH & Co. KG",
        "ref": "Bärenweg",
        "website": "https://karlsruhe.stadtmobil.de/"
      },
      "geometry": {
        "type": "Point",
        "coordinates": [
          8.3778115,
          49.046514
        ]
      },
      "id": "node/250044274"
    },
    {
      "type": "Feature",
      "properties": {
        "@id": "node/250045037",
        "amenity": "car_sharing",
        "brand": "Stadtmobil",
        "brand:wikidata": "Q2327629",
        "capacity": "3",
        "network": "Stadtmobil Karlsruhe",
        "operator": "Stadtmobil CarSharing GmbH & Co. KG",
        "ref": "Am Wald",
        "website": "https://karlsruhe.stadtmobil.de/"
      },
      "geometry": {
        "type": "Point",
        "coordinates": [
          8.3877369,
          49.0319297
        ]
      },
      "id": "node/250045037"
    },
    {
      "type": "Feature",
      "properties": {
        "@id": "node/252291341",
        "bench": "yes",
        "bin": "yes",
        "bus": "yes",
        "check_date:shelter": "2023-05-20",
        "highway": "bus_stop",
        "lit": "yes",
        "name": "Schule",
        "note": "kein Linienbetrieb",
        "operator": "RVS Regionalbusverkehr Südwest GmbH",
        "public_transport": "platform",
        "shelter": "yes",
        "tactile_paving": "no"
      },
      "geometry": {
        "type": "Point",
        "coordinates": [
          8.4670064,
          49.0479206
        ]
      },
      "id": "node/252291341"
    },
    {
      "type": "Feature",
      "properties": {
        "@id": "node/252412574",
        "amenity": "car_sharing",
        "brand": "Stadtmobil",
        "brand:wikidata": "Q2327629",
        "check_date": "2025-01-23",
        "network": "Stadtmobil Karlsruhe",
        "operator": "Stadtmobil CarSharing GmbH & Co. KG",
        "operator:type": "private",
        "ref": "Helmholtzstraße",
        "website": "https://karlsruhe.stadtmobil.de/"
      },
      "geometry": {
        "type": "Point",
        "coordinates": [
          8.3828641,
          49.0114563
        ]
      },
      "id": "node/252412574"
    },
    {
      "type": "Feature",
      "properties": {
        "@id": "node/254717166",
        "addr:city": "Stutensee",
        "addr:country": "DE",
        "addr:housenumber": "215",
        "addr:postcode": "76297",
        "addr:street": "Hauptstraße",
        "addr:suburb": "Blankenloch",
        "amenity": "fuel",
        "brand": "Esso",
        "brand:wikidata": "Q168238",
        "fuel:HGV_diesel": "yes",
        "fuel:adblue": "yes",
        "fuel:diesel": "yes",
        "fuel:e10": "yes",
        "fuel:octane_100": "yes",
        "fuel:octane_100:name": "maxxMotion Super 100",
        "fuel:octane_95": "yes",
        "fuel:others": "no",
        "name": "Esso",
        "opening_hours": "24/7",
        "payment:american_express": "yes",
        "payment:cash": "yes",
        "payment:debit_cards": "yes",
        "payment:dkv": "yes",
        "payment:girocard": "yes",
        "payment:mastercard": "yes",
        "payment:others": "yes",
        "payment:routex": "yes",
        "payment:uta": "yes",
        "payment:visa": "yes",
        "shop": "yes",
        "wheelchair": "limited"
      },
      "geometry": {
        "type": "Point",
        "coordinates": [
          8.4683652,
          49.0589051
        ]
      },
      "id": "node/254717166"
    },
    {
      "type": "Feature",
      "properties": {
        "@id": "node/260060825",
        "bus": "yes",
        "highway": "bus_stop",
        "name": "Zündhütle",
        "network": "Karlsruher Verkehrsverbund",
        "operator": "Verkehrsbetriebe Karlsruhe GmbH",
        "public_transport": "stop_position",
        "ref:IFOPT": "de:08212:4492:2:3"
      },
      "geometry": {
        "type": "Point",
        "coordinates": [
          8.4608905,
          48.9826458
        ]
      },
      "id": "node/260060825"
    },
    {
      "type": "Feature",
      "properties": {
        "@id": "node/264975234",
        "amenity": "car_sharing",
        "brand": "Stadtmobil",
        "check_date": "2024-10-06",
        "network": "Stadtmobil Karlsruhe",
        "operator": "Stadtmobil CarSharing GmbH & Co. KG",
        "ref": "Weinbrennerplatz",
        "website": "https://karlsruhe.stadtmobil.de/"
      },
      "geometry": {
        "type": "Point",
        "coordinates": [
          8.3802485,
          49.0063663
        ]
      },
      "id": "node/264975234"
    },
    {
      "type": "Feature",
      "properties": {
        "@id": "node/269018565",
        "amenity": "car_sharing",
        "brand": "Stadtmobil",
        "capacity": "2",
        "name": "Rathaus Blankenloch",
        "network": "Stadtmobil Karlsruhe",
        "opening_hours": "24/7",
        "operator": "Stadtmobil CarSharing GmbH & Co. KG",
        "website": "https://karlsruhe.stadtmobil.de/",
        "wheelchair": "yes"
      },
      "geometry": {
        "type": "Point",
        "coordinates": [
          8.4694939,
          49.0667765
        ]
      },
      "id": "node/269018565"
    },
    {
      "type": "Feature",
      "properties": {
        "@id": "node/269113007",
        "bus": "yes",
        "highway": "bus_stop",
        "name": "Greschbachstraße",
        "network": "Karlsruher Verkehrsverbund",
        "network:guid": "DE-BW-KVV",
        "network:short": "KVV",
        "network:wikidata": "Q1733986",
        "network:wikipedia": "de:Karlsruher Verkehrsverbund",
        "operator": "Verkehrsbetriebe Karlsruhe GmbH",
        "public_transport": "stop_position"
      },
      "geometry": {
        "type": "Point",
        "coordinates": [
          8.4731069,
          49.0297198
        ]
      },
      "id": "node/269113007"
    },
    {
      "type": "Feature",
      "properties": {
        "@id": "node/270264911",
        "amenity": "car_sharing",
        "brand": "Stadtmobil",
        "brand:wikidata": "Q2327629",
        "car_sharing": "key_safe",
        "network": "Stadtmobil Karlsruhe",
        "operator": "Stadtmobil CarSharing GmbH & Co. KG",
        "ref": "Marktplatz",
        "website": "https://karlsruhe.stadtmobil.de/"
      },
      "geometry": {
        "type": "Point",
        "coordinates": [
          8.4055917,
          49.0082325
        ]
      },
      "id": "node/270264911"
    },
    {
      "type": "Feature",
      "properties": {
        "@id": "node/271478184",
        "bench": "no",
        "bin": "no",
        "bus": "yes",
        "highway": "bus_stop",
        "lit": "yes",
        "name": "Untergrombach Bhf Ost",
        "public_transport": "platform",
        "shelter": "no",
        "tactile_paving": "no",
        "wheelchair": "yes"
      },
      "geometry": {
        "type": "Point",
        "coordinates": [
          8.5496753,
          49.0866962
        ]
      },
      "id": "node/271478184"
    },
    {
      "type": "Feature",
      "properties": {
        "@id": "node/271726691",
        "bus": "yes",
        "highway": "bus_stop",
        "name": "Entenfang",
        "network": "Karlsruher Verkehrsverbund",
        "network:guid": "DE-BW-KVV",
        "network:short": "KVV",
        "network:wikidata": "Q1733986",
        "note": "Linien 70 und 222",
        "operator": "Verkehrsbetriebe Karlsruhe GmbH",
        "public_transport": "stop_position",
        "wheelchair": "yes",
        "wikidata": "Q124608493"
      },
      "geometry": {
        "type": "Point",
        "coordinates": [
          8.3594905,
          49.0106517
        ]
      },
      "id": "node/271726691"
    },
    {
      "type": "Feature",
      "properties": {
        "@id": "node/286069035",
        "addr:city": "Karlsruhe",
        "addr:country": "DE",
        "addr:housenumber": "7",
        "addr:postcode": "76185",
        "addr:street": "Carl-Metz-Straße",
        "brand": "Kaufland",
        "brand:wikidata": "Q685967",
        "brand:wikipedia": "en:Kaufland",
        "check_date:opening_hours": "2025-02-18",
        "internet_access": "wlan",
        "internet_access:fee": "no",
        "lastcheck": "2021-09-02",
        "name": "Kaufland",
        "opening_hours": "Mo-Sa 07:00-22:00; Su,PH off",
        "phone": "+49 721 15180",
        "shop": "supermarket",
        "toilets:wheelchair": "yes",
        "wheelchair": "yes"
      },
      "geometry": {
        "type": "Point",
        "coordinates": [
          8.3519714,
          49.0097984
        ]
      },
      "id": "node/286069035"
    },
    {
      "type": "Feature",
      "properties": {
        "@id": "node/286071607",
        "alt_name": "Grünwinkel Friedhof",
        "bench": "yes",
        "bin": "yes",
        "bus": "yes",
        "highway": "bus_stop",
        "lit": "yes",
        "name": "Grünwinkel-Friedhof",
        "network": "Karlsruher Verkehrsverbund",
        "network:guid": "DE-BW-KVV",
        "network:short": "KVV",
        "network:wikidata": "Q1733986",
        "operator": "Verkehrsbetriebe Karlsruhe GmbH",
        "public_transport": "platform",
        "shelter": "yes",
        "tactile_paving": "no",
        "wheelchair": "no",
        "wikidata": "Q131861793"
      },
      "geometry": {
        "type": "Point",
        "coordinates": [
          8.3559765,
          49.0053179
        ]
      },
      "id": "node/286071607"
    },
    {
      "type": "Feature",
      "properties": {
        "@id": "node/286071609",
        "alt_name": "Grünwinkel Friedhof",
        "bench": "yes",
        "bin": "yes",
        "bus": "yes",
        "highway": "bus_stop",
        "lit": "yes",
        "name": "Grünwinkel-Friedhof",
        "network": "Karlsruher Verkehrsverbund",
        "network:guid": "DE-BW-KVV",
        "network:short": "KVV",
        "network:wikidata": "Q1733986",
        "operator": "Verkehrsbetriebe Karlsruhe GmbH",
        "public_transport": "platform",
        "shelter": "yes",
        "tactile_paving": "no",
        "wheelchair": "no",
        "wikidata": "Q131861793"
      },
      "geometry": {
        "type": "Point",
        "coordinates": [
          8.3561983,
          49.0056979
        ]
      },
      "id": "node/286071609"
    },
    {
      "type": "Feature",
      "properties": {
        "@id": "node/286071611",
        "bench": "yes",
        "bin": "yes",
        "bus": "yes",
        "highway": "bus_stop",
        "lit": "yes",
        "name": "Blohnstraße",
        "network": "Karlsruher Verkehrsverbund",
        "network:guid": "DE-BW-KVV",
        "network:short": "KVV",
        "network:wikidata": "Q1733986",
        "operator": "Verkehrsbetriebe Karlsruhe GmbH",
        "public_transport": "platform",
        "shelter": "no",
        "tactile_paving": "yes",
        "wheelchair": "limited",
        "wikidata": "Q131861794"
      },
      "geometry": {
        "type": "Point",
        "coordinates": [
          8.356365,
          49.0075227
        ]
      },
      "id": "node/286071611"
    },
    {
      "type": "Feature",
      "properties": {
        "@id": "node/286071612",
        "bench": "yes",
        "bin": "yes",
        "bus": "yes",
        "check_date:shelter": "2021-06-26",
        "highway": "bus_stop",
        "lit": "yes",
        "name": "Blohnstraße",
        "network": "Karlsruher Verkehrsverbund",
        "network:guid": "DE-BW-KVV",
        "network:short": "KVV",
        "network:wikidata": "Q1733986",
        "operator": "Verkehrsbetriebe Karlsruhe GmbH",
        "public_transport": "platform",
        "shelter": "yes",
        "tactile_paving": "yes",
        "wheelchair": "limited",
        "wikidata": "Q131861794"
      },
      "geometry": {
        "type": "Point",
        "coordinates": [
          8.3555902,
          49.0074464
        ]
      },
      "id": "node/286071612"
    },
    {
      "type": "Feature",
      "properties": {
        "@id": "node/286343998",
        "alt_name": "Karlsruhe Sinner (Durmersheimer Straße)",
        "bench": "yes",
        "bin": "yes",
        "bus": "yes",
        "check_date:shelter": "2024-10-10",
        "highway": "bus_stop",
        "lit": "yes",
        "name": "Sinner (Durmersheimer Straße)",
        "network": "Karlsruher Verkehrsverbund",
        "network:guid": "DE-BW-KVV",
        "network:short": "KVV",
        "network:wikidata": "Q1733986",
        "operator": "Verkehrsbetriebe Karlsruhe GmbH",
        "public_transport": "platform",
        "shelter": "yes",
        "tactile_paving": "yes",
        "wheelchair": "yes",
        "wikidata": "Q131861792"
      },
      "geometry": {
        "type": "Point",
        "coordinates": [
          8.3551437,
          49.0026432
        ]
      },
      "id": "node/286343998"
    },
    {
      "type": "Feature",
      "properties": {
        "@id": "node/286343999",
        "addr:city": "Karlsruhe",
        "addr:country": "DE",
        "addr:housenumber": "15",
        "addr:postcode": "76185",
        "addr:street": "Zeppelinstraße",
        "brand": "Lidl",
        "brand:wikidata": "Q151954",
        "check_date:opening_hours": "2024-08-14",
        "name": "Lidl",
        "opening_hours": "Mo-Sa 07:00-21:00; PH off",
        "shop": "supermarket",
        "wheelchair": "yes"
      },
      "geometry": {
        "type": "Point",
        "coordinates": [
          8.3567958,
          49.0022661
        ]
      },
      "id": "node/286343999"
    },
    {
      "type": "Feature",
      "properties": {
        "@id": "node/286370208",
        "bench": "no",
        "bin": "yes",
        "bus": "yes",
        "highway": "bus_stop",
        "lit": "yes",
        "name": "Westbahnhof",
        "network": "Karlsruher Verkehrsverbund",
        "operator": "Verkehrsbetriebe Karlsruhe GmbH",
        "public_transport": "platform",
        "ref:IFOPT": "de:08212:6005",
        "ref:IFOPT:description": "Karlsruhe West",
        "shelter": "no",
        "tactile_paving": "no",
        "wheelchair": "limited"
      },
      "geometry": {
        "type": "Point",
        "coordinates": [
          8.3629889,
          49.0019025
        ]
      },
      "id": "node/286370208"
    },
    {
      "type": "Feature",
      "properties": {
        "@id": "node/286755051",
        "bench": "yes",
        "bin": "yes",
        "bus": "yes",
        "highway": "bus_stop",
        "lit": "no",
        "name": "Schloss Stutensee",
        "network": "Karlsruher Verkehrsverbund",
        "network:guid": "DE-BW-KVV",
        "network:short": "KVV",
        "network:wikidata": "Q1733986",
        "operator": "RVS Regionalbusverkehr Südwest GmbH",
        "passenger_information_display": "no",
        "public_transport": "platform",
        "ref_name": "Blankenloch Schloss Stutensee",
        "route_ref": "121;125",
        "shelter": "yes",
        "start_date": "2015-09",
        "tactile_paving": "no"
      },
      "geometry": {
        "type": "Point",
        "coordinates": [
          8.4824234,
          49.0897774
        ]
      },
      "id": "node/286755051"
    },
    {
      "type": "Feature",
      "properties": {
        "@id": "node/286755058",
        "bench": "yes",
        "bin": "yes",
        "bus": "yes",
        "highway": "bus_stop",
        "lit": "no",
        "name": "Schloss Stutensee",
        "network": "Karlsruher Verkehrsverbund",
        "network:guid": "DE-BW-KVV",
        "network:short": "KVV",
        "network:wikidata": "Q1733986",
        "operator": "RVS Regionalbusverkehr Südwest GmbH",
        "passenger_information_display": "no",
        "public_transport": "platform",
        "route_ref": "121;125",
        "shelter": "yes",
        "start_date": "2015-09",
        "tactile_paving": "no"
      },
      "geometry": {
        "type": "Point",
        "coordinates": [
          8.4810853,
          49.0885881
        ]
      },
      "id": "node/286755058"
    },
    {
      "type": "Feature",
      "properties": {
        "@id": "node/292082933",
        "addr:city": "Karlsruhe",
        "addr:housenumber": "217",
        "addr:postcode": "76133",
        "addr:street": "Kaiserstraße",
        "alt_name": "Lidl Postgalerie",
        "brand": "Lidl",
        "brand:wikidata": "Q151954",
        "brand:wikipedia": "en:Lidl",
        "check_date": "2024-11-25",
        "check_date:opening_hours": "2024-11-25",
        "level": "-1",
        "name": "Lidl",
        "opening_hours": "Mo-Sa 08:00-21:00; Su,PH off",
        "operator": "Lidl Vertriebs-GmbH & Co. KG (Bietigheim)",
        "payment:coins": "yes",
        "payment:contactless": "yes",
        "payment:girocard": "yes",
        "payment:mastercard": "yes",
        "payment:notes": "yes",
        "payment:visa": "yes",
        "ref:vatin": "DE813389176",
        "shop": "supermarket",
        "supermarket": "discount",
        "toilets:wheelchair": "no",
        "website": "https://www.lidl.de/filialen/karlsruhe-innenstadt/kaiserstr-217.html",
        "wheelchair": "yes"
      },
      "geometry": {
        "type": "Point",
        "coordinates": [
          8.3942563,
          49.009487
        ]
      },
      "id": "node/292082933"
    },
    {
      "type": "Feature",
      "properties": {
        "@id": "node/297576072",
        "bus": "yes",
        "highway": "bus_stop",
        "name": "Zündhütle",
        "network": "Karlsruher Verkehrsverbund",
        "operator": "Verkehrsbetriebe Karlsruhe GmbH",
        "public_transport": "stop_position",
        "ref:IFOPT": "de:08212:4492:3:5"
      },
      "geometry": {
        "type": "Point",
        "coordinates": [
          8.4604377,
          48.9829637
        ]
      },
      "id": "node/297576072"
    },
    {
      "type": "Feature",
      "properties": {
        "@id": "node/300279004",
        "bench": "yes",
        "bin": "yes",
        "bus": "yes",
        "highway": "bus_stop",
        "lit": "yes",
        "name": "Grötzingen Nord",
        "network": "Karlsruher Verkehrsverbund",
        "network:guid": "DE-BW-KVV",
        "network:short": "KVV",
        "network:wikidata": "Q1733986",
        "operator": "Verkehrsbetriebe Karlsruhe GmbH",
        "public_transport": "platform",
        "shelter": "yes",
        "tactile_paving": "no"
      },
      "geometry": {
        "type": "Point",
        "coordinates": [
          8.4941272,
          49.0145972
        ]
      },
      "id": "node/300279004"
    },
    {
      "type": "Feature",
      "properties": {
        "@id": "node/300279008",
        "bench": "yes",
        "bin": "yes",
        "bus": "yes",
        "highway": "bus_stop",
        "kerb": "yes",
        "lit": "yes",
        "name": "Karl-Leopold-Straße",
        "network": "Karlsruher Verkehrsverbund",
        "network:guid": "DE-BW-KVV",
        "network:short": "KVV",
        "network:wikidata": "Q1733986",
        "operator": "Verkehrsbetriebe Karlsruhe GmbH",
        "passenger_information_display": "no",
        "public_transport": "platform",
        "shelter": "yes",
        "source": "survey 2014",
        "tactile_paving": "yes"
      },
      "geometry": {
        "type": "Point",
        "coordinates": [
          8.4949518,
          49.0108365
        ]
      },
      "id": "node/300279008"
    },
    {
      "type": "Feature",
      "properties": {
        "@id": "node/300279017",
        "bench": "yes",
        "bin": "yes",
        "bus": "yes",
        "highway": "bus_stop",
        "lit": "no",
        "name": "Grötzingen Rathaus",
        "network": "Karlsruher Verkehrsverbund",
        "operator": "Verkehrsbetriebe Karlsruhe GmbH",
        "public_transport": "platform",
        "shelter": "yes",
        "tactile_paving": "yes",
        "wheelchair": "no"
      },
      "geometry": {
        "type": "Point",
        "coordinates": [
          8.4961647,
          49.0077005
        ]
      },
      "id": "node/300279017"
    },
    {
      "type": "Feature",
      "properties": {
        "@id": "node/300425127",
        "bench": "yes",
        "bin": "yes",
        "bus": "yes",
        "highway": "bus_stop",
        "lit": "yes",
        "name": "Grötzingen Bahnhof",
        "network": "Karlsruher Verkehrsverbund",
        "operator": "Verkehrsbetriebe Karlsruhe GmbH",
        "public_transport": "platform",
        "shelter": "no",
        "tactile_paving": "yes",
        "wheelchair": "no"
      },
      "geometry": {
        "type": "Point",
        "coordinates": [
          8.4934188,
          49.0061591
        ]
      },
      "id": "node/300425127"
    },
    {
      "type": "Feature",
      "properties": {
        "@id": "node/300425129",
        "bench": "yes",
        "bin": "yes",
        "bus": "yes",
        "highway": "bus_stop",
        "kerb": "raised",
        "kerb:approach_aid": "yes",
        "lit": "no",
        "name": "Fröbelstraße",
        "network": "Karlsruher Verkehrsverbund",
        "operator": "Verkehrsbetriebe Karlsruhe GmbH",
        "passenger_information_display": "no",
        "public_transport": "platform",
        "shelter": "yes",
        "tactile_paving": "yes",
        "wheelchair": "yes"
      },
      "geometry": {
        "type": "Point",
        "coordinates": [
          8.4911347,
          49.007736
        ]
      },
      "id": "node/300425129"
    },
    {
      "type": "Feature",
      "properties": {
        "@id": "node/300425130",
        "bench": "no",
        "bin": "no",
        "bus": "yes",
        "highway": "bus_stop",
        "lit": "yes",
        "name": "Durlach Turmberg",
        "public_transport": "platform",
        "ref:IFOPT": "de:08212:18:2:9",
        "shelter": "no",
        "tactile_paving": "no"
      },
      "geometry": {
        "type": "Point",
        "coordinates": [
          8.4786389,
          48.9994295
        ]
      },
      "id": "node/300425130"
    },
    {
      "type": "Feature",
      "properties": {
        "@id": "node/300425132",
        "bench": "yes",
        "bin": "yes",
        "bus": "yes",
        "highway": "bus_stop",
        "lit": "yes",
        "name": "Durlach Schlossplatz",
        "network": "Karlsruher Verkehrsverbund",
        "network:guid": "DE-BW-KVV",
        "network:short": "KVV",
        "network:wikidata": "Q1733986",
        "operator": "Verkehrsbetriebe Karlsruhe GmbH",
        "public_transport": "platform",
        "ref:IFOPT": "de:08212:17:1:3",
        "shelter": "yes",
        "tactile_paving": "yes",
        "wheelchair": "yes"
      },
      "geometry": {
        "type": "Point",
        "coordinates": [
          8.4745105,
          48.9990191
        ]
      },
      "id": "node/300425132"
    },
    {
      "type": "Feature",
      "properties": {
        "@id": "node/310394976",
        "bench": "no",
        "bin": "yes",
        "bus": "yes",
        "highway": "bus_stop",
        "lit": "yes",
        "name": "Weiherhof",
        "passenger_information_display": "no",
        "public_transport": "platform",
        "shelter": "no",
        "tactile_paving": "no",
        "wheelchair": "limited"
      },
      "geometry": {
        "type": "Point",
        "coordinates": [
          8.3929722,
          48.9857856
        ]
      },
      "id": "node/310394976"
    },
    {
      "type": "Feature",
      "properties": {
        "@id": "node/311191425",
        "amenity": "car_sharing",
        "brand": "Stadtmobil",
        "car_sharing": "key_safe",
        "network": "Stadtmobil Karlsruhe",
        "note": "Location of the safe",
        "operator": "Stadtmobil CarSharing GmbH & Co. KG",
        "ref": "Barbarossaplatz",
        "website": "https://karlsruhe.stadtmobil.de/",
        "wheelchair": "yes"
      },
      "geometry": {
        "type": "Point",
        "coordinates": [
          8.3900428,
          48.9953141
        ]
      },
      "id": "node/311191425"
    },
    {
      "type": "Feature",
      "properties": {
        "@id": "node/311372771",
        "addr:city": "Karlsruhe",
        "addr:country": "DE",
        "addr:housenumber": "67",
        "addr:postcode": "76137",
        "addr:street": "Karlstraße",
        "branch": "Karlsruhe City",
        "brand": "PENNY",
        "brand:wikidata": "Q284688",
        "check_date:opening_hours": "2024-12-09",
        "name": "PENNY",
        "note": "am Gebäude steht \"Penny Karlsruhe City\"",
        "opening_hours": "Mo-Sa 07:30-22:00; Su,PH off",
        "shop": "supermarket",
        "supermarket": "discount",
        "surveillance": "indoor",
        "wheelchair": "limited",
        "wheelchair:description": "Keine Stufen, automatische Tür, aber Drehkreuz am Eingang"
      },
      "geometry": {
        "type": "Point",
        "coordinates": [
          8.3945976,
          49.0014266
        ]
      },
      "id": "node/311372771"
    },
    {
      "type": "Feature",
      "properties": {
        "@id": "node/312385181",
        "amenity": "car_sharing",
        "brand": "Stadtmobil",
        "check_date": "2024-01-05",
        "network": "Stadtmobil Karlsruhe",
        "operator": "Stadtmobil CarSharing GmbH & Co. KG",
        "ref": "Luisenstraße - Queens Hotel",
        "website": "https://karlsruhe.stadtmobil.de/"
      },
      "geometry": {
        "type": "Point",
        "coordinates": [
          8.4048283,
          49.0003755
        ]
      },
      "id": "node/312385181"
    },
    {
      "type": "Feature",
      "properties": {
        "@id": "node/321426895",
        "addr:city": "Karlsruhe",
        "addr:country": "DE",
        "addr:housenumber": "46-48",
        "addr:postcode": "76137",
        "addr:street": "Werderstraße",
        "brand": "Nahkauf",
        "brand:wikidata": "Q57515238",
        "check_date:opening_hours": "2024-06-06",
        "diet:halal": "no",
        "diet:kosher": "no",
        "name": "Nahkauf",
        "opening_hours": "Mo-Sa 07:00-22:00; PH off",
        "operator": "Ute Petriccione",
        "shop": "supermarket",
        "wheelchair": "yes"
      },
      "geometry": {
        "type": "Point",
        "coordinates": [
          8.4073717,
          49.0013958
        ]
      },
      "id": "node/321426895"
    },
    {
      "type": "Feature",
      "properties": {
        "@id": "node/321575889",
        "bench": "yes",
        "bus": "yes",
        "highway": "bus_stop",
        "name": "Berghausen Am Stadion",
        "public_transport": "stop_position",
        "shelter": "yes",
        "uic_ref": "724238",
        "wheelchair": "no"
      },
      "geometry": {
        "type": "Point",
        "coordinates": [
          8.5366063,
          49.0024202
        ]
      },
      "id": "node/321575889"
    },
    {
      "type": "Feature",
      "properties": {
        "@id": "node/332571133",
        "bench": "yes",
        "bin": "no",
        "bus": "yes",
        "highway": "bus_stop",
        "lit": "no",
        "name": "Stresemannstraße",
        "network": "Karlsruher Verkehrsverbund",
        "network:guid": "DE-BW-KVV",
        "network:short": "KVV",
        "network:wikidata": "Q1733986",
        "operator": "Verkehrsbetriebe Karlsruhe GmbH",
        "public_transport": "platform",
        "shelter": "no",
        "tactile_paving": "yes"
      },
      "geometry": {
        "type": "Point",
        "coordinates": [
          8.3744252,
          49.0262163
        ]
      },
      "id": "node/332571133"
    },
    {
      "type": "Feature",
      "properties": {
        "@id": "node/332571134",
        "bench": "yes",
        "bin": "no",
        "bus": "yes",
        "highway": "bus_stop",
        "lit": "yes",
        "name": "Stresemannstraße",
        "network": "Karlsruher Verkehrsverbund",
        "network:guid": "DE-BW-KVV",
        "network:short": "KVV",
        "network:wikidata": "Q1733986",
        "operator": "Verkehrsbetriebe Karlsruhe GmbH",
        "public_transport": "platform",
        "shelter": "no",
        "tactile_paving": "yes"
      },
      "geometry": {
        "type": "Point",
        "coordinates": [
          8.3745861,
          49.0263413
        ]
      },
      "id": "node/332571134"
    },
    {
      "type": "Feature",
      "properties": {
        "@id": "node/332571135",
        "bench": "yes",
        "bin": "no",
        "bus": "yes",
        "highway": "bus_stop",
        "lit": "yes",
        "name": "Landauer Straße",
        "network": "Karlsruher Verkehrsverbund",
        "network:guid": "DE-BW-KVV",
        "network:short": "KVV",
        "network:wikidata": "Q1733986",
        "operator": "Verkehrsbetriebe Karlsruhe GmbH",
        "public_transport": "platform",
        "shelter": "yes",
        "tactile_paving": "no"
      },
      "geometry": {
        "type": "Point",
        "coordinates": [
          8.3704652,
          49.0307771
        ]
      },
      "id": "node/332571135"
    },
    {
      "type": "Feature",
      "properties": {
        "@id": "node/332571136",
        "bench": "yes",
        "bin": "yes",
        "bus": "yes",
        "highway": "bus_stop",
        "lit": "yes",
        "name": "Landauer Straße",
        "network": "Karlsruher Verkehrsverbund",
        "network:guid": "DE-BW-KVV",
        "network:short": "KVV",
        "network:wikidata": "Q1733986",
        "operator": "Verkehrsbetriebe Karlsruhe GmbH",
        "public_transport": "platform",
        "shelter": "yes",
        "tactile_paving": "no"
      },
      "geometry": {
        "type": "Point",
        "coordinates": [
          8.3702623,
          49.0312006
        ]
      },
      "id": "node/332571136"
    },
    {
      "type": "Feature",
      "properties": {
        "@id": "node/332571137",
        "bench": "yes",
        "bin": "yes",
        "bus": "yes",
        "highway": "bus_stop",
        "lit": "yes",
        "name": "Trierer Straße",
        "network": "Karlsruher Verkehrsverbund",
        "network:guid": "DE-BW-KVV",
        "network:short": "KVV",
        "network:wikidata": "Q1733986",
        "operator": "Verkehrsbetriebe Karlsruhe GmbH",
        "public_transport": "platform",
        "shelter": "yes",
        "tactile_paving": "yes"
      },
      "geometry": {
        "type": "Point",
        "coordinates": [
          8.3724465,
          49.0352534
        ]
      },
      "id": "node/332571137"
    },
    {
      "type": "Feature",
      "properties": {
        "@id": "node/332571138",
        "bench": "yes",
        "bin": "yes",
        "bus": "yes",
        "highway": "bus_stop",
        "lit": "yes",
        "name": "Trierer Straße",
        "network": "Karlsruher Verkehrsverbund",
        "network:guid": "DE-BW-KVV",
        "network:short": "KVV",
        "network:wikidata": "Q1733986",
        "operator": "Verkehrsbetriebe Karlsruhe GmbH",
        "public_transport": "platform",
        "shelter": "yes",
        "tactile_paving": "yes"
      },
      "geometry": {
        "type": "Point",
        "coordinates": [
          8.3727503,
          49.035352
        ]
      },
      "id": "node/332571138"
    },
    {
      "type": "Feature",
      "properties": {
        "@id": "node/332571139",
        "bench": "yes",
        "bin": "yes",
        "bus": "yes",
        "highway": "bus_stop",
        "lit": "yes",
        "name": "Kaiserslauterner Straße",
        "network": "Karlsruher Verkehrsverbund",
        "network:guid": "DE-BW-KVV",
        "network:short": "KVV",
        "network:wikidata": "Q1733986",
        "operator": "Verkehrsbetriebe Karlsruhe GmbH",
        "public_transport": "platform",
        "shelter": "yes",
        "tactile_paving": "yes"
      },
      "geometry": {
        "type": "Point",
        "coordinates": [
          8.3740403,
          49.0368262
        ]
      },
      "id": "node/332571139"
    },
    {
      "type": "Feature",
      "properties": {
        "@id": "node/332571140",
        "bench": "yes",
        "bin": "yes",
        "bus": "yes",
        "highway": "bus_stop",
        "lit": "yes",
        "name": "Kaiserslauterner Straße",
        "network": "Karlsruher Verkehrsverbund",
        "network:guid": "DE-BW-KVV",
        "network:short": "KVV",
        "network:wikidata": "Q1733986",
        "operator": "Verkehrsbetriebe Karlsruhe GmbH",
        "public_transport": "platform",
        "shelter": "yes",
        "tactile_paving": "yes",
        "wheelchair": "yes"
      },
      "geometry": {
        "type": "Point",
        "coordinates": [
          8.3742795,
          49.0365502
        ]
      },
      "id": "node/332571140"
    },
    {
      "type": "Feature",
      "properties": {
        "@id": "node/332571141",
        "bench": "yes",
        "bin": "yes",
        "bus": "yes",
        "highway": "bus_stop",
        "lit": "yes",
        "name": "Germersheimer Straße",
        "network": "Karlsruher Verkehrsverbund",
        "operator": "Verkehrsbetriebe Karlsruhe GmbH",
        "public_transport": "platform",
        "shelter": "yes",
        "tactile_paving": "yes"
      },
      "geometry": {
        "type": "Point",
        "coordinates": [
          8.3647121,
          49.0331005
        ]
      },
      "id": "node/332571141"
    },
    {
      "type": "Feature",
      "properties": {
        "@id": "node/332571142",
        "bench": "yes",
        "bin": "yes",
        "bus": "yes",
        "highway": "bus_stop",
        "lit": "yes",
        "name": "Germersheimer Straße",
        "network": "Karlsruher Verkehrsverbund",
        "operator": "Verkehrsbetriebe Karlsruhe GmbH",
        "public_transport": "platform",
        "shelter": "no",
        "tactile_paving": "yes"
      },
      "geometry": {
        "type": "Point",
        "coordinates": [
          8.3649399,
          49.0327379
        ]
      },
      "id": "node/332571142"
    },
    {
      "type": "Feature",
      "properties": {
        "@id": "node/332571143",
        "bench": "yes",
        "bin": "yes",
        "bus": "yes",
        "check_date:shelter": "2022-04-17",
        "highway": "bus_stop",
        "lit": "yes",
        "name": "Berliner Straße",
        "network": "Karlsruher Verkehrsverbund",
        "operator": "Verkehrsbetriebe Karlsruhe GmbH",
        "public_transport": "platform",
        "shelter": "yes",
        "tactile_paving": "no"
      },
      "geometry": {
        "type": "Point",
        "coordinates": [
          8.3643746,
          49.0308532
        ]
      },
      "id": "node/332571143"
    },
    {
      "type": "Feature",
      "properties": {
        "@id": "node/332571144",
        "bench": "no",
        "bin": "no",
        "bus": "yes",
        "check_date:shelter": "2022-04-17",
        "highway": "bus_stop",
        "lit": "no",
        "name": "Berliner Straße",
        "network": "Karlsruher Verkehrsverbund",
        "operator": "Verkehrsbetriebe Karlsruhe GmbH",
        "public_transport": "platform",
        "shelter": "no",
        "tactile_paving": "no"
      },
      "geometry": {
        "type": "Point",
        "coordinates": [
          8.3643865,
          49.0307719
        ]
      },
      "id": "node/332571144"
    },
    {
      "type": "Feature",
      "properties": {
        "@id": "node/332571145",
        "bench": "yes",
        "bin": "yes",
        "bus": "yes",
        "check_date:shelter": "2022-09-11",
        "highway": "bus_stop",
        "lit": "yes",
        "name": "Binger Straße",
        "network": "Karlsruher Verkehrsverbund",
        "operator": "Verkehrsbetriebe Karlsruhe GmbH",
        "public_transport": "platform",
        "shelter": "yes",
        "tactile_paving": "no"
      },
      "geometry": {
        "type": "Point",
        "coordinates": [
          8.3613752,
          49.0311464
        ]
      },
      "id": "node/332571145"
    },
    {
      "type": "Feature",
      "properties": {
        "@id": "node/332571146",
        "bench": "no",
        "bin": "yes",
        "bus": "yes",
        "highway": "bus_stop",
        "lit": "yes",
        "name": "Binger Straße",
        "network": "Karlsruher Verkehrsverbund",
        "operator": "Verkehrsbetriebe Karlsruhe GmbH",
        "public_transport": "platform",
        "shelter": "no",
        "tactile_paving": "yes"
      },
      "geometry": {
        "type": "Point",
        "coordinates": [
          8.3606053,
          49.0311796
        ]
      },
      "id": "node/332571146"
    },
    {
      "type": "Feature",
      "properties": {
        "@id": "node/332571147",
        "bench": "yes",
        "bin": "no",
        "bus": "yes",
        "check_date:shelter": "2023-01-27",
        "highway": "bus_stop",
        "lit": "yes",
        "name": "Husarenlager",
        "network": "Karlsruher Verkehrsverbund",
        "network:guid": "DE-BW-KVV",
        "network:short": "KVV",
        "network:wikidata": "Q1733986",
        "operator": "Verkehrsbetriebe Karlsruhe GmbH",
        "public_transport": "platform",
        "shelter": "yes",
        "tactile_paving": "no"
      },
      "geometry": {
        "type": "Point",
        "coordinates": [
          8.3547369,
          49.0329866
        ]
      },
      "id": "node/332571147"
    },
    {
      "type": "Feature",
      "properties": {
        "@id": "node/332571148",
        "bench": "yes",
        "bin": "no",
        "bus": "yes",
        "check_date:shelter": "2023-01-27",
        "highway": "bus_stop",
        "lit": "yes",
        "name": "Husarenlager",
        "network": "Karlsruher Verkehrsverbund",
        "network:guid": "DE-BW-KVV",
        "network:short": "KVV",
        "network:wikidata": "Q1733986",
        "operator": "Verkehrsbetriebe Karlsruhe GmbH",
        "public_transport": "platform",
        "shelter": "yes",
        "tactile_paving": "no"
      },
      "geometry": {
        "type": "Point",
        "coordinates": [
          8.3554165,
          49.0328141
        ]
      },
      "id": "node/332571148"
    },
    {
      "type": "Feature",
      "properties": {
        "@id": "node/332571149",
        "bench": "yes",
        "bin": "yes",
        "bus": "yes",
        "departures_board": "timetable",
        "highway": "bus_stop",
        "lit": "yes",
        "name": "Egon-Eiermann-Allee",
        "network": "Karlsruher Verkehrsverbund",
        "network:guid": "DE-BW-KVV",
        "network:short": "KVV",
        "network:wikidata": "Q1733986",
        "operator": "Verkehrsbetriebe Karlsruhe GmbH",
        "public_transport": "platform",
        "shelter": "yes",
        "tactile_paving": "yes"
      },
      "geometry": {
        "type": "Point",
        "coordinates": [
          8.3512011,
          49.0352564
        ]
      },
      "id": "node/332571149"
    },
    {
      "type": "Feature",
      "properties": {
        "@id": "node/332571150",
        "bench": "yes",
        "bin": "yes",
        "bus": "yes",
        "departures_board": "timetable",
        "highway": "bus_stop",
        "lit": "yes",
        "name": "Egon-Eiermann-Allee",
        "network": "Karlsruher Verkehrsverbund",
        "network:guid": "DE-BW-KVV",
        "network:short": "KVV",
        "network:wikidata": "Q1733986",
        "operator": "Verkehrsbetriebe Karlsruhe GmbH",
        "passenger_information_display": "no",
        "public_transport": "platform",
        "shelter": "yes",
        "tactile_paving": "yes",
        "wheelchair": "yes"
      },
      "geometry": {
        "type": "Point",
        "coordinates": [
          8.3513132,
          49.0350206
        ]
      },
      "id": "node/332571150"
    },
    {
      "type": "Feature",
      "properties": {
        "@id": "node/335974928",
        "bench": "yes",
        "bin": "yes",
        "bus": "yes",
        "highway": "bus_stop",
        "lit": "yes",
        "name": "Madenburgweg",
        "network": "Karlsruher Verkehrsverbund",
        "network:guid": "DE-BW-KVV",
        "network:short": "KVV",
        "network:wikidata": "Q1733986",
        "operator": "Verkehrsbetriebe Karlsruhe GmbH",
        "public_transport": "platform",
        "shelter": "yes",
        "tactile_paving": "no"
      },
      "geometry": {
        "type": "Point",
        "coordinates": [
          8.3653456,
          49.0271019
        ]
      },
      "id": "node/335974928"
    },
    {
      "type": "Feature",
      "properties": {
        "@id": "node/335974929",
        "bench": "yes",
        "bin": "yes",
        "bus": "yes",
        "highway": "bus_stop",
        "lit": "yes",
        "name": "Madenburgweg",
        "network": "Karlsruher Verkehrsverbund",
        "network:guid": "DE-BW-KVV",
        "network:short": "KVV",
        "network:wikidata": "Q1733986",
        "operator": "Verkehrsbetriebe Karlsruhe GmbH",
        "public_transport": "platform",
        "shelter": "no",
        "tactile_paving": "no"
      },
      "geometry": {
        "type": "Point",
        "coordinates": [
          8.3654877,
          49.0271448
        ]
      },
      "id": "node/335974929"
    },
    {
      "type": "Feature",
      "properties": {
        "@id": "node/335974931",
        "bench": "yes",
        "bin": "yes",
        "bus": "yes",
        "highway": "bus_stop",
        "lit": "yes",
        "name": "Barbaraweg",
        "network": "Karlsruher Verkehrsverbund",
        "operator": "Verkehrsbetriebe Karlsruhe GmbH",
        "public_transport": "platform",
        "shelter": "yes",
        "tactile_paving": "yes"
      },
      "geometry": {
        "type": "Point",
        "coordinates": [
          8.3658963,
          49.0239898
        ]
      },
      "id": "node/335974931"
    },
    {
      "type": "Feature",
      "properties": {
        "@id": "node/335974933",
        "bench": "yes",
        "bin": "yes",
        "bus": "yes",
        "highway": "bus_stop",
        "lit": "yes",
        "name": "Barbaraweg",
        "network": "Karlsruher Verkehrsverbund",
        "operator": "Verkehrsbetriebe Karlsruhe GmbH",
        "public_transport": "platform",
        "shelter": "no",
        "tactile_paving": "yes"
      },
      "geometry": {
        "type": "Point",
        "coordinates": [
          8.366075,
          49.0234819
        ]
      },
      "id": "node/335974933"
    },
    {
      "type": "Feature",
      "properties": {
        "@id": "node/335974935",
        "bench": "yes",
        "bin": "yes",
        "bus": "yes",
        "check_date:shelter": "2025-01-03",
        "highway": "bus_stop",
        "lit": "yes",
        "name": "Hertzstraße",
        "network": "Karlsruher Verkehrsverbund",
        "operator": "Verkehrsbetriebe Karlsruhe GmbH",
        "public_transport": "platform",
        "shelter": "yes",
        "tactile_paving": "yes"
      },
      "geometry": {
        "type": "Point",
        "coordinates": [
          8.3650456,
          49.0202515
        ]
      },
      "id": "node/335974935"
    },
    {
      "type": "Feature",
      "properties": {
        "@id": "node/335974936",
        "bench": "yes",
        "bin": "yes",
        "bus": "yes",
        "highway": "bus_stop",
        "lit": "yes",
        "name": "Hertzstraße",
        "network": "Karlsruher Verkehrsverbund",
        "operator": "Verkehrsbetriebe Karlsruhe GmbH",
        "public_transport": "platform",
        "shelter": "yes",
        "tactile_paving": "yes",
        "wheelchair": "yes"
      },
      "geometry": {
        "type": "Point",
        "coordinates": [
          8.3651092,
          49.0202147
        ]
      },
      "id": "node/335974936"
    },
    {
      "type": "Feature",
      "properties": {
        "@id": "node/335976178",
        "bench": "yes",
        "bin": "yes",
        "highway": "bus_stop",
        "lit": "yes",
        "name": "Flughafenstraße",
        "network": "Karlsruher Verkehrsverbund",
        "operator": "Verkehrsbetriebe Karlsruhe GmbH",
        "shelter": "yes",
        "tactile_paving": "no",
        "wheelchair": "yes"
      },
      "geometry": {
        "type": "Point",
        "coordinates": [
          8.3805256,
          49.0361407
        ]
      },
      "id": "node/335976178"
    },
    {
      "type": "Feature",
      "properties": {
        "@id": "node/335976182",
        "bench": "no",
        "bin": "yes",
        "bus": "yes",
        "highway": "bus_stop",
        "lit": "yes",
        "name": "Flughafenstraße",
        "network": "Karlsruher Verkehrsverbund",
        "network:guid": "DE-BW-KVV",
        "network:short": "KVV",
        "network:wikidata": "Q1733986",
        "operator": "Verkehrsbetriebe Karlsruhe GmbH",
        "passenger_information_display": "no",
        "public_transport": "platform",
        "shelter": "no",
        "tactile_paving": "no",
        "wheelchair": "no"
      },
      "geometry": {
        "type": "Point",
        "coordinates": [
          8.3808893,
          49.036265
        ]
      },
      "id": "node/335976182"
    },
    {
      "type": "Feature",
      "properties": {
        "@id": "node/335978577",
        "bus": "yes",
        "highway": "bus_stop",
        "name": "Rosmarinweg",
        "network": "Karlsruher Verkehrsverbund",
        "network:guid": "DE-BW-KVV",
        "network:short": "KVV",
        "network:wikidata": "Q1733986",
        "operator": "Verkehrsbetriebe Karlsruhe GmbH",
        "public_transport": "stop_position"
      },
      "geometry": {
        "type": "Point",
        "coordinates": [
          8.3859211,
          49.0352803
        ]
      },
      "id": "node/335978577"
    },
    {
      "type": "Feature",
      "properties": {
        "@id": "node/335983665",
        "bench": "yes",
        "bin": "yes",
        "bus": "yes",
        "highway": "bus_stop",
        "lit": "yes",
        "name": "Berliner Straße",
        "network": "Karlsruher Verkehrsverbund",
        "operator": "Verkehrsbetriebe Karlsruhe GmbH",
        "public_transport": "platform",
        "shelter": "no",
        "tactile_paving": "yes"
      },
      "geometry": {
        "type": "Point",
        "coordinates": [
          8.3650165,
          49.0302143
        ]
      },
      "id": "node/335983665"
    },
    {
      "type": "Feature",
      "properties": {
        "@id": "node/335983667",
        "bench": "yes",
        "bin": "yes",
        "bus": "yes",
        "highway": "bus_stop",
        "lit": "yes",
        "name": "Berliner Straße",
        "network": "Karlsruher Verkehrsverbund",
        "operator": "Verkehrsbetriebe Karlsruhe GmbH",
        "public_transport": "platform",
        "shelter": "yes",
        "tactile_paving": "yes"
      },
      "geometry": {
        "type": "Point",
        "coordinates": [
          8.3648515,
          49.0301575
        ]
      },
      "id": "node/335983667"
    },
    {
      "type": "Feature",
      "properties": {
        "@id": "node/343643721",
        "bench": "yes",
        "bin": "yes",
        "bus": "yes",
        "highway": "bus_stop",
        "lit": "yes",
        "name": "Elbinger Straße (West)",
        "network": "Karlsruher Verkehrsverbund",
        "network:guid": "DE-BW-KVV",
        "network:short": "KVV",
        "network:wikidata": "Q1733986",
        "operator": "Verkehrsbetriebe Karlsruhe GmbH",
        "public_transport": "platform",
        "shelter": "no",
        "tactile_paving": "no"
      },
      "geometry": {
        "type": "Point",
        "coordinates": [
          8.4384405,
          49.0412124
        ]
      },
      "id": "node/343643721"
    },
    {
      "type": "Feature",
      "properties": {
        "@id": "node/345154523",
        "brand": "Netto Marken-Discount",
        "brand:wikidata": "Q879858",
        "name": "Netto Marken-Discount",
        "opening_hours": "Mo-Sa 07:00-21:00",
        "shop": "supermarket",
        "website": "https://www.netto-online.de/filialen/Karlsruhe/Neureuter-Str-45/3993/",
        "wheelchair": "yes"
      },
      "geometry": {
        "type": "Point",
        "coordinates": [
          8.3574495,
          49.0273752
        ]
      },
      "id": "node/345154523"
    },
    {
      "type": "Feature",
      "properties": {
        "@id": "node/345161883",
        "bench": "no",
        "bin": "no",
        "bus": "yes",
        "highway": "bus_stop",
        "lit": "yes",
        "local_ref": "A",
        "name": "Eggensteiner Straße",
        "network": "Karlsruher Verkehrsverbund",
        "network:guid": "DE-BW-KVV",
        "network:short": "KVV",
        "network:wikidata": "Q1733986",
        "operator": "Verkehrsbetriebe Karlsruhe GmbH",
        "public_transport": "platform",
        "shelter": "no",
        "tactile_paving": "no"
      },
      "geometry": {
        "type": "Point",
        "coordinates": [
          8.3382824,
          49.0338681
        ]
      },
      "id": "node/345161883"
    },
    {
      "type": "Feature",
      "properties": {
        "@id": "node/345161884",
        "bench": "yes",
        "bin": "yes",
        "bus": "yes",
        "departures_board": "realtime",
        "highway": "bus_stop",
        "lit": "yes",
        "local_ref": "A",
        "name": "Rheinbergstraße",
        "network": "Karlsruher Verkehrsverbund",
        "network:guid": "DE-BW-KVV",
        "network:short": "KVV",
        "network:wikidata": "Q1733986",
        "operator": "Verkehrsbetriebe Karlsruhe GmbH",
        "public_transport": "platform",
        "shelter": "yes",
        "tactile_paving": "no"
      },
      "geometry": {
        "type": "Point",
        "coordinates": [
          8.3363408,
          49.0352901
        ]
      },
      "id": "node/345161884"
    },
    {
      "type": "Feature",
      "properties": {
        "@id": "node/345161886",
        "bench": "yes",
        "bin": "no",
        "bus": "yes",
        "highway": "bus_stop",
        "lit": "yes",
        "name": "Pionierstraße",
        "network": "Karlsruher Verkehrsverbund",
        "network:guid": "DE-BW-KVV",
        "network:short": "KVV",
        "network:wikidata": "Q1733986",
        "operator": "Verkehrsbetriebe Karlsruhe GmbH",
        "public_transport": "platform",
        "shelter": "yes",
        "tactile_paving": "yes",
        "wheelchair": "no"
      },
      "geometry": {
        "type": "Point",
        "coordinates": [
          8.3471687,
          49.0333789
        ]
      },
      "id": "node/345161886"
    },
    {
      "type": "Feature",
      "properties": {
        "@id": "node/345418165",
        "bench": "yes",
        "bin": "yes",
        "bus": "yes",
        "highway": "bus_stop",
        "lit": "no",
        "name": "Weingarten Bahnhof Ost",
        "network": "Karlsruher Verkehrsverbund",
        "network:guid": "DE-BW-KVV",
        "network:short": "KVV",
        "network:wikidata": "Q1733986",
        "network:wikipedia": "de:Karlsruher Verkehrsverbund",
        "public_transport": "platform",
        "ref:IFOPT": "de:08215:32257:0:2",
        "shelter": "yes",
        "tactile_paving": "no",
        "wheelchair": "no"
      },
      "geometry": {
        "type": "Point",
        "coordinates": [
          8.5215322,
          49.0577511
        ]
      },
      "id": "node/345418165"
    },
    {
      "type": "Feature",
      "properties": {
        "@id": "node/345418167",
        "bench": "yes",
        "bin": "yes",
        "bus": "yes",
        "highway": "bus_stop",
        "lit": "no",
        "name": "Weingarten Bahnhof Ost",
        "network": "Karlsruher Verkehrsverbund",
        "network:guid": "DE-BW-KVV",
        "network:short": "KVV",
        "network:wikidata": "Q1733986",
        "public_transport": "platform",
        "ref:IFOPT": "de:08215:32257:0:1",
        "shelter": "no",
        "tactile_paving": "no",
        "wheelchair": "no"
      },
      "geometry": {
        "type": "Point",
        "coordinates": [
          8.5217087,
          49.0577053
        ]
      },
      "id": "node/345418167"
    },
    {
      "type": "Feature",
      "properties": {
        "@id": "node/348398260",
        "bench": "yes",
        "bin": "yes",
        "bus": "yes",
        "highway": "bus_stop",
        "lit": "no",
        "name": "Kärcherstraße",
        "network": "Karlsruher Verkehrsverbund",
        "network:guid": "DE-BW-KVV",
        "network:short": "KVV",
        "network:wikidata": "Q1733986",
        "operator": "Verkehrsbetriebe Karlsruhe GmbH",
        "public_transport": "platform",
        "shelter": "yes",
        "tactile_paving": "yes"
      },
      "geometry": {
        "type": "Point",
        "coordinates": [
          8.3616327,
          49.0160929
        ]
      },
      "id": "node/348398260"
    },
    {
      "type": "Feature",
      "properties": {
        "@id": "node/348398267",
        "bench": "yes",
        "bin": "yes",
        "bus": "yes",
        "highway": "bus_stop",
        "lit": "yes",
        "name": "Kärcherstraße",
        "network": "Karlsruher Verkehrsverbund",
        "network:guid": "DE-BW-KVV",
        "network:short": "KVV",
        "network:wikidata": "Q1733986",
        "operator": "Verkehrsbetriebe Karlsruhe GmbH",
        "public_transport": "platform",
        "shelter": "yes",
        "tactile_paving": "yes"
      },
      "geometry": {
        "type": "Point",
        "coordinates": [
          8.3618331,
          49.0161389
        ]
      },
      "id": "node/348398267"
    },
    {
      "type": "Feature",
      "properties": {
        "@id": "node/349028072",
        "bench": "no",
        "bin": "no",
        "bus": "yes",
        "check_date:lit": "2023-01-27",
        "highway": "bus_stop",
        "lit": "yes",
        "name": "Pionierstraße",
        "network": "Karlsruher Verkehrsverbund",
        "network:guid": "DE-BW-KVV",
        "network:short": "KVV",
        "network:wikidata": "Q1733986",
        "operator": "Verkehrsbetriebe Karlsruhe GmbH",
        "public_transport": "platform",
        "shelter": "yes",
        "tactile_paving": "yes",
        "wheelchair": "no"
      },
      "geometry": {
        "type": "Point",
        "coordinates": [
          8.3471407,
          49.0332925
        ]
      },
      "id": "node/349028072"
    },
    {
      "type": "Feature",
      "properties": {
        "@id": "node/349028073",
        "bench": "no",
        "bin": "no",
        "bus": "yes",
        "highway": "bus_stop",
        "lit": "yes",
        "name": "Landeckstraße",
        "network": "Karlsruher Verkehrsverbund",
        "network:guid": "DE-BW-KVV",
        "network:short": "KVV",
        "network:wikidata": "Q1733986",
        "operator": "Verkehrsbetriebe Karlsruhe GmbH",
        "public_transport": "platform",
        "shelter": "no",
        "tactile_paving": "no"
      },
      "geometry": {
        "type": "Point",
        "coordinates": [
          8.3428414,
          49.0366824
        ]
      },
      "id": "node/349028073"
    },
    {
      "type": "Feature",
      "properties": {
        "@id": "node/349028075",
        "bench": "no",
        "bin": "no",
        "bus": "yes",
        "highway": "bus_stop",
        "lit": "yes",
        "name": "Landeckstraße",
        "network": "Karlsruher Verkehrsverbund",
        "network:guid": "DE-BW-KVV",
        "network:short": "KVV",
        "network:wikidata": "Q1733986",
        "operator": "Verkehrsbetriebe Karlsruhe GmbH",
        "public_transport": "platform",
        "shelter": "no",
        "tactile_paving": "no"
      },
      "geometry": {
        "type": "Point",
        "coordinates": [
          8.3428736,
          49.0365541
        ]
      },
      "id": "node/349028075"
    },
    {
      "type": "Feature",
      "properties": {
        "@id": "node/349028076",
        "bench": "no",
        "bin": "yes",
        "bus": "yes",
        "highway": "bus_stop",
        "lit": "no",
        "name": "Reinmuthstraße",
        "network": "Karlsruher Verkehrsverbund",
        "network:guid": "DE-BW-KVV",
        "network:short": "KVV",
        "network:wikidata": "Q1733986",
        "operator": "Verkehrsbetriebe Karlsruhe GmbH",
        "public_transport": "platform",
        "remark": "verlegt",
        "shelter": "no",
        "tactile_paving": "no",
        "type": "public_transport"
      },
      "geometry": {
        "type": "Point",
        "coordinates": [
          8.3406743,
          49.0349235
        ]
      },
      "id": "node/349028076"
    },
    {
      "type": "Feature",
      "properties": {
        "@id": "node/349028077",
        "bench": "no",
        "bin": "no",
        "bus": "yes",
        "highway": "bus_stop",
        "lit": "yes",
        "name": "Reinmuthstraße",
        "network": "Karlsruher Verkehrsverbund",
        "network:guid": "DE-BW-KVV",
        "network:short": "KVV",
        "network:wikidata": "Q1733986",
        "operator": "Verkehrsbetriebe Karlsruhe GmbH",
        "public_transport": "platform",
        "shelter": "no",
        "tactile_paving": "no"
      },
      "geometry": {
        "type": "Point",
        "coordinates": [
          8.3404457,
          49.03485
        ]
      },
      "id": "node/349028077"
    },
    {
      "type": "Feature",
      "properties": {
        "@id": "node/349034390",
        "bus": "yes",
        "highway": "bus_stop",
        "name": "Holbeinstraße",
        "network": "Karlsruher Verkehrsverbund",
        "operator": "Verkehrsbetriebe Karlsruhe GmbH",
        "public_transport": "platform"
      },
      "geometry": {
        "type": "Point",
        "coordinates": [
          8.3827486,
          49.0468077
        ]
      },
      "id": "node/349034390"
    },
    {
      "type": "Feature",
      "properties": {
        "@id": "node/349176551",
        "bench": "no",
        "bin": "yes",
        "bus": "yes",
        "highway": "bus_stop",
        "lit": "yes",
        "name": "Grünewaldstraße",
        "network": "Karlsruher Verkehrsverbund",
        "operator": "Verkehrsbetriebe Karlsruhe GmbH",
        "public_transport": "platform",
        "shelter": "no",
        "tactile_paving": "no"
      },
      "geometry": {
        "type": "Point",
        "coordinates": [
          8.3816439,
          49.0455689
        ]
      },
      "id": "node/349176551"
    },
    {
      "type": "Feature",
      "properties": {
        "@id": "node/361038833",
        "amenity": "car_sharing",
        "brand": "Stadtmobil",
        "capacity": "2",
        "check_date": "2024-09-02",
        "network": "Stadtmobil Karlsruhe",
        "note": "entlang der Parkstraße, bevorzugt in der Nähe der Kreuzung mit der Schönfeldstraße",
        "operator": "Stadtmobil CarSharing GmbH & Co. KG",
        "ref": "Parkstraße",
        "website": "https://karlsruhe.stadtmobil.de/",
        "wheelchair": "limited"
      },
      "geometry": {
        "type": "Point",
        "coordinates": [
          8.4229029,
          49.0124157
        ]
      },
      "id": "node/361038833"
    },
    {
      "type": "Feature",
      "properties": {
        "@id": "node/361039226",
        "amenity": "car_sharing",
        "brand": "Stadtmobil",
        "brand:wikidata": "Q2327629",
        "brand:wikipedia": "de:Stadtmobil",
        "car_sharing": "key_safe",
        "network": "Stadtmobil Karlsruhe",
        "opening_hours": "24/7",
        "operator": "Stadtmobil CarSharing GmbH & Co. KG",
        "ref": "Technologiefabrik Haid-und-Neu-Straße Hof",
        "website": "https://karlsruhe.stadtmobil.de/",
        "wheelchair": "yes"
      },
      "geometry": {
        "type": "Point",
        "coordinates": [
          8.4247356,
          49.0127597
        ]
      },
      "id": "node/361039226"
    },
    {
      "type": "Feature",
      "properties": {
        "@id": "node/361040681",
        "amenity": "car_sharing",
        "brand": "Stadtmobil",
        "car_sharing": "key_safe",
        "check_date": "2023-12-21",
        "network": "Stadtmobil Karlsruhe",
        "note": "Schlüsseltresor",
        "operator": "Stadtmobil CarSharing GmbH & Co. KG",
        "ref": "Rintheimer Straße",
        "website": "https://karlsruhe.stadtmobil.de/"
      },
      "geometry": {
        "type": "Point",
        "coordinates": [
          8.4247935,
          49.011013
        ]
      },
      "id": "node/361040681"
    },
    {
      "type": "Feature",
      "properties": {
        "@id": "node/361044782",
        "amenity": "car_sharing",
        "brand": "Stadtmobil",
        "network": "Stadtmobil Karlsruhe",
        "operator": "Stadtmobil CarSharing GmbH & Co. KG",
        "ref": "Hansjakobstraße",
        "website": "https://karlsruhe.stadtmobil.de/"
      },
      "geometry": {
        "type": "Point",
        "coordinates": [
          8.4202467,
          49.0113227
        ]
      },
      "id": "node/361044782"
    },
    {
      "type": "Feature",
      "properties": {
        "@id": "node/367023930",
        "amenity": "car_sharing",
        "brand": "Stadtmobil",
        "check_date": "2025-02-17",
        "network": "Stadtmobil Karlsruhe",
        "operator": "Stadtmobil CarSharing GmbH & Co. KG",
        "ref": "Erzbergerstraße",
        "toilets:wheelchair": "no",
        "website": "https://karlsruhe.stadtmobil.de/",
        "wheelchair": "yes"
      },
      "geometry": {
        "type": "Point",
        "coordinates": [
          8.3852711,
          49.020709
        ]
      },
      "id": "node/367023930"
    },
    {
      "type": "Feature",
      "properties": {
        "@id": "node/371144753",
        "bench": "yes",
        "bin": "yes",
        "bus": "yes",
        "highway": "bus_stop",
        "lit": "yes",
        "name": "Hohenwettersbach Mitte",
        "network": "Karlsruher Verkehrsverbund",
        "operator": "Verkehrsbetriebe Karlsruhe GmbH",
        "public_transport": "platform",
        "ref": "24",
        "shelter": "yes",
        "tactile_paving": "yes",
        "wheelchair": "yes"
      },
      "geometry": {
        "type": "Point",
        "coordinates": [
          8.478464,
          48.968351
        ]
      },
      "id": "node/371144753"
    },
    {
      "type": "Feature",
      "properties": {
        "@id": "node/371145284",
        "bench": "no",
        "bin": "yes",
        "bus": "yes",
        "highway": "bus_stop",
        "lit": "yes",
        "name": "Medersbuckel",
        "network": "Karlsruher Verkehrsverbund",
        "operator": "Verkehrsbetriebe Karlsruhe GmbH",
        "public_transport": "platform",
        "shelter": "no",
        "tactile_paving": "no"
      },
      "geometry": {
        "type": "Point",
        "coordinates": [
          8.4766241,
          48.9702401
        ]
      },
      "id": "node/371145284"
    },
    {
      "type": "Feature",
      "properties": {
        "@id": "node/371145294",
        "bench": "no",
        "bin": "yes",
        "bus": "yes",
        "highway": "bus_stop",
        "lit": "yes",
        "name": "Medersbuckel",
        "network": "Karlsruher Verkehrsverbund",
        "operator": "Verkehrsbetriebe Karlsruhe GmbH",
        "public_transport": "platform",
        "ref": "44",
        "shelter": "no",
        "tactile_paving": "no"
      },
      "geometry": {
        "type": "Point",
        "coordinates": [
          8.4760448,
          48.9709589
        ]
      },
      "id": "node/371145294"
    },
    {
      "type": "Feature",
      "properties": {
        "@id": "node/371730759",
        "bench": "no",
        "bin": "yes",
        "bus": "yes",
        "highway": "bus_stop",
        "lit": "yes",
        "name": "Hohenwettersbach Mitte",
        "network": "Karlsruher Verkehrsverbund",
        "operator": "Verkehrsbetriebe Karlsruhe GmbH",
        "public_transport": "platform",
        "ref": "44",
        "shelter": "no",
        "tactile_paving": "yes",
        "wheelchair": "yes"
      },
      "geometry": {
        "type": "Point",
        "coordinates": [
          8.4783797,
          48.9681934
        ]
      },
      "id": "node/371730759"
    },
    {
      "type": "Feature",
      "properties": {
        "@id": "node/371732822",
        "bus": "yes",
        "highway": "bus_stop",
        "name": "Zündhütle",
        "network": "Karlsruher Verkehrsverbund",
        "network:guid": "DE-BW-KVV",
        "network:short": "KVV",
        "network:wikidata": "Q1733986",
        "network:wikipedia": "de:Karlsruher Verkehrsverbund",
        "operator": "Verkehrsbetriebe Karlsruhe GmbH",
        "public_transport": "stop_position",
        "ref:IFOPT": "de:08212:4492:4:6"
      },
      "geometry": {
        "type": "Point",
        "coordinates": [
          8.460534,
          48.9831333
        ]
      },
      "id": "node/371732822"
    },
    {
      "type": "Feature",
      "properties": {
        "@id": "node/383622765",
        "bench": "no",
        "highway": "bus_stop",
        "name": "Kleinsteinbach Bockstalstraße",
        "network": "Karlsruher Verkehrsverbund",
        "network:guid": "DE-BW-KVV",
        "network:short": "KVV",
        "operator": "AVG",
        "public_transport": "platform",
        "ref_name": "Kleinsteinbach/Baden, Bockstalstraße",
        "shelter": "no",
        "tactile_paving": "no"
      },
      "geometry": {
        "type": "Point",
        "coordinates": [
          8.5457452,
          48.9638492
        ]
      },
      "id": "node/383622765"
    },
    {
      "type": "Feature",
      "properties": {
        "@id": "node/383622783",
        "bench": "no",
        "highway": "bus_stop",
        "name": "Kleinsteinbach Bockstalstraße",
        "network": "Karlsruher Verkehrsverbund",
        "network:guid": "DE-BW-KVV",
        "network:short": "KVV",
        "operator": "AVG",
        "public_transport": "platform",
        "ref_name": "Kleinsteinbach/Baden, Bockstalstraße",
        "shelter": "no",
        "tactile_paving": "no"
      },
      "geometry": {
        "type": "Point",
        "coordinates": [
          8.5461632,
          48.9639269
        ]
      },
      "id": "node/383622783"
    },
    {
      "type": "Feature",
      "properties": {
        "@id": "node/391983250",
        "bench": "yes",
        "bin": "no",
        "bus": "yes",
        "check_date:shelter": "2021-07-01",
        "highway": "bus_stop",
        "lit": "yes",
        "name": "Grötzingen Rathaus",
        "network": "Karlsruher Verkehrsverbund",
        "network:guid": "DE-BW-KVV",
        "network:short": "KVV",
        "network:wikidata": "Q1733986",
        "operator": "Verkehrsbetriebe Karlsruhe GmbH",
        "public_transport": "platform",
        "shelter": "no",
        "tactile_paving": "no",
        "wheelchair": "no"
      },
      "geometry": {
        "type": "Point",
        "coordinates": [
          8.4952496,
          49.0075748
        ]
      },
      "id": "node/391983250"
    },
    {
      "type": "Feature",
      "properties": {
        "@id": "node/392129725",
        "bench": "no",
        "bin": "yes",
        "bus": "yes",
        "highway": "bus_stop",
        "lit": "yes",
        "name": "Dammerstock",
        "network": "Karlsruher Verkehrsverbund",
        "network:guid": "DE-BW-KVV",
        "network:short": "KVV",
        "network:wikidata": "Q1733986",
        "operator": "Verkehrsbetriebe Karlsruhe GmbH",
        "public_transport": "platform",
        "ref:IFOPT": "de:08212:1206:21:21",
        "ref:IFOPT:description": "Dammerstock",
        "shelter": "no",
        "tactile_paving": "yes",
        "wheelchair": "limited"
      },
      "geometry": {
        "type": "Point",
        "coordinates": [
          8.4031021,
          48.9848016
        ]
      },
      "id": "node/392129725"
    },
    {
      "type": "Feature",
      "properties": {
        "@id": "node/392129726",
        "bench": "yes",
        "bin": "yes",
        "bus": "yes",
        "highway": "bus_stop",
        "lit": "yes",
        "name": "Nürnberger Straße",
        "network": "Karlsruher Verkehrsverbund",
        "operator": "Verkehrsbetriebe Karlsruhe GmbH",
        "public_transport": "platform",
        "shelter": "no",
        "tactile_paving": "no",
        "wheelchair": "limited"
      },
      "geometry": {
        "type": "Point",
        "coordinates": [
          8.3987099,
          48.9843354
        ]
      },
      "id": "node/392129726"
    },
    {
      "type": "Feature",
      "properties": {
        "@id": "node/392129727",
        "bench": "yes",
        "bin": "yes",
        "bus": "yes",
        "highway": "bus_stop",
        "lit": "yes",
        "name": "Nürnberger Straße",
        "network": "Karlsruher Verkehrsverbund",
        "operator": "Verkehrsbetriebe Karlsruhe GmbH",
        "public_transport": "platform",
        "shelter": "yes",
        "tactile_paving": "no",
        "wheelchair": "limited"
      },
      "geometry": {
        "type": "Point",
        "coordinates": [
          8.398485,
          48.9844207
        ]
      },
      "id": "node/392129727"
    },
    {
      "type": "Feature",
      "properties": {
        "@id": "node/392129728",
        "bench": "yes",
        "bin": "yes",
        "bus": "yes",
        "check_date:shelter": "2022-12-03",
        "highway": "bus_stop",
        "lit": "no",
        "name": "Belchenplatz",
        "network": "Karlsruher Verkehrsverbund",
        "network:guid": "DE-BW-KVV",
        "network:short": "KVV",
        "network:wikidata": "Q1733986",
        "operator": "Verkehrsbetriebe Karlsruhe GmbH",
        "public_transport": "platform",
        "shelter": "yes",
        "tactile_paving": "yes",
        "wheelchair": "limited"
      },
      "geometry": {
        "type": "Point",
        "coordinates": [
          8.3903126,
          48.9823478
        ]
      },
      "id": "node/392129728"
    },
    {
      "type": "Feature",
      "properties": {
        "@id": "node/392129729",
        "bench": "yes",
        "bin": "yes",
        "bus": "yes",
        "check_date:shelter": "2021-03-07",
        "highway": "bus_stop",
        "lit": "no",
        "name": "Belchenplatz",
        "network": "Karlsruher Verkehrsverbund",
        "network:guid": "DE-BW-KVV",
        "network:short": "KVV",
        "network:wikidata": "Q1733986",
        "operator": "Verkehrsbetriebe Karlsruhe GmbH",
        "public_transport": "platform",
        "shelter": "yes",
        "source": "LA-KA",
        "tactile_paving": "yes",
        "wheelchair": "limited"
      },
      "geometry": {
        "type": "Point",
        "coordinates": [
          8.3904441,
          48.982447
        ]
      },
      "id": "node/392129729"
    },
    {
      "type": "Feature",
      "properties": {
        "@id": "node/392129730",
        "bench": "yes",
        "bin": "yes",
        "bus": "yes",
        "highway": "bus_stop",
        "lit": "yes",
        "name": "Weiherhof",
        "network": "Karlsruher Verkehrsverbund",
        "network:guid": "DE-BW-KVV",
        "network:short": "KVV",
        "network:wikidata": "Q1733986",
        "operator": "Verkehrsbetriebe Karlsruhe GmbH",
        "passenger_information_display": "no",
        "public_transport": "platform",
        "shelter": "yes",
        "tactile_paving": "no",
        "wheelchair": "no"
      },
      "geometry": {
        "type": "Point",
        "coordinates": [
          8.3927518,
          48.9857172
        ]
      },
      "id": "node/392129730"
    },
    {
      "type": "Feature",
      "properties": {
        "@id": "node/392129731",
        "bench": "yes",
        "bin": "yes",
        "bus": "yes",
        "highway": "bus_stop",
        "lit": "no",
        "name": "Neckarplatz",
        "public_transport": "platform",
        "shelter": "yes",
        "tactile_paving": "no",
        "wheelchair": "limited"
      },
      "geometry": {
        "type": "Point",
        "coordinates": [
          8.3943558,
          48.9875217
        ]
      },
      "id": "node/392129731"
    },
    {
      "type": "Feature",
      "properties": {
        "@id": "node/392129732",
        "bench": "yes",
        "bin": "yes",
        "bus": "yes",
        "highway": "bus_stop",
        "lit": "no",
        "name": "Neckarplatz",
        "public_transport": "platform",
        "shelter": "no",
        "tactile_paving": "no",
        "wheelchair": "limited"
      },
      "geometry": {
        "type": "Point",
        "coordinates": [
          8.3940611,
          48.9873537
        ]
      },
      "id": "node/392129732"
    },
    {
      "type": "Feature",
      "properties": {
        "@id": "node/392129733",
        "bench": "yes",
        "bin": "yes",
        "bus": "yes",
        "highway": "bus_stop",
        "lit": "yes",
        "name": "Stephanienbad",
        "public_transport": "platform",
        "shelter": "no",
        "tactile_paving": "no"
      },
      "geometry": {
        "type": "Point",
        "coordinates": [
          8.3918897,
          48.9910464
        ]
      },
      "id": "node/392129733"
    },
    {
      "type": "Feature",
      "properties": {
        "@id": "node/392129734",
        "bench": "no",
        "bin": "yes",
        "bus": "yes",
        "highway": "bus_stop",
        "lit": "yes",
        "name": "Stephanienbad",
        "public_transport": "platform",
        "shelter": "no",
        "tactile_paving": "no"
      },
      "geometry": {
        "type": "Point",
        "coordinates": [
          8.3917118,
          48.9908731
        ]
      },
      "id": "node/392129734"
    },
    {
      "type": "Feature",
      "properties": {
        "@id": "node/401300581",
        "bench": "yes",
        "bin": "no",
        "bus": "yes",
        "highway": "bus_stop",
        "lit": "yes",
        "name": "Rintheimer Querallee",
        "network": "Karlsruher Verkehrsverbund",
        "network:guid": "DE-BW-KVV",
        "network:short": "KVV",
        "network:wikidata": "Q1733986",
        "operator": "Verkehrsbetriebe Karlsruhe GmbH",
        "public_transport": "platform",
        "shelter": "no",
        "tactile_paving": "yes"
      },
      "geometry": {
        "type": "Point",
        "coordinates": [
          8.424603,
          49.0254641
        ]
      },
      "id": "node/401300581"
    },
    {
      "type": "Feature",
      "properties": {
        "@id": "node/401300582",
        "bench": "yes",
        "bin": "no",
        "bus": "yes",
        "highway": "bus_stop",
        "lit": "yes",
        "name": "Rintheimer Querallee",
        "network": "Karlsruher Verkehrsverbund",
        "network:guid": "DE-BW-KVV",
        "network:short": "KVV",
        "network:wikidata": "Q1733986",
        "operator": "Verkehrsbetriebe Karlsruhe GmbH",
        "public_transport": "platform",
        "shelter": "yes",
        "tactile_paving": "yes"
      },
      "geometry": {
        "type": "Point",
        "coordinates": [
          8.4240106,
          49.0252792
        ]
      },
      "id": "node/401300582"
    },
    {
      "type": "Feature",
      "properties": {
        "@id": "node/406368108",
        "amenity": "car_sharing",
        "brand": "Stadtmobil",
        "check_date": "2024-03-05",
        "network": "Stadtmobil Karlsruhe",
        "operator": "Stadtmobil CarSharing GmbH & Co. KG",
        "ref": "Marienstraße",
        "website": "https://karlsruhe.stadtmobil.de/"
      },
      "geometry": {
        "type": "Point",
        "coordinates": [
          8.4087685,
          49.0000366
        ]
      },
      "id": "node/406368108"
    },
    {
      "type": "Feature",
      "properties": {
        "@id": "node/409720385",
        "amenity": "car_sharing",
        "brand": "Stadtmobil",
        "brand:wikidata": "Q2327629",
        "car_sharing": "key_safe",
        "check_date": "2024-05-04",
        "description": "Standort Tresor",
        "network": "Stadtmobil Karlsruhe",
        "opening_hours": "24/7",
        "operator": "Stadtmobil CarSharing GmbH & Co. KG",
        "operator:type": "private",
        "ref": "Waldstadtzentrum",
        "website": "https://karlsruhe.stadtmobil.de/",
        "wheelchair": "limited"
      },
      "geometry": {
        "type": "Point",
        "coordinates": [
          8.4439983,
          49.0340033
        ]
      },
      "id": "node/409720385"
    },
    {
      "type": "Feature",
      "properties": {
        "@id": "node/412362464",
        "bench": "yes",
        "bin": "yes",
        "bus": "yes",
        "covered": "no",
        "highway": "bus_stop",
        "lit": "yes",
        "name": "Forchheim Akazienweg",
        "network": "Karlsruher Verkehrsverbund (KVV)",
        "public_transport": "platform",
        "shelter": "yes",
        "tactile_paving": "yes",
        "wheelchair": "limited"
      },
      "geometry": {
        "type": "Point",
        "coordinates": [
          8.3391533,
          48.9628205
        ]
      },
      "id": "node/412362464"
    },
    {
      "type": "Feature",
      "properties": {
        "@id": "node/415538768",
        "bench": "no",
        "bin": "no",
        "bus": "yes",
        "highway": "bus_stop",
        "lit": "yes",
        "name": "Untergrombach Bhf West",
        "public_transport": "platform",
        "shelter": "no",
        "tactile_paving": "no",
        "toilets:wheelchair": "no",
        "wheelchair": "yes"
      },
      "geometry": {
        "type": "Point",
        "coordinates": [
          8.5471849,
          49.0882648
        ]
      },
      "id": "node/415538768"
    },
    {
      "type": "Feature",
      "properties": {
        "@id": "node/418340781",
        "bench": "yes",
        "bin": "yes",
        "bus": "yes",
        "highway": "bus_stop",
        "lit": "yes",
        "name": "August-Bebel-Straße",
        "network": "Karlsruher Verkehrsverbund",
        "network:guid": "DE-BW-KVV",
        "network:short": "KVV",
        "network:wikidata": "Q1733986",
        "operator": "Verkehrsbetriebe Karlsruhe GmbH",
        "public_transport": "platform",
        "shelter": "yes",
        "tactile_paving": "yes",
        "wheelchair": "yes"
      },
      "geometry": {
        "type": "Point",
        "coordinates": [
          8.3754451,
          49.024304
        ]
      },
      "id": "node/418340781"
    },
    {
      "type": "Feature",
      "properties": {
        "@id": "node/420602693",
        "bench": "yes",
        "bin": "yes",
        "bus": "yes",
        "check_date:shelter": "2021-06-26",
        "departures_board": "timetable",
        "highway": "bus_stop",
        "lit": "yes",
        "name": "Durmersheimer Straße",
        "network": "Karlsruher Verkehrsverbund",
        "network:guid": "DE-BW-KVV",
        "network:short": "KVV",
        "network:wikidata": "Q1733986",
        "operator": "Verkehrsbetriebe Karlsruhe GmbH",
        "public_transport": "platform",
        "shelter": "yes",
        "tactile_paving": "yes",
        "wikidata": "Q131861791"
      },
      "geometry": {
        "type": "Point",
        "coordinates": [
          8.3506629,
          49.0004718
        ]
      },
      "id": "node/420602693"
    },
    {
      "type": "Feature",
      "properties": {
        "@id": "node/420602696",
        "bench": "yes",
        "bin": "yes",
        "bus": "yes",
        "check_date:shelter": "2021-06-26",
        "highway": "bus_stop",
        "lit": "yes",
        "name": "St. Josefs-Kirche",
        "network": "Karlsruher Verkehrsverbund",
        "network:guid": "DE-BW-KVV",
        "network:short": "KVV",
        "network:wikidata": "Q1733986",
        "operator": "Verkehrsbetriebe Karlsruhe GmbH",
        "public_transport": "platform",
        "shelter": "yes",
        "tactile_paving": "yes",
        "wikidata": "Q131861790"
      },
      "geometry": {
        "type": "Point",
        "coordinates": [
          8.3484975,
          48.9987281
        ]
      },
      "id": "node/420602696"
    },
    {
      "type": "Feature",
      "properties": {
        "@id": "node/420673166",
        "bench": "yes",
        "bin": "yes",
        "bus": "yes",
        "highway": "bus_stop",
        "lit": "yes",
        "name": "Wattkopfstraße",
        "network": "Karlsruher Verkehrsverbund",
        "network:guid": "DE-BW-KVV",
        "network:short": "KVV",
        "network:wikidata": "Q1733986",
        "operator": "Verkehrsbetriebe Karlsruhe GmbH",
        "public_transport": "platform",
        "shelter": "yes",
        "tactile_paving": "yes",
        "wheelchair": "yes",
        "wikidata": "Q131861786"
      },
      "geometry": {
        "type": "Point",
        "coordinates": [
          8.3518018,
          48.9946129
        ]
      },
      "id": "node/420673166"
    },
    {
      "type": "Feature",
      "properties": {
        "@id": "node/420673169",
        "bench": "yes",
        "bin": "yes",
        "bus": "yes",
        "highway": "bus_stop",
        "lit": "yes",
        "name": "Wattkopfstraße",
        "network": "Karlsruher Verkehrsverbund",
        "network:guid": "DE-BW-KVV",
        "network:short": "KVV",
        "network:wikidata": "Q1733986",
        "operator": "Verkehrsbetriebe Karlsruhe GmbH",
        "public_transport": "platform",
        "shelter": "no",
        "tactile_paving": "no",
        "wheelchair": "yes",
        "wikidata": "Q131861786"
      },
      "geometry": {
        "type": "Point",
        "coordinates": [
          8.3514733,
          48.9945076
        ]
      },
      "id": "node/420673169"
    },
    {
      "type": "Feature",
      "properties": {
        "@id": "node/420673183",
        "bench": "yes",
        "bin": "yes",
        "bus": "yes",
        "check_date": "2022-05-14",
        "highway": "bus_stop",
        "lit": "no",
        "name": "Bulach West",
        "network": "Karlsruher Verkehrsverbund",
        "network:guid": "DE-BW-KVV",
        "network:short": "KVV",
        "network:wikidata": "Q1733986",
        "network:wikipedia": "de:Karlsruher Verkehrsverbund",
        "operator": "Verkehrsbetriebe Karlsruhe GmbH",
        "shelter": "no",
        "tactile_paving": "yes"
      },
      "geometry": {
        "type": "Point",
        "coordinates": [
          8.3752973,
          48.9892651
        ]
      },
      "id": "node/420673183"
    },
    {
      "type": "Feature",
      "properties": {
        "@id": "node/420673186",
        "bus": "yes",
        "highway": "bus_stop",
        "name": "Beiertheim West",
        "network": "Karlsruher Verkehrsverbund",
        "operator": "Verkehrsbetriebe Karlsruhe GmbH",
        "public_transport": "stop_position",
        "wikidata": "Q131861770"
      },
      "geometry": {
        "type": "Point",
        "coordinates": [
          8.3827681,
          48.9951085
        ]
      },
      "id": "node/420673186"
    },
    {
      "type": "Feature",
      "properties": {
        "@id": "node/420673187",
        "bench": "yes",
        "bin": "yes",
        "bus": "yes",
        "highway": "bus_stop",
        "lit": "yes",
        "name": "Welfenstraße",
        "network": "Karlsruher Verkehrsverbund",
        "operator": "Verkehrsbetriebe Karlsruhe GmbH",
        "shelter": "yes",
        "tactile_paving": "no",
        "wheelchair": "yes"
      },
      "geometry": {
        "type": "Point",
        "coordinates": [
          8.3861917,
          48.9953089
        ]
      },
      "id": "node/420673187"
    },
    {
      "type": "Feature",
      "properties": {
        "@id": "node/420741106",
        "bus": "yes",
        "highway": "bus_stop",
        "name": "Albert-Braun-Straße",
        "network": "Karlsruher Verkehrsverbund",
        "network:guid": "DE-BW-KVV",
        "network:short": "KVV",
        "network:wikidata": "Q1733986",
        "network:wikipedia": "de:Karlsruher Verkehrsverbund",
        "operator": "Verkehrsbetriebe Karlsruhe GmbH",
        "public_transport": "stop_position",
        "wheelchair": "yes"
      },
      "geometry": {
        "type": "Point",
        "coordinates": [
          8.3637515,
          48.9890653
        ]
      },
      "id": "node/420741106"
    },
    {
      "type": "Feature",
      "properties": {
        "@id": "node/421656425",
        "bench": "yes",
        "bin": "yes",
        "bus": "yes",
        "check_date:shelter": "2021-10-17",
        "description": "Haltestelle für den Verkersversuch am Oststadtkreisel aufgehoben",
        "disused:bus": "yes",
        "disused:highway": "bus_stop",
        "disused:public_transport": "platform",
        "highway": "bus_stop",
        "lit": "yes",
        "name": "Gottesauer Platz",
        "network": "Karlsruher Verkehrsverbund",
        "network:guid": "DE-BW-KVV",
        "network:short": "KVV",
        "network:wikidata": "Q1733986",
        "operator": "Verkehrsbetriebe Karlsruhe GmbH",
        "public_transport": "platform",
        "ref:IFOPT": "de:08212:6:2:3",
        "shelter": "yes",
        "tactile_paving": "yes"
      },
      "geometry": {
        "type": "Point",
        "coordinates": [
          8.4239868,
          49.0072214
        ]
      },
      "id": "node/421656425"
    },
    {
      "type": "Feature",
      "properties": {
        "@id": "node/422647199",
        "bench": "no",
        "bin": "no",
        "bus": "yes",
        "highway": "bus_stop",
        "lit": "no",
        "name": "Fächerbad",
        "network": "Karlsruher Verkehrsverbund",
        "network:guid": "DE-BW-KVV",
        "network:short": "KVV",
        "network:wikidata": "Q1733986",
        "operator": "Verkehrsbetriebe Karlsruhe GmbH",
        "public_transport": "platform",
        "ref_name": "Hagsfeld Fächerbad",
        "shelter": "no",
        "tactile_paving": "no"
      },
      "geometry": {
        "type": "Point",
        "coordinates": [
          8.4482578,
          49.0252655
        ]
      },
      "id": "node/422647199"
    },
    {
      "type": "Feature",
      "properties": {
        "@id": "node/422647202",
        "bench": "no",
        "bus": "yes",
        "highway": "bus_stop",
        "name": "Fächerbad",
        "network": "Karlsruher Verkehrsverbund",
        "network:guid": "DE-BW-KVV",
        "network:short": "KVV",
        "network:wikidata": "Q1733986",
        "operator": "Verkehrsbetriebe Karlsruhe GmbH",
        "public_transport": "platform",
        "ref_name": "Hagsfeld Fächerbad",
        "shelter": "no",
        "tactile_paving": "no",
        "wheelchair": "limited"
      },
      "geometry": {
        "type": "Point",
        "coordinates": [
          8.4485521,
          49.0251262
        ]
      },
      "id": "node/422647202"
    },
    {
      "type": "Feature",
      "properties": {
        "@id": "node/428117791",
        "bench": "no",
        "bin": "no",
        "bus": "yes",
        "highway": "bus_stop",
        "lit": "yes",
        "name": "Bärenweg",
        "network": "Karlsruher Verkehrsverbund",
        "network:guid": "DE-BW-KVV",
        "network:short": "KVV",
        "network:wikidata": "Q1733986",
        "operator": "Verkehrsbetriebe Karlsruhe GmbH",
        "public_transport": "platform",
        "shelter": "no",
        "tactile_paving": "no"
      },
      "geometry": {
        "type": "Point",
        "coordinates": [
          8.3788769,
          49.0471319
        ]
      },
      "id": "node/428117791"
    },
    {
      "type": "Feature",
      "properties": {
        "@id": "node/428141638",
        "bench": "no",
        "bin": "yes",
        "bus": "yes",
        "highway": "bus_stop",
        "lit": "yes",
        "name": "Blankenlocher Weg",
        "network": "Karlsruher Verkehrsverbund",
        "network:guid": "DE-BW-KVV",
        "network:short": "KVV",
        "network:wikidata": "Q1733986",
        "operator": "Verkehrsbetriebe Karlsruhe GmbH",
        "public_transport": "platform",
        "shelter": "no",
        "tactile_paving": "yes",
        "wheelchair": "yes"
      },
      "geometry": {
        "type": "Point",
        "coordinates": [
          8.3999537,
          49.0534553
        ]
      },
      "id": "node/428141638"
    },
    {
      "type": "Feature",
      "properties": {
        "@id": "node/428141641",
        "bench": "no",
        "bin": "yes",
        "bus": "yes",
        "highway": "bus_stop",
        "lit": "yes",
        "name": "Blankenlocher Weg",
        "network": "Karlsruher Verkehrsverbund",
        "network:guid": "DE-BW-KVV",
        "network:short": "KVV",
        "network:wikidata": "Q1733986",
        "network:wikipedia": "de:Karlsruher Verkehrsverbund",
        "operator": "Verkehrsbetriebe Karlsruhe GmbH",
        "public_transport": "platform",
        "shelter": "no",
        "tactile_paving": "yes",
        "wheelchair": "yes"
      },
      "geometry": {
        "type": "Point",
        "coordinates": [
          8.3991687,
          49.0536557
        ]
      },
      "id": "node/428141641"
    },
    {
      "type": "Feature",
      "properties": {
        "@id": "node/443820365",
        "bench": "yes",
        "bin": "yes",
        "bus": "yes",
        "check_date:shelter": "2022-11-23",
        "highway": "bus_stop",
        "lit": "yes",
        "name": "Grünwettersbach Rathaus",
        "network": "Karlsruher Verkehrsverbund",
        "network:guid": "DE-BW-KVV",
        "network:short": "KVV",
        "network:wikidata": "Q1733986",
        "operator": "Verkehrsbetriebe Karlsruhe GmbH",
        "public_transport": "platform",
        "shelter": "yes",
        "tactile_paving": "yes"
      },
      "geometry": {
        "type": "Point",
        "coordinates": [
          8.4668444,
          48.9580737
        ]
      },
      "id": "node/443820365"
    },
    {
      "type": "Feature",
      "properties": {
        "@id": "node/444440674",
        "bench": "yes",
        "bin": "yes",
        "bus": "yes",
        "highway": "bus_stop",
        "lit": "yes",
        "name": "Grünwettersbach Mitte",
        "network": "Karlsruher Verkehrsverbund",
        "network:guid": "DE-BW-KVV",
        "network:short": "KVV",
        "network:wikidata": "Q1733986",
        "network:wikipedia": "de:Karlsruher Verkehrsverbund",
        "operator": "Verkehrsbetriebe Karlsruhe GmbH",
        "public_transport": "platform",
        "ref_name": "Grünwettersbach, Mitte",
        "shelter": "yes",
        "tactile_paving": "yes"
      },
      "geometry": {
        "type": "Point",
        "coordinates": [
          8.4703314,
          48.9550166
        ]
      },
      "id": "node/444440674"
    },
    {
      "type": "Feature",
      "properties": {
        "@id": "node/444440675",
        "bench": "no",
        "bin": "yes",
        "bus": "yes",
        "highway": "bus_stop",
        "lit": "yes",
        "name": "Grünwettersbach Mitte",
        "network": "Karlsruher Verkehrsverbund",
        "network:guid": "DE-BW-KVV",
        "network:short": "KVV",
        "network:wikidata": "Q1733986",
        "network:wikipedia": "de:Karlsruher Verkehrsverbund",
        "operator": "Verkehrsbetriebe Karlsruhe GmbH",
        "public_transport": "platform",
        "ref_name": "Grünwettersbach, Mitte",
        "shelter": "no",
        "tactile_paving": "no"
      },
      "geometry": {
        "type": "Point",
        "coordinates": [
          8.4703814,
          48.9552458
        ]
      },
      "id": "node/444440675"
    },
    {
      "type": "Feature",
      "properties": {
        "@id": "node/444440676",
        "bench": "yes",
        "bin": "yes",
        "bus": "yes",
        "highway": "bus_stop",
        "lit": "yes",
        "name": "Seniorenresidenz",
        "network": "Karlsruher Verkehrsverbund",
        "network:guid": "DE-BW-KVV",
        "network:short": "KVV",
        "network:wikidata": "Q1733986",
        "network:wikipedia": "de:Karlsruher Verkehrsverbund",
        "operator": "Verkehrsbetriebe Karlsruhe GmbH",
        "public_transport": "platform",
        "ref_name": "Grünwettersbach, Seniorenresidenz",
        "shelter": "yes",
        "tactile_paving": "yes"
      },
      "geometry": {
        "type": "Point",
        "coordinates": [
          8.4714294,
          48.9519256
        ]
      },
      "id": "node/444440676"
    },
    {
      "type": "Feature",
      "properties": {
        "@id": "node/444440677",
        "bench": "yes",
        "bin": "yes",
        "bus": "yes",
        "check_date:bin": "2022-12-20",
        "highway": "bus_stop",
        "lit": "yes",
        "name": "Seniorenresidenz",
        "network": "Karlsruher Verkehrsverbund",
        "network:guid": "DE-BW-KVV",
        "network:short": "KVV",
        "network:wikidata": "Q1733986",
        "network:wikipedia": "de:Karlsruher Verkehrsverbund",
        "operator": "Verkehrsbetriebe Karlsruhe GmbH",
        "public_transport": "platform",
        "ref_name": "Grünwettersbach, Seniorenresidenz",
        "shelter": "yes",
        "tactile_paving": "yes"
      },
      "geometry": {
        "type": "Point",
        "coordinates": [
          8.4713288,
          48.9525273
        ]
      },
      "id": "node/444440677"
    },
    {
      "type": "Feature",
      "properties": {
        "@id": "node/452947507",
        "bench": "yes",
        "bin": "yes",
        "bus": "yes",
        "departures_board": "timetable",
        "highway": "bus_stop",
        "lit": "yes",
        "name": "Bergwald Mitte",
        "network": "Karlsruher Verkehrsverbund",
        "operator": "Verkehrsbetriebe Karlsruhe GmbH",
        "public_transport": "platform",
        "ref": "24",
        "ref:IFOPT": "de:08212:4409:0:1",
        "shelter": "yes",
        "tactile_paving": "yes",
        "wheelchair": "yes"
      },
      "geometry": {
        "type": "Point",
        "coordinates": [
          8.4682947,
          48.9717654
        ]
      },
      "id": "node/452947507"
    },
    {
      "type": "Feature",
      "properties": {
        "@id": "node/454973291",
        "addr:city": "Karlsruhe",
        "addr:country": "DE",
        "addr:housenumber": "1-3",
        "addr:postcode": "76133",
        "addr:street": "Fritz-Erler-Straße",
        "brand": "EDEKA",
        "check_date:opening_hours": "2024-10-28",
        "contact:website": "http://www.edeka-lukasiewicz.de/",
        "drink:afri-cola": "yes",
        "drink:beer": "yes",
        "drink:club-mate": "yes",
        "level": "0",
        "name": "EDEKA Frischemarkt",
        "not:brand:wikidata": "Q701755",
        "opening_hours": "Mo-Fr 08:30-20:00; Sa 08:00-20:00; Su off",
        "payment:cash": "yes",
        "payment:contactless": "yes",
        "payment:girocard": "yes",
        "phone": "+49 721 3844167",
        "shop": "supermarket",
        "surveillance": "indoor",
        "toilets:wheelchair": "no",
        "website": "https://www.edeka-lukasiewicz.de/index.php/unsere-maerkte/markt-kronenplatz",
        "wheelchair": "yes"
      },
      "geometry": {
        "type": "Point",
        "coordinates": [
          8.4104347,
          49.0090043
        ]
      },
      "id": "node/454973291"
    },
    {
      "type": "Feature",
      "properties": {
        "@id": "node/520502473",
        "amenity": "car_sharing",
        "brand": "Stadtmobil",
        "brand:wikidata": "Q2327629",
        "car_sharing": "key_safe",
        "network": "Stadtmobil Karlsruhe",
        "operator": "Stadtmobil CarSharing GmbH & Co. KG",
        "ref": "Adlerstraße",
        "website": "https://karlsruhe.stadtmobil.de/"
      },
      "geometry": {
        "type": "Point",
        "coordinates": [
          8.4089493,
          49.0054864
        ]
      },
      "id": "node/520502473"
    },
    {
      "type": "Feature",
      "properties": {
        "@id": "node/520504850",
        "amenity": "car_sharing",
        "brand": "Stadtmobil",
        "network": "Stadtmobil Karlsruhe",
        "operator": "Stadtmobil CarSharing GmbH & Co. KG",
        "ref": "Amalienstraße",
        "website": "https://karlsruhe.stadtmobil.de/",
        "wheelchair": "yes"
      },
      "geometry": {
        "type": "Point",
        "coordinates": [
          8.3931352,
          49.0083317
        ]
      },
      "id": "node/520504850"
    },
    {
      "type": "Feature",
      "properties": {
        "@id": "node/520522563",
        "amenity": "car_sharing",
        "brand": "Stadtmobil",
        "brand:wikidata": "Q2327629",
        "network": "Stadtmobil Karlsruhe",
        "operator": "Stadtmobil CarSharing GmbH & Co. KG",
        "ref": "Berufsbildungszentrum",
        "website": "https://karlsruhe.stadtmobil.de/",
        "wheelchair": "no"
      },
      "geometry": {
        "type": "Point",
        "coordinates": [
          8.3823705,
          49.0087843
        ]
      },
      "id": "node/520522563"
    },
    {
      "type": "Feature",
      "properties": {
        "@id": "node/520523539",
        "amenity": "car_sharing",
        "brand": "Stadtmobil",
        "car_sharing": "key_safe",
        "check_date": "2024-12-14",
        "network": "Stadtmobil Karlsruhe",
        "opening_hours": "24/7",
        "operator": "Stadtmobil CarSharing GmbH & Co. KG",
        "ref": "Bismarckstraße",
        "website": "https://karlsruhe.stadtmobil.de/"
      },
      "geometry": {
        "type": "Point",
        "coordinates": [
          8.3920893,
          49.0129951
        ]
      },
      "id": "node/520523539"
    },
    {
      "type": "Feature",
      "properties": {
        "@id": "node/521076452",
        "amenity": "car_sharing",
        "brand": "Stadtmobil",
        "capacity": "3",
        "car_sharing": "key_safe",
        "check_date": "2024-02-18",
        "network": "Stadtmobil Karlsruhe",
        "opening_hours": "24/7",
        "operator": "Stadtmobil CarSharing GmbH & Co. KG",
        "ref": "Blücherstraße",
        "website": "https://karlsruhe.stadtmobil.de/"
      },
      "geometry": {
        "type": "Point",
        "coordinates": [
          8.3751171,
          49.0116588
        ]
      },
      "id": "node/521076452"
    },
    {
      "type": "Feature",
      "properties": {
        "@id": "node/521076661",
        "amenity": "car_sharing",
        "brand": "Stadtmobil",
        "brand:wikidata": "Q2327629",
        "capacity": "4",
        "network": "Stadtmobil Karlsruhe",
        "opening_hours": "24/7",
        "operator": "Stadtmobil CarSharing GmbH & Co. KG",
        "ref": "CAP-Markt",
        "website": "https://karlsruhe.stadtmobil.de/",
        "wheelchair": "yes"
      },
      "geometry": {
        "type": "Point",
        "coordinates": [
          8.3789722,
          49.0105179
        ]
      },
      "id": "node/521076661"
    },
    {
      "type": "Feature",
      "properties": {
        "@id": "node/521076707",
        "amenity": "car_sharing",
        "brand": "Stadtmobil",
        "brand:wikidata": "Q2327629",
        "capacity": "20",
        "network": "Stadtmobil Karlsruhe",
        "operator": "Stadtmobil CarSharing GmbH & Co. KG",
        "ref": "Dorotheastraße",
        "website": "https://karlsruhe.stadtmobil.de/"
      },
      "geometry": {
        "type": "Point",
        "coordinates": [
          8.4102112,
          48.9986481
        ]
      },
      "id": "node/521076707"
    },
    {
      "type": "Feature",
      "properties": {
        "@id": "node/521076767",
        "amenity": "car_sharing",
        "brand": "Stadtmobil",
        "brand:wikidata": "Q2327629",
        "brand:wikipedia": "de:Stadtmobil",
        "car_sharing": "key_safe",
        "level": "-1",
        "network": "Stadtmobil Karlsruhe",
        "note": "Standort Tresor",
        "opening_hours": "24/7",
        "operator": "Stadtmobil CarSharing GmbH & Co. KG",
        "ref": "Friedrichsplatz",
        "website": "https://karlsruhe.stadtmobil.de/"
      },
      "geometry": {
        "type": "Point",
        "coordinates": [
          8.4011054,
          49.0083476
        ]
      },
      "id": "node/521076767"
    },
    {
      "type": "Feature",
      "properties": {
        "@id": "node/521077138",
        "amenity": "car_sharing",
        "brand": "Stadtmobil",
        "brand:wikidata": "Q2327629",
        "car_sharing": "key_safe",
        "network": "Stadtmobil Karlsruhe",
        "operator": "Stadtmobil CarSharing GmbH & Co. KG",
        "ref": "Georg-Friedrich-Straße",
        "website": "https://karlsruhe.stadtmobil.de/"
      },
      "geometry": {
        "type": "Point",
        "coordinates": [
          8.4239047,
          49.008713
        ]
      },
      "id": "node/521077138"
    },
    {
      "type": "Feature",
      "properties": {
        "@id": "node/522397181",
        "amenity": "car_sharing",
        "brand": "Stadtmobil",
        "check_date": "2024-02-18",
        "network": "Stadtmobil Karlsruhe",
        "operator": "Stadtmobil CarSharing GmbH & Co. KG",
        "ref": "Hofgarten",
        "website": "https://karlsruhe.stadtmobil.de/"
      },
      "geometry": {
        "type": "Point",
        "coordinates": [
          8.3803065,
          49.0102557
        ]
      },
      "id": "node/522397181"
    },
    {
      "type": "Feature",
      "properties": {
        "@id": "node/522399694",
        "amenity": "car_sharing",
        "brand": "Stadtmobil",
        "brand:wikidata": "Q2327629",
        "capacity": "2",
        "network": "Stadtmobil Karlsruhe",
        "operator": "Stadtmobil CarSharing GmbH & Co. KG",
        "ref": "Klosterweg",
        "website": "https://karlsruhe.stadtmobil.de/",
        "wheelchair": "limited"
      },
      "geometry": {
        "type": "Point",
        "coordinates": [
          8.421542,
          49.0198368
        ]
      },
      "id": "node/522399694"
    },
    {
      "type": "Feature",
      "properties": {
        "@id": "node/522400677",
        "amenity": "car_sharing",
        "brand": "Stadtmobil",
        "car_sharing": "key_safe",
        "network": "Stadtmobil Karlsruhe",
        "operator": "Stadtmobil CarSharing GmbH & Co. KG",
        "ref": "Knielinger Allee",
        "website": "https://karlsruhe.stadtmobil.de/"
      },
      "geometry": {
        "type": "Point",
        "coordinates": [
          8.3811326,
          49.0180328
        ]
      },
      "id": "node/522400677"
    },
    {
      "type": "Feature",
      "properties": {
        "@id": "node/522402605",
        "amenity": "car_sharing",
        "brand": "Stadtmobil",
        "car_sharing": "key_safe",
        "check_date": "2024-07-03",
        "network": "Stadtmobil Karlsruhe",
        "opening_hours": "24/7",
        "operator": "Stadtmobil CarSharing GmbH & Co. KG",
        "ref": "Kühler Krug",
        "website": "https://karlsruhe.stadtmobil.de/",
        "wheelchair": "yes"
      },
      "geometry": {
        "type": "Point",
        "coordinates": [
          8.367272,
          49.0056924
        ]
      },
      "id": "node/522402605"
    },
    {
      "type": "Feature",
      "properties": {
        "@id": "node/522404149",
        "amenity": "car_sharing",
        "brand": "Stadtmobil",
        "brand:wikidata": "Q2327629",
        "capacity": "1",
        "network": "Stadtmobil Karlsruhe",
        "operator": "Stadtmobil CarSharing GmbH & Co. KG",
        "ref": "Kunstakademie",
        "website": "https://karlsruhe.stadtmobil.de/"
      },
      "geometry": {
        "type": "Point",
        "coordinates": [
          8.3867967,
          49.0144468
        ]
      },
      "id": "node/522404149"
    },
    {
      "type": "Feature",
      "properties": {
        "@id": "node/523202045",
        "amenity": "car_sharing",
        "brand": "Stadtmobil",
        "brand:wikidata": "Q2327629",
        "capacity": "3",
        "car_sharing": "parking",
        "description": "3 für Carsharing markierte Parkplätze",
        "network": "Stadtmobil Karlsruhe",
        "opening_hours": "24/7",
        "operator": "Stadtmobil CarSharing GmbH & Co. KG",
        "ref": "Mannheimer Straße",
        "website": "https://karlsruhe.stadtmobil.de/",
        "wheelchair": "no"
      },
      "geometry": {
        "type": "Point",
        "coordinates": [
          8.4439116,
          49.0163748
        ]
      },
      "id": "node/523202045"
    },
    {
      "type": "Feature",
      "properties": {
        "@id": "node/523205580",
        "amenity": "car_sharing",
        "brand": "Stadtmobil",
        "brand:wikidata": "Q2327629",
        "network": "Stadtmobil Karlsruhe",
        "operator": "Stadtmobil CarSharing GmbH & Co. KG",
        "ref": "Nuitsstraße",
        "website": "https://karlsruhe.stadtmobil.de/"
      },
      "geometry": {
        "type": "Point",
        "coordinates": [
          8.3622599,
          49.0104201
        ]
      },
      "id": "node/523205580"
    },
    {
      "type": "Feature",
      "properties": {
        "@id": "node/523206722",
        "amenity": "car_sharing",
        "brand": "Stadtmobil",
        "brand:wikidata": "Q2327629",
        "capacity": "4",
        "network": "Stadtmobil Karlsruhe",
        "operator": "Stadtmobil CarSharing GmbH & Co. KG",
        "operator:type": "private",
        "ref": "Nürnberger Straße",
        "website": "https://karlsruhe.stadtmobil.de/",
        "wheelchair": "no"
      },
      "geometry": {
        "type": "Point",
        "coordinates": [
          8.3988464,
          48.9844549
        ]
      },
      "id": "node/523206722"
    },
    {
      "type": "Feature",
      "properties": {
        "@id": "node/523210010",
        "amenity": "car_sharing",
        "brand": "Stadtmobil",
        "comment": "No fixed place",
        "network": "Stadtmobil Karlsruhe",
        "operator": "Stadtmobil CarSharing GmbH & Co. KG",
        "ref": "Postweg",
        "website": "https://karlsruhe.stadtmobil.de/"
      },
      "geometry": {
        "type": "Point",
        "coordinates": [
          8.3684315,
          49.0245783
        ]
      },
      "id": "node/523210010"
    },
    {
      "type": "Feature",
      "properties": {
        "@id": "node/523211720",
        "amenity": "car_sharing",
        "brand": "Stadtmobil",
        "network": "Stadtmobil Karlsruhe",
        "operator": "Stadtmobil CarSharing GmbH & Co. KG",
        "ref": "Putlitzstraße",
        "website": "https://karlsruhe.stadtmobil.de/"
      },
      "geometry": {
        "type": "Point",
        "coordinates": [
          8.3873588,
          49.0030059
        ]
      },
      "id": "node/523211720"
    },
    {
      "type": "Feature",
      "properties": {
        "@id": "node/523214687",
        "amenity": "car_sharing",
        "brand": "Stadtmobil",
        "brand:wikidata": "Q2327629",
        "car_sharing": "key_safe",
        "network": "Stadtmobil Karlsruhe",
        "operator": "Stadtmobil CarSharing GmbH & Co. KG",
        "ref": "Renckstraße",
        "website": "https://karlsruhe.stadtmobil.de/"
      },
      "geometry": {
        "type": "Point",
        "coordinates": [
          8.3962205,
          49.0032546
        ]
      },
      "id": "node/523214687"
    },
    {
      "type": "Feature",
      "properties": {
        "@id": "node/523216277",
        "amenity": "car_sharing",
        "brand": "Stadtmobil",
        "check_date": "2024-05-27",
        "name": "Sedanstraße",
        "network": "Stadtmobil Karlsruhe",
        "operator": "Stadtmobil CarSharing GmbH & Co. KG",
        "website": "https://karlsruhe.stadtmobil.de/"
      },
      "geometry": {
        "type": "Point",
        "coordinates": [
          8.3604346,
          49.0119308
        ]
      },
      "id": "node/523216277"
    },
    {
      "type": "Feature",
      "properties": {
        "@id": "node/523217570",
        "amenity": "car_sharing",
        "brand": "Stadtmobil",
        "check_date": "2024-02-18",
        "comment": "No fixed place",
        "network": "Stadtmobil Karlsruhe",
        "operator": "Stadtmobil CarSharing GmbH & Co. KG",
        "ref": "Seldeneckstraße",
        "website": "https://karlsruhe.stadtmobil.de/"
      },
      "geometry": {
        "type": "Point",
        "coordinates": [
          8.3745686,
          49.0136852
        ]
      },
      "id": "node/523217570"
    },
    {
      "type": "Feature",
      "properties": {
        "@id": "node/523218714",
        "amenity": "car_sharing",
        "brand": "Stadtmobil",
        "network": "Stadtmobil Karlsruhe",
        "operator": "Stadtmobil CarSharing GmbH & Co. KG",
        "ref": "Sudetenstraße",
        "website": "https://karlsruhe.stadtmobil.de/"
      },
      "geometry": {
        "type": "Point",
        "coordinates": [
          8.3447326,
          49.0304748
        ]
      },
      "id": "node/523218714"
    },
    {
      "type": "Feature",
      "properties": {
        "@id": "node/523220305",
        "amenity": "car_sharing",
        "brand": "Stadtmobil",
        "brand:wikidata": "Q2327629",
        "capacity": "5",
        "network": "Stadtmobil Karlsruhe",
        "operator": "Stadtmobil CarSharing GmbH & Co. KG",
        "operator:type": "private",
        "ref": "Südliche Hildapromenade",
        "website": "https://karlsruhe.stadtmobil.de/"
      },
      "geometry": {
        "type": "Point",
        "coordinates": [
          8.3849848,
          49.0121104
        ]
      },
      "id": "node/523220305"
    },
    {
      "type": "Feature",
      "properties": {
        "@id": "node/523221829",
        "amenity": "car_sharing",
        "brand": "Stadtmobil",
        "brand:wikidata": "Q2327629",
        "capacity": "5",
        "car_sharing": "parking",
        "network": "Stadtmobil Karlsruhe",
        "opening_hours": "24/7",
        "operator": "Stadtmobil CarSharing GmbH & Co. KG",
        "ref": "Technologiepark TPK",
        "website": "https://karlsruhe.stadtmobil.de/"
      },
      "geometry": {
        "type": "Point",
        "coordinates": [
          8.4397825,
          49.019307
        ]
      },
      "id": "node/523221829"
    },
    {
      "type": "Feature",
      "properties": {
        "@id": "node/523226911",
        "amenity": "car_sharing",
        "brand": "Stadtmobil",
        "check_date": "2025-05-23",
        "network": "Stadtmobil Karlsruhe",
        "operator": "Stadtmobil CarSharing GmbH & Co. KG",
        "ref": "Universität",
        "website": "https://karlsruhe.stadtmobil.de/"
      },
      "geometry": {
        "type": "Point",
        "coordinates": [
          8.4157447,
          49.009777
        ]
      },
      "id": "node/523226911"
    },
    {
      "type": "Feature",
      "properties": {
        "@id": "node/523229507",
        "amenity": "car_sharing",
        "brand": "Stadtmobil",
        "network": "Stadtmobil Karlsruhe",
        "note": "No fixed place",
        "operator": "stadtmobil",
        "operator:wikidata": "Q2327629",
        "operator:wikipedia": "de:Stadtmobil",
        "ref": "Weechstraße",
        "website": "https://karlsruhe.stadtmobil.de/"
      },
      "geometry": {
        "type": "Point",
        "coordinates": [
          8.4329959,
          49.0120715
        ]
      },
      "id": "node/523229507"
    },
    {
      "type": "Feature",
      "properties": {
        "@id": "node/523232405",
        "amenity": "car_sharing",
        "brand": "Stadtmobil",
        "car_sharing": "key_safe",
        "check_date": "2024-10-03",
        "network": "Stadtmobil Karlsruhe",
        "operator": "Stadtmobil CarSharing GmbH & Co. KG",
        "ref": "Werderstraße",
        "website": "https://karlsruhe.stadtmobil.de/"
      },
      "geometry": {
        "type": "Point",
        "coordinates": [
          8.4124689,
          49.0020426
        ]
      },
      "id": "node/523232405"
    },
    {
      "type": "Feature",
      "properties": {
        "@id": "node/523235535",
        "amenity": "car_sharing",
        "brand": "Stadtmobil",
        "check_date": "2024-09-28",
        "fixme": "FIXME: guesswork",
        "network": "Stadtmobil Karlsruhe",
        "operator": "Stadtmobil CarSharing GmbH & Co. KG",
        "ref": "Willy-Andreas-Allee",
        "website": "https://karlsruhe.stadtmobil.de/",
        "wheelchair": "yes"
      },
      "geometry": {
        "type": "Point",
        "coordinates": [
          8.3969994,
          49.0161493
        ]
      },
      "id": "node/523235535"
    },
    {
      "type": "Feature",
      "properties": {
        "@id": "node/524558569",
        "check_date:opening_hours": "2023-07-04",
        "name": "Asia Store",
        "opening_hours": "Mo-Sa 10:00-20:00; Su,PH off",
        "origin": "asian",
        "shop": "supermarket",
        "wheelchair": "yes"
      },
      "geometry": {
        "type": "Point",
        "coordinates": [
          8.4109093,
          49.0075478
        ]
      },
      "id": "node/524558569"
    },
    {
      "type": "Feature",
      "properties": {
        "@id": "node/528908837",
        "amenity": "car_sharing",
        "brand": "Stadtmobil",
        "check_date": "2024-08-08",
        "network": "Stadtmobil Karlsruhe",
        "operator": "Stadtmobil CarSharing GmbH & Co. KG",
        "ref": "Gartenstraße",
        "website": "https://karlsruhe.stadtmobil.de/",
        "wheelchair": "yes"
      },
      "geometry": {
        "type": "Point",
        "coordinates": [
          8.3874366,
          49.0048536
        ]
      },
      "id": "node/528908837"
    },
    {
      "type": "Feature",
      "properties": {
        "@id": "node/529000347",
        "bus": "yes",
        "highway": "bus_stop",
        "name": "Berghausen Bahnhof",
        "public_transport": "stop_position",
        "wheelchair": "limited",
        "wikidata": "Q124610138"
      },
      "geometry": {
        "type": "Point",
        "coordinates": [
          8.5317085,
          49.0053515
        ]
      },
      "id": "node/529000347"
    },
    {
      "type": "Feature",
      "properties": {
        "@id": "node/530715508",
        "bench": "no",
        "bin": "yes",
        "bus": "yes",
        "highway": "bus_stop",
        "lit": "yes",
        "name": "Dürrbachstraße",
        "network": "Karlsruher Verkehrsverbund",
        "operator": "Verkehrsbetriebe Karlsruhe GmbH",
        "public_transport": "platform",
        "shelter": "no",
        "tactile_paving": "no"
      },
      "geometry": {
        "type": "Point",
        "coordinates": [
          8.4820785,
          48.9947157
        ]
      },
      "id": "node/530715508"
    },
    {
      "type": "Feature",
      "properties": {
        "@id": "node/530908203",
        "bus": "yes",
        "highway": "bus_stop",
        "name": "Killisfeld",
        "network": "Karlsruher Verkehrsverbund (KVV)",
        "operator": "Verkehrsbetriebe Karlsruhe",
        "public_transport": "stop_position",
        "ref:IFOPT": "de:08212:4008:1:2",
        "shelter": "yes"
      },
      "geometry": {
        "type": "Point",
        "coordinates": [
          8.4449006,
          48.9930617
        ]
      },
      "id": "node/530908203"
    },
    {
      "type": "Feature",
      "properties": {
        "@id": "node/530908235",
        "bench": "no",
        "bin": "yes",
        "bus": "yes",
        "check_date:shelter": "2021-09-07",
        "highway": "bus_stop",
        "lit": "no",
        "name": "Dieselstraße",
        "network": "Karlsruher Verkehrsverbund (KVV)",
        "operator": "Verkehrsbetriebe Karlsruhe",
        "public_transport": "platform",
        "shelter": "yes",
        "tactile_paving": "yes",
        "wheelchair": "yes"
      },
      "geometry": {
        "type": "Point",
        "coordinates": [
          8.4450827,
          48.9962214
        ]
      },
      "id": "node/530908235"
    },
    {
      "type": "Feature",
      "properties": {
        "@id": "node/532457213",
        "bench": "yes",
        "bin": "yes",
        "bus": "yes",
        "highway": "bus_stop",
        "lit": "yes",
        "name": "Durlacher Tor - KIT Campus Süd",
        "network": "Karlsruher Verkehrsverbund",
        "network:guid": "DE-BW-KVV",
        "network:short": "KVV",
        "network:wikidata": "Q1733986",
        "operator": "Verkehrsbetriebe Karlsruhe GmbH",
        "public_transport": "platform",
        "ref_name": "Karlsruhe Durlacher Tor - KIT Campus Süd",
        "shelter": "yes",
        "start_date": "2018-12-09",
        "tactile_paving": "yes"
      },
      "geometry": {
        "type": "Point",
        "coordinates": [
          8.4179553,
          49.0092212
        ]
      },
      "id": "node/532457213"
    },
    {
      "type": "Feature",
      "properties": {
        "@id": "node/571978036",
        "bench": "yes",
        "bin": "yes",
        "bus": "yes",
        "check_date:shelter": "2025-03-31",
        "highway": "bus_stop",
        "lit": "yes",
        "name": "Gebhardstraße",
        "network": "Karlsruher Verkehrsverbund",
        "network:short": "KVV",
        "operator": "Verkehrsbetriebe Karlsruhe GmbH",
        "public_transport": "platform",
        "ref:IFOPT": "de:08212:5004",
        "shelter": "yes",
        "source": "survey",
        "tactile_paving": "yes",
        "wheelchair": "yes"
      },
      "geometry": {
        "type": "Point",
        "coordinates": [
          8.3891663,
          48.9928347
        ]
      },
      "id": "node/571978036"
    },
    {
      "type": "Feature",
      "properties": {
        "@id": "node/571978046",
        "bench": "no",
        "bin": "no",
        "bus": "yes",
        "check_date:shelter": "2025-03-31",
        "highway": "bus_stop",
        "lit": "yes",
        "name": "Gebhardstraße",
        "network": "Karlsruher Verkehrsverbund",
        "network:short": "KVV",
        "operator": "Verkehrsbetriebe Karlsruhe GmbH",
        "public_transport": "platform",
        "ref:IFOPT": "de:08212:5004",
        "shelter": "no",
        "source": "survey",
        "tactile_paving": "no"
      },
      "geometry": {
        "type": "Point",
        "coordinates": [
          8.3894184,
          48.9929966
        ]
      },
      "id": "node/571978046"
    },
    {
      "type": "Feature",
      "properties": {
        "@id": "node/596766297",
        "bench": "yes",
        "bus": "yes",
        "covered": "no",
        "highway": "bus_stop",
        "lit": "yes",
        "name": "Ettlingen Lärchenweg",
        "network": "Karlsruher Verkehrsverbund",
        "network:guid": "DE-BW-KVV",
        "network:short": "KVV",
        "network:wikidata": "Q1733986",
        "network:wikipedia": "de:Karlsruher Verkehrsverbund",
        "public_transport": "platform",
        "shelter": "yes",
        "tactile_paving": "yes",
        "wheelchair": "yes"
      },
      "geometry": {
        "type": "Point",
        "coordinates": [
          8.3772253,
          48.9514933
        ]
      },
      "id": "node/596766297"
    },
    {
      "type": "Feature",
      "properties": {
        "@id": "node/596766318",
        "bench": "yes",
        "bus": "yes",
        "covered": "no",
        "highway": "bus_stop",
        "lit": "yes",
        "name": "Ettlingen Buchenweg",
        "network": "Karlsruher Verkehrsverbund",
        "network:guid": "DE-BW-KVV",
        "network:short": "KVV",
        "network:wikidata": "Q1733986",
        "network:wikipedia": "de:Karlsruher Verkehrsverbund",
        "public_transport": "platform",
        "shelter": "yes",
        "tactile_paving": "no"
      },
      "geometry": {
        "type": "Point",
        "coordinates": [
          8.3801273,
          48.9535104
        ]
      },
      "id": "node/596766318"
    },
    {
      "type": "Feature",
      "properties": {
        "@id": "node/596766335",
        "bench": "yes",
        "bus": "yes",
        "covered": "no",
        "highway": "bus_stop",
        "lit": "yes",
        "name": "Ettlingen Josef-Stöhrer-Weg",
        "network": "Karlsruher Verkehrsverbund",
        "network:guid": "DE-BW-KVV",
        "network:short": "KVV",
        "network:wikidata": "Q1733986",
        "network:wikipedia": "de:Karlsruher Verkehrsverbund",
        "public_transport": "platform",
        "shelter": "yes",
        "tactile_paving": "no"
      },
      "geometry": {
        "type": "Point",
        "coordinates": [
          8.3845721,
          48.9535355
        ]
      },
      "id": "node/596766335"
    },
    {
      "type": "Feature",
      "properties": {
        "@id": "node/633786266",
        "bench": "yes",
        "bin": "yes",
        "bus": "yes",
        "highway": "bus_stop",
        "lit": "yes",
        "name": "Johanna-Kirchner-Straße",
        "network": "Karlsruher Verkehrsverbund",
        "network:guid": "DE-BW-KVV",
        "network:short": "KVV",
        "network:wikidata": "Q1733986",
        "network:wikipedia": "de:Karlsruher Verkehrsverbund",
        "operator": "Verkehrsbetriebe Karlsruhe GmbH",
        "public_transport": "platform",
        "shelter": "yes",
        "tactile_paving": "no"
      },
      "geometry": {
        "type": "Point",
        "coordinates": [
          8.3597879,
          48.9856428
        ]
      },
      "id": "node/633786266"
    },
    {
      "type": "Feature",
      "properties": {
        "@id": "node/633786267",
        "bench": "no",
        "bin": "no",
        "bus": "yes",
        "highway": "bus_stop",
        "lit": "yes",
        "name": "Johanna-Kirchner-Straße",
        "network": "Karlsruher Verkehrsverbund",
        "network:guid": "DE-BW-KVV",
        "network:short": "KVV",
        "network:wikidata": "Q1733986",
        "network:wikipedia": "de:Karlsruher Verkehrsverbund",
        "operator": "Verkehrsbetriebe Karlsruhe GmbH",
        "public_transport": "platform",
        "shelter": "no",
        "tactile_paving": "yes"
      },
      "geometry": {
        "type": "Point",
        "coordinates": [
          8.3594363,
          48.9854502
        ]
      },
      "id": "node/633786267"
    },
    {
      "type": "Feature",
      "properties": {
        "@id": "node/633786271",
        "bench": "no",
        "bin": "no",
        "bus": "yes",
        "highway": "bus_stop",
        "lit": "no",
        "name": "Rudolf-Breitscheid-Straße",
        "network": "Karlsruher Verkehrsverbund",
        "operator": "Verkehrsbetriebe Karlsruhe GmbH",
        "public_transport": "platform",
        "shelter": "yes",
        "tactile_paving": "no"
      },
      "geometry": {
        "type": "Point",
        "coordinates": [
          8.3607119,
          48.9869439
        ]
      },
      "id": "node/633786271"
    },
    {
      "type": "Feature",
      "properties": {
        "@id": "node/633786274",
        "bench": "yes",
        "bin": "yes",
        "bus": "yes",
        "highway": "bus_stop",
        "lit": "yes",
        "name": "Rudolf-Breitscheid-Straße",
        "network": "Karlsruher Verkehrsverbund",
        "network:guid": "DE-BW-KVV",
        "network:short": "KVV",
        "network:wikidata": "Q1733986",
        "operator": "Verkehrsbetriebe Karlsruhe GmbH",
        "public_transport": "platform",
        "shelter": "yes",
        "tactile_paving": "yes"
      },
      "geometry": {
        "type": "Point",
        "coordinates": [
          8.3610532,
          48.9870955
        ]
      },
      "id": "node/633786274"
    },
    {
      "type": "Feature",
      "properties": {
        "@id": "node/633786277",
        "bench": "yes",
        "bin": "yes",
        "bus": "yes",
        "check_date:shelter": "2025-01-27",
        "highway": "bus_stop",
        "lit": "yes",
        "name": "Grünwinkler Straße",
        "network": "Karlsruher Verkehrsverbund",
        "operator": "Verkehrsbetriebe Karlsruhe GmbH",
        "public_transport": "platform",
        "shelter": "yes",
        "tactile_paving": "yes"
      },
      "geometry": {
        "type": "Point",
        "coordinates": [
          8.3803432,
          48.9878689
        ]
      },
      "id": "node/633786277"
    },
    {
      "type": "Feature",
      "properties": {
        "@id": "node/633786279",
        "bench": "yes",
        "bin": "yes",
        "bus": "yes",
        "check_date": "2022-04-01",
        "highway": "bus_stop",
        "lit": "no",
        "name": "Landgrabenstraße",
        "network": "Karlsruher Verkehrsverbund",
        "network:guid": "DE-BW-KVV",
        "network:short": "KVV",
        "network:wikidata": "Q1733986",
        "network:wikipedia": "de:Karlsruher Verkehrsverbund",
        "operator": "Verkehrsbetriebe Karlsruhe GmbH",
        "public_transport": "platform",
        "shelter": "yes",
        "tactile_paving": "yes"
      },
      "geometry": {
        "type": "Point",
        "coordinates": [
          8.3778168,
          48.9886416
        ]
      },
      "id": "node/633786279"
    },
    {
      "type": "Feature",
      "properties": {
        "@id": "node/633786282",
        "bench": "yes",
        "bin": "yes",
        "bus": "yes",
        "check_date": "2025-03-31",
        "check_date:shelter": "2025-03-31",
        "highway": "bus_stop",
        "lit": "yes",
        "name": "Landgrabenstraße",
        "network": "Karlsruher Verkehrsverbund",
        "network:guid": "DE-BW-KVV",
        "network:short": "KVV",
        "network:wikidata": "Q1733986",
        "network:wikipedia": "de:Karlsruher Verkehrsverbund",
        "operator": "Verkehrsbetriebe Karlsruhe GmbH",
        "public_transport": "platform",
        "shelter": "yes",
        "tactile_paving": "yes"
      },
      "geometry": {
        "type": "Point",
        "coordinates": [
          8.377375,
          48.988655
        ]
      },
      "id": "node/633786282"
    },
    {
      "type": "Feature",
      "properties": {
        "@id": "node/633786294",
        "bench": "yes",
        "bin": "yes",
        "bus": "yes",
        "highway": "bus_stop",
        "lit": "yes",
        "local_ref": "A",
        "name": "Barbarossaplatz",
        "network": "Karlsruher Verkehrsverbund",
        "operator": "Verkehrsbetriebe Karlsruhe GmbH",
        "public_transport": "platform",
        "shelter": "yes",
        "tactile_paving": "no",
        "wikidata": "Q124705166"
      },
      "geometry": {
        "type": "Point",
        "coordinates": [
          8.3900475,
          48.9942758
        ]
      },
      "id": "node/633786294"
    },
    {
      "type": "Feature",
      "properties": {
        "@id": "node/633786295",
        "bench": "yes",
        "bin": "yes",
        "bus": "yes",
        "highway": "bus_stop",
        "lit": "yes",
        "local_ref": "B",
        "name": "Barbarossaplatz",
        "network": "Karlsruher Verkehrsverbund",
        "operator": "Verkehrsbetriebe Karlsruhe GmbH",
        "public_transport": "platform",
        "shelter": "yes",
        "tactile_paving": "no",
        "wikidata": "Q124705166"
      },
      "geometry": {
        "type": "Point",
        "coordinates": [
          8.3902373,
          48.9945687
        ]
      },
      "id": "node/633786295"
    },
    {
      "type": "Feature",
      "properties": {
        "@id": "node/634139800",
        "addr:city": "Karlsruhe",
        "addr:country": "DE",
        "addr:housenumber": "1",
        "addr:postcode": "76135",
        "addr:street": "Scheffelstraße",
        "brand": "PENNY",
        "brand:wikidata": "Q284688",
        "brand:wikipedia": "en:Penny (supermarket)",
        "check_date:opening_hours": "2025-02-08",
        "name": "PENNY",
        "note:url": "Deeplink zur Filiale derzeit nicht möglich",
        "opening_hours": "Mo-Sa 07:30-21:00; Su,PH off",
        "shop": "supermarket",
        "url": "http://penny.de",
        "website": "https://www.penny.de",
        "wheelchair": "yes"
      },
      "geometry": {
        "type": "Point",
        "coordinates": [
          8.3819947,
          49.0099781
        ]
      },
      "id": "node/634139800"
    },
    {
      "type": "Feature",
      "properties": {
        "@id": "node/635041054",
        "bench": "no",
        "bin": "yes",
        "bus": "yes",
        "highway": "bus_stop",
        "lit": "no",
        "name": "Lorenzstraße/ZKM",
        "network": "Karlsruher Verkehrsverbund",
        "network:guid": "DE-BW-KVV",
        "network:short": "KVV",
        "network:wikidata": "Q1733986",
        "operator": "Verkehrsbetriebe Karlsruhe GmbH",
        "public_transport": "platform",
        "shelter": "no",
        "tactile_paving": "no",
        "wheelchair": "yes"
      },
      "geometry": {
        "type": "Point",
        "coordinates": [
          8.3837875,
          48.9988489
        ]
      },
      "id": "node/635041054"
    },
    {
      "type": "Feature",
      "properties": {
        "@id": "node/635041055",
        "bench": "yes",
        "bin": "yes",
        "bus": "yes",
        "highway": "bus_stop",
        "lit": "no",
        "name": "Lorenzstraße/ZKM",
        "network": "Karlsruher Verkehrsverbund",
        "network:guid": "DE-BW-KVV",
        "network:short": "KVV",
        "network:wikidata": "Q1733986",
        "operator": "Verkehrsbetriebe Karlsruhe GmbH",
        "public_transport": "platform",
        "shelter": "yes",
        "tactile_paving": "yes",
        "wheelchair": "yes"
      },
      "geometry": {
        "type": "Point",
        "coordinates": [
          8.3845215,
          48.9987191
        ]
      },
      "id": "node/635041055"
    },
    {
      "type": "Feature",
      "properties": {
        "@id": "node/635041056",
        "bench": "yes",
        "bin": "yes",
        "bus": "yes",
        "covered": "no",
        "highway": "bus_stop",
        "lit": "yes",
        "name": "Südendschule",
        "network": "Karlsruher Verkehrsverbund",
        "operator": "Verkehrsbetriebe Karlsruhe GmbH",
        "passenger_information_display": "no",
        "public_transport": "platform",
        "shelter": "yes",
        "tactile_paving": "yes",
        "wheelchair": "yes"
      },
      "geometry": {
        "type": "Point",
        "coordinates": [
          8.3890133,
          48.9986441
        ]
      },
      "id": "node/635041056"
    },
    {
      "type": "Feature",
      "properties": {
        "@id": "node/635041057",
        "bench": "yes",
        "bin": "yes",
        "bus": "yes",
        "covered": "no",
        "highway": "bus_stop",
        "lit": "yes",
        "name": "Südendschule",
        "network": "Karlsruher Verkehrsverbund",
        "operator": "Verkehrsbetriebe Karlsruhe GmbH",
        "passenger_information_display": "no",
        "public_transport": "platform",
        "shelter": "no",
        "tactile_paving": "no",
        "wheelchair": "no"
      },
      "geometry": {
        "type": "Point",
        "coordinates": [
          8.3882856,
          48.9985227
        ]
      },
      "id": "node/635041057"
    },
    {
      "type": "Feature",
      "properties": {
        "@id": "node/635041071",
        "bench": "yes",
        "bin": "yes",
        "bus": "yes",
        "highway": "bus_stop",
        "kerb": "raised",
        "kerb:approach_aid": "yes",
        "lit": "yes",
        "name": "St. Vincentius Krankenhaus",
        "network": "Karlsruher Verkehrsverbund",
        "network:guid": "DE-BW-KVV",
        "network:short": "KVV",
        "network:wikidata": "Q1733986",
        "operator": "Verkehrsbetriebe Karlsruhe GmbH",
        "passenger_information_display": "no",
        "public_transport": "platform",
        "shelter": "yes",
        "source": "LA-KA",
        "tactile_paving": "yes"
      },
      "geometry": {
        "type": "Point",
        "coordinates": [
          8.3809669,
          48.9996145
        ]
      },
      "id": "node/635041071"
    },
    {
      "type": "Feature",
      "properties": {
        "@id": "node/635041073",
        "bench": "yes",
        "bin": "yes",
        "bus": "yes",
        "highway": "bus_stop",
        "kerb": "raised",
        "kerb:approach_aid": "yes",
        "lit": "yes",
        "name": "St. Vincentius Krankenhaus",
        "network": "Karlsruher Verkehrsverbund",
        "network:guid": "DE-BW-KVV",
        "network:short": "KVV",
        "network:wikidata": "Q1733986",
        "operator": "Verkehrsbetriebe Karlsruhe GmbH",
        "passenger_information_display": "no",
        "public_transport": "platform",
        "shelter": "yes",
        "source": "LA-KA",
        "tactile_paving": "yes"
      },
      "geometry": {
        "type": "Point",
        "coordinates": [
          8.3807887,
          48.9994116
        ]
      },
      "id": "node/635041073"
    },
    {
      "type": "Feature",
      "properties": {
        "@id": "node/635945392",
        "bench": "no",
        "bin": "yes",
        "bus": "yes",
        "highway": "bus_stop",
        "lit": "no",
        "name": "Wilhelm-Leuschner-Straße",
        "public_transport": "platform",
        "shelter": "no",
        "tactile_paving": "no",
        "wheelchair": "no"
      },
      "geometry": {
        "type": "Point",
        "coordinates": [
          8.3648519,
          48.9836562
        ]
      },
      "id": "node/635945392"
    },
    {
      "type": "Feature",
      "properties": {
        "@id": "node/635945393",
        "bench": "yes",
        "bin": "yes",
        "bus": "yes",
        "highway": "bus_stop",
        "lit": "yes",
        "name": "Grünwinkler Straße",
        "network": "Karlsruher Verkehrsverbund",
        "operator": "Verkehrsbetriebe Karlsruhe GmbH",
        "public_transport": "platform",
        "shelter": "no",
        "tactile_paving": "yes"
      },
      "geometry": {
        "type": "Point",
        "coordinates": [
          8.3798504,
          48.9880894
        ]
      },
      "id": "node/635945393"
    },
    {
      "type": "Feature",
      "properties": {
        "@id": "node/660690877",
        "FIXME": "Position nur aus dem Gedächtnis, evtl. ungenau",
        "bus": "yes",
        "highway": "bus_stop",
        "name": "Benzstraße",
        "network": "Karlsruher Verkehrsverbund",
        "operator": "Verkehrsbetriebe Karlsruhe GmbH",
        "public_transport": "stop_position"
      },
      "geometry": {
        "type": "Point",
        "coordinates": [
          8.3660243,
          49.000602
        ]
      },
      "id": "node/660690877"
    },
    {
      "type": "Feature",
      "properties": {
        "@id": "node/660690878",
        "bench": "yes",
        "bin": "no",
        "bus": "yes",
        "check_date:shelter": "2023-04-25",
        "highway": "bus_stop",
        "lit": "yes",
        "name": "Liststraße",
        "network": "Karlsruher Verkehrsverbund",
        "operator": "Verkehrsbetriebe Karlsruhe GmbH",
        "public_transport": "platform",
        "shelter": "yes",
        "tactile_paving": "no",
        "wheelchair": "limited"
      },
      "geometry": {
        "type": "Point",
        "coordinates": [
          8.3639909,
          49.0044774
        ]
      },
      "id": "node/660690878"
    },
    {
      "type": "Feature",
      "properties": {
        "@id": "node/660690879",
        "bench": "no",
        "bin": "no",
        "bus": "yes",
        "highway": "bus_stop",
        "lit": "no",
        "name": "Griesbachstraße",
        "network": "Karlsruher Verkehrsverbund",
        "operator": "Verkehrsbetriebe Karlsruhe GmbH",
        "public_transport": "platform",
        "shelter": "no",
        "source": "survey",
        "tactile_paving": "no"
      },
      "geometry": {
        "type": "Point",
        "coordinates": [
          8.3682596,
          49.0006408
        ]
      },
      "id": "node/660690879"
    },
    {
      "type": "Feature",
      "properties": {
        "@id": "node/660690880",
        "bench": "no",
        "bin": "yes",
        "bus": "yes",
        "check_date:shelter": "2022-10-27",
        "highway": "bus_stop",
        "lit": "no",
        "name": "Junker-und-Ruh-Straße",
        "network": "Karlsruher Verkehrsverbund",
        "operator": "Verkehrsbetriebe Karlsruhe GmbH",
        "public_transport": "platform",
        "shelter": "yes",
        "tactile_paving": "no"
      },
      "geometry": {
        "type": "Point",
        "coordinates": [
          8.3690517,
          48.9995079
        ]
      },
      "id": "node/660690880"
    },
    {
      "type": "Feature",
      "properties": {
        "@id": "node/660690887",
        "bench": "no",
        "bin": "yes",
        "bus": "yes",
        "highway": "bus_stop",
        "lit": "yes",
        "name": "Hübschstraße",
        "network": "Karlsruher Verkehrsverbund",
        "note": "kein Bahnsteig vorhanden, nur Haltestellenmast",
        "operator": "Verkehrsbetriebe Karlsruhe GmbH",
        "public_transport": "platform",
        "shelter": "no",
        "tactile_paving": "no",
        "tram": "yes",
        "wheelchair": "limited"
      },
      "geometry": {
        "type": "Point",
        "coordinates": [
          8.3731205,
          49.0054786
        ]
      },
      "id": "node/660690887"
    },
    {
      "type": "Feature",
      "properties": {
        "@id": "node/660690888",
        "bench": "no",
        "bin": "yes",
        "bus": "yes",
        "highway": "bus_stop",
        "lit": "yes",
        "name": "Hübschstraße",
        "network": "Karlsruher Verkehrsverbund",
        "note": "kein Bahnsteig vorhanden, nur Haltestellenmast",
        "operator": "Verkehrsbetriebe Karlsruhe GmbH",
        "public_transport": "platform",
        "shelter": "no",
        "tactile_paving": "no",
        "tram": "yes",
        "wheelchair": "limited"
      },
      "geometry": {
        "type": "Point",
        "coordinates": [
          8.3720612,
          49.0056421
        ]
      },
      "id": "node/660690888"
    },
    {
      "type": "Feature",
      "properties": {
        "@id": "node/668771322",
        "addr:city": "Karlsruhe",
        "addr:country": "DE",
        "addr:housenumber": "36",
        "addr:postcode": "76185",
        "addr:street": "Rheinstraße",
        "check_date:opening_hours": "2023-10-07",
        "name": "Nahkauf",
        "opening_hours": "Mo-Sa 08:00-20:00; Su,PH off",
        "payment:credit_cards": "yes",
        "payment:debit_cards": "yes",
        "phone": "+49 721 9553382",
        "shop": "supermarket",
        "website": "https://www.nahkauf.de/maerkte/karlsruhe-muehlburg-45611547-nahkauf-thomas-auerswald-e-k-rheinstr-36",
        "wheelchair": "yes"
      },
      "geometry": {
        "type": "Point",
        "coordinates": [
          8.3596987,
          49.0115062
        ]
      },
      "id": "node/668771322"
    },
    {
      "type": "Feature",
      "properties": {
        "@id": "node/669894026",
        "bench": "no",
        "bin": "no",
        "bus": "yes",
        "highway": "bus_stop",
        "lit": "no",
        "name": "Elsternweg",
        "network": "Karlsruher Verkehrsverbund",
        "operator": "Verkehrsbetriebe Karlsruhe GmbH",
        "public_transport": "platform",
        "shelter": "no",
        "tactile_paving": "no"
      },
      "geometry": {
        "type": "Point",
        "coordinates": [
          8.3392897,
          49.0379196
        ]
      },
      "id": "node/669894026"
    },
    {
      "type": "Feature",
      "properties": {
        "@id": "node/671527687",
        "bench": "no",
        "bin": "no",
        "bus": "yes",
        "check_date:shelter": "2022-05-28",
        "highway": "bus_stop",
        "lit": "no",
        "local_ref": "A",
        "name": "Max-Dortu-Straße",
        "network": "Karlsruher Verkehrsverbund",
        "network:guid": "DE-BW-KVV",
        "network:short": "KVV",
        "network:wikidata": "Q1733986",
        "operator": "Verkehrsbetriebe Karlsruhe GmbH",
        "public_transport": "platform",
        "shelter": "no",
        "tactile_paving": "no"
      },
      "geometry": {
        "type": "Point",
        "coordinates": [
          8.3385612,
          49.0416226
        ]
      },
      "id": "node/671527687"
    },
    {
      "type": "Feature",
      "properties": {
        "@id": "node/674971681",
        "bench": "no",
        "bin": "no",
        "bus": "yes",
        "check_date:shelter": "2022-05-27",
        "highway": "bus_stop",
        "lit": "yes",
        "local_ref": "A",
        "name": "Bruchweg",
        "network": "Karlsruher Verkehrsverbund",
        "network:guid": "DE-BW-KVV",
        "network:short": "KVV",
        "network:wikidata": "Q1733986",
        "operator": "Verkehrsbetriebe Karlsruhe GmbH",
        "public_transport": "platform",
        "shelter": "no",
        "tactile_paving": "no"
      },
      "geometry": {
        "type": "Point",
        "coordinates": [
          8.3350667,
          49.0395135
        ]
      },
      "id": "node/674971681"
    },
    {
      "type": "Feature",
      "properties": {
        "@id": "node/692974192",
        "bench": "yes",
        "bin": "yes",
        "bus": "yes",
        "covered": "no",
        "departures_board": "timetable",
        "highway": "bus_stop",
        "lit": "no",
        "name": "Weingarten Kirche",
        "network": "Karlsruher Verkehrsverbund",
        "network:guid": "DE-BW-KVV",
        "network:short": "KVV",
        "network:wikidata": "Q1733986",
        "network:wikipedia": "de:Karlsruher Verkehrsverbund",
        "public_transport": "platform",
        "ref:IFOPT": "de:08215:32252:0:1",
        "ref_name": "Weingarten Kirche",
        "shelter": "no",
        "tactile_paving": "no",
        "wheelchair": "no"
      },
      "geometry": {
        "type": "Point",
        "coordinates": [
          8.5318637,
          49.0509609
        ]
      },
      "id": "node/692974192"
    },
    {
      "type": "Feature",
      "properties": {
        "@id": "node/692974200",
        "bench": "yes",
        "bin": "yes",
        "bus": "yes",
        "departures_board": "timetable",
        "highway": "bus_stop",
        "lit": "yes",
        "name": "Weingarten Kirche",
        "network": "Karlsruher Verkehrsverbund",
        "network:guid": "DE-BW-KVV",
        "network:short": "KVV",
        "network:wikidata": "Q1733986",
        "network:wikipedia": "de:Karlsruher Verkehrsverbund",
        "public_transport": "platform",
        "ref:IFOPT": "de:08215:32252:0:2",
        "shelter": "yes",
        "tactile_paving": "no",
        "wheelchair": "no"
      },
      "geometry": {
        "type": "Point",
        "coordinates": [
          8.5317269,
          49.050924
        ]
      },
      "id": "node/692974200"
    },
    {
      "type": "Feature",
      "properties": {
        "@id": "node/692974201",
        "bench": "yes",
        "bin": "yes",
        "bus": "yes",
        "highway": "bus_stop",
        "lit": "yes",
        "name": "Durlach Friedhof",
        "network": "Karlsruher Verkehrsverbund",
        "network:guid": "DE-BW-KVV",
        "network:short": "KVV",
        "network:wikidata": "Q1733986",
        "network:wikipedia": "de:Karlsruher Verkehrsverbund",
        "operator": "Verkehrsbetriebe Karlsruhe GmbH",
        "public_transport": "platform",
        "shelter": "yes",
        "tactile_paving": "yes"
      },
      "geometry": {
        "type": "Point",
        "coordinates": [
          8.4832099,
          49.0023884
        ]
      },
      "id": "node/692974201"
    },
    {
      "type": "Feature",
      "properties": {
        "@id": "node/692974280",
        "bench": "no",
        "bin": "no",
        "bus": "yes",
        "highway": "bus_stop",
        "lit": "yes",
        "name": "Max-Liebermann-Straße",
        "network": "Karlsruher Verkehrsverbund",
        "network:guid": "DE-BW-KVV",
        "network:short": "KVV",
        "network:wikidata": "Q1733986",
        "operator": "Verkehrsbetriebe Karlsruhe GmbH",
        "public_transport": "platform",
        "ref:IFOPT": "de:08212:4505:1:1",
        "shelter": "no",
        "tactile_paving": "no"
      },
      "geometry": {
        "type": "Point",
        "coordinates": [
          8.4698747,
          48.9878931
        ]
      },
      "id": "node/692974280"
    },
    {
      "type": "Feature",
      "properties": {
        "@id": "node/692974292",
        "bench": "no",
        "bus": "yes",
        "covered": "no",
        "highway": "bus_stop",
        "name": "Ettlingen Hedwigshof",
        "network": "Karlsruher Verkehrsverbund",
        "network:guid": "DE-BW-KVV",
        "network:short": "KVV",
        "network:wikidata": "Q1733986",
        "public_transport": "platform",
        "shelter": "no"
      },
      "geometry": {
        "type": "Point",
        "coordinates": [
          8.4298011,
          48.9581464
        ]
      },
      "id": "node/692974292"
    },
    {
      "type": "Feature",
      "properties": {
        "@id": "node/692974302",
        "bench": "no",
        "bin": "no",
        "bus": "yes",
        "covered": "no",
        "highway": "bus_stop",
        "name": "Ettlingen Hedwigshof",
        "network": "Karlsruher Verkehrsverbund",
        "network:guid": "DE-BW-KVV",
        "network:short": "KVV",
        "network:wikidata": "Q1733986",
        "public_transport": "platform",
        "shelter": "no",
        "tactile_paving": "no"
      },
      "geometry": {
        "type": "Point",
        "coordinates": [
          8.4301311,
          48.958194
        ]
      },
      "id": "node/692974302"
    },
    {
      "type": "Feature",
      "properties": {
        "@id": "node/728634716",
        "bench": "yes",
        "bin": "yes",
        "bus": "yes",
        "highway": "bus_stop",
        "lit": "yes",
        "name": "Bernsteinstraße",
        "network": "Karlsruher Verkehrsverbund",
        "network:guid": "DE-BW-KVV",
        "network:short": "KVV",
        "network:wikidata": "Q1733986",
        "operator": "Verkehrsbetriebe Karlsruhe GmbH",
        "public_transport": "platform",
        "shelter": "no",
        "tactile_paving": "no",
        "wikidata": "Q131861787"
      },
      "geometry": {
        "type": "Point",
        "coordinates": [
          8.3479339,
          48.9916635
        ]
      },
      "id": "node/728634716"
    },
    {
      "type": "Feature",
      "properties": {
        "@id": "node/728634717",
        "bench": "yes",
        "bin": "yes",
        "bus": "yes",
        "highway": "bus_stop",
        "lit": "yes",
        "name": "Bernsteinstraße",
        "network": "Karlsruher Verkehrsverbund",
        "network:guid": "DE-BW-KVV",
        "network:short": "KVV",
        "network:wikidata": "Q1733986",
        "operator": "Verkehrsbetriebe Karlsruhe GmbH",
        "public_transport": "platform",
        "shelter": "no",
        "tactile_paving": "no",
        "wikidata": "Q131861787"
      },
      "geometry": {
        "type": "Point",
        "coordinates": [
          8.3481698,
          48.9917245
        ]
      },
      "id": "node/728634717"
    },
    {
      "type": "Feature",
      "properties": {
        "@id": "node/732711881",
        "addr:city": "Karlsruhe",
        "addr:country": "DE",
        "addr:housenumber": "1",
        "addr:postcode": "76185",
        "addr:street": "Wattstraße",
        "amenity": "fuel",
        "automated": "yes",
        "brand": "Independent",
        "fuel:1_25": "no",
        "fuel:1_50": "no",
        "fuel:GTL_diesel": "no",
        "fuel:HGV_diesel": "no",
        "fuel:biodiesel": "no",
        "fuel:cng": "no",
        "fuel:diesel": "no",
        "fuel:e10": "no",
        "fuel:e85": "no",
        "fuel:lpg": "yes",
        "fuel:octane_100": "no",
        "fuel:octane_91": "no",
        "fuel:octane_95": "no",
        "fuel:octane_98": "no",
        "fuel:others": "no",
        "name": "greenAUTOGAS",
        "opening_hours": "24/7",
        "operator": "greenAUTOGAS GmbH",
        "shop": "no",
        "source": "http://www.gas-tankstellen.de",
        "website": "http://www.greenautogas.de/",
        "wheelchair": "no"
      },
      "geometry": {
        "type": "Point",
        "coordinates": [
          8.3585838,
          49.0322361
        ]
      },
      "id": "node/732711881"
    },
    {
      "type": "Feature",
      "properties": {
        "@id": "node/732715380",
        "addr:city": "Karlsruhe",
        "addr:country": "DE",
        "addr:housenumber": "15",
        "addr:postcode": "76187",
        "addr:street": "Kußmaulstraße",
        "amenity": "fuel",
        "brand": "Independent",
        "compressed_air": "no",
        "fuel:1_25": "no",
        "fuel:1_50": "no",
        "fuel:GTL_diesel": "no",
        "fuel:HGV_diesel": "no",
        "fuel:biodiesel": "no",
        "fuel:cng": "no",
        "fuel:diesel": "no",
        "fuel:e10": "no",
        "fuel:e85": "no",
        "fuel:lpg": "yes",
        "fuel:octane_100": "no",
        "fuel:octane_91": "no",
        "fuel:octane_95": "no",
        "fuel:octane_98": "no",
        "name": "Karrer & Barth und Partner Gastankstelle",
        "opening_hours": "Mo-Th 07:30-17:15; Fr 07:00-16:00",
        "operator": "Karrer & Barth und Partner GmbH",
        "source": "http://www.gas-tankstellen.de",
        "website": "https://www.karrer-barth.de/"
      },
      "geometry": {
        "type": "Point",
        "coordinates": [
          8.3675346,
          49.0195218
        ]
      },
      "id": "node/732715380"
    },
    {
      "type": "Feature",
      "properties": {
        "@id": "node/764043462",
        "bench": "no",
        "bin": "yes",
        "bus": "yes",
        "highway": "bus_stop",
        "lit": "yes",
        "name": "Käthe-Kollwitz-Straße",
        "network": "Karlsruher Verkehrsverbund",
        "operator": "Verkehrsbetriebe Karlsruhe GmbH",
        "public_transport": "platform",
        "ref:IFOPT": "de:08212:4603:0:1",
        "shelter": "no",
        "tactile_paving": "no"
      },
      "geometry": {
        "type": "Point",
        "coordinates": [
          8.4785928,
          48.9931042
        ]
      },
      "id": "node/764043462"
    },
    {
      "type": "Feature",
      "properties": {
        "@id": "node/764286913",
        "bench": "no",
        "bin": "no",
        "bus": "yes",
        "highway": "bus_stop",
        "lit": "yes",
        "name": "Karl-Weysser-Straße",
        "network": "Karlsruher Verkehrsverbund",
        "network:guid": "DE-BW-KVV",
        "network:short": "KVV",
        "network:wikidata": "Q1733986",
        "operator": "Verkehrsbetriebe Karlsruhe GmbH",
        "public_transport": "platform",
        "ref:IFOPT": "de:08212:19:2:11",
        "shelter": "no",
        "tactile_paving": "yes",
        "toilets:wheelchair": "no",
        "wheelchair": "yes"
      },
      "geometry": {
        "type": "Point",
        "coordinates": [
          8.4767391,
          48.9985952
        ]
      },
      "id": "node/764286913"
    },
    {
      "type": "Feature",
      "properties": {
        "@id": "node/765977823",
        "bench": "no",
        "bin": "yes",
        "bus": "yes",
        "check_date:shelter": "2024-03-22",
        "highway": "bus_stop",
        "lit": "yes",
        "name": "Käthe-Kollwitz-Straße",
        "network": "Karlsruher Verkehrsverbund",
        "operator": "Verkehrsbetriebe Karlsruhe GmbH",
        "public_transport": "platform",
        "ref:IFOPT": "de:08212:4603:0:2",
        "shelter": "no",
        "tactile_paving": "no"
      },
      "geometry": {
        "type": "Point",
        "coordinates": [
          8.4787257,
          48.9931393
        ]
      },
      "id": "node/765977823"
    },
    {
      "type": "Feature",
      "properties": {
        "@id": "node/766425878",
        "bench": "no",
        "bin": "yes",
        "bus": "yes",
        "highway": "bus_stop",
        "lit": "yes",
        "name": "Max-Beckmann-Straße",
        "network": "Karlsruher Verkehrsverbund",
        "operator": "Verkehrsbetriebe Karlsruhe GmbH",
        "public_transport": "platform",
        "ref:IFOPT": "de:08212:4605:0:1",
        "shelter": "no",
        "tactile_paving": "no"
      },
      "geometry": {
        "type": "Point",
        "coordinates": [
          8.4774869,
          48.9879646
        ]
      },
      "id": "node/766425878"
    },
    {
      "type": "Feature",
      "properties": {
        "@id": "node/766425879",
        "bench": "no",
        "bin": "yes",
        "bus": "yes",
        "highway": "bus_stop",
        "lit": "yes",
        "name": "Geigersberg",
        "network": "Karlsruher Verkehrsverbund",
        "operator": "Verkehrsbetriebe Karlsruhe GmbH",
        "public_transport": "platform",
        "ref:IFOPT": "de:08212:4606:0:1",
        "shelter": "no",
        "tactile_paving": "no"
      },
      "geometry": {
        "type": "Point",
        "coordinates": [
          8.4748798,
          48.9861868
        ]
      },
      "id": "node/766425879"
    },
    {
      "type": "Feature",
      "properties": {
        "@id": "node/766425880",
        "bench": "no",
        "bin": "yes",
        "bus": "yes",
        "highway": "bus_stop",
        "lit": "yes",
        "name": "August-Macke-Straße",
        "network": "Karlsruher Verkehrsverbund",
        "operator": "Verkehrsbetriebe Karlsruhe GmbH",
        "public_transport": "platform",
        "ref:IFOPT": "de:08212:4608:0:1",
        "shelter": "no",
        "tactile_paving": "no"
      },
      "geometry": {
        "type": "Point",
        "coordinates": [
          8.472519,
          48.9873352
        ]
      },
      "id": "node/766425880"
    },
    {
      "type": "Feature",
      "properties": {
        "@id": "node/766425881",
        "bench": "yes",
        "bin": "yes",
        "bus": "yes",
        "highway": "bus_stop",
        "lit": "yes",
        "name": "Erich-Heckel-Straße",
        "network": "Karlsruher Verkehrsverbund",
        "operator": "Verkehrsbetriebe Karlsruhe GmbH",
        "public_transport": "platform",
        "ref:IFOPT": "de:08212:4607:0:1",
        "shelter": "no",
        "tactile_paving": "no"
      },
      "geometry": {
        "type": "Point",
        "coordinates": [
          8.4747745,
          48.9882623
        ]
      },
      "id": "node/766425881"
    },
    {
      "type": "Feature",
      "properties": {
        "@id": "node/766425883",
        "bench": "no",
        "bin": "yes",
        "bus": "yes",
        "highway": "bus_stop",
        "lit": "yes",
        "name": "Ernst-Barlach-Straße",
        "network": "Karlsruher Verkehrsverbund",
        "operator": "Verkehrsbetriebe Karlsruhe GmbH",
        "public_transport": "platform",
        "ref:IFOPT": "de:08212:4604:0:2",
        "shelter": "no",
        "tactile_paving": "no"
      },
      "geometry": {
        "type": "Point",
        "coordinates": [
          8.4790798,
          48.9891792
        ]
      },
      "id": "node/766425883"
    },
    {
      "type": "Feature",
      "properties": {
        "@id": "node/766425884",
        "bench": "no",
        "bin": "yes",
        "bus": "yes",
        "highway": "bus_stop",
        "lit": "yes",
        "name": "Ernst-Barlach-Straße",
        "network": "Karlsruher Verkehrsverbund",
        "network:guid": "DE-BW-KVV",
        "network:short": "KVV",
        "network:wikidata": "Q1733986",
        "operator": "Verkehrsbetriebe Karlsruhe GmbH",
        "public_transport": "platform",
        "ref:IFOPT": "de:08212:4604:0:1",
        "shelter": "no",
        "tactile_paving": "no"
      },
      "geometry": {
        "type": "Point",
        "coordinates": [
          8.4789699,
          48.9892951
        ]
      },
      "id": "node/766425884"
    },
    {
      "type": "Feature",
      "properties": {
        "@id": "node/767435358",
        "bench": "no",
        "bin": "yes",
        "bus": "yes",
        "highway": "bus_stop",
        "lit": "yes",
        "name": "Lußstraße",
        "network": "Karlsruher Verkehrsverbund",
        "operator": "Verkehrsbetriebe Karlsruhe GmbH",
        "public_transport": "platform",
        "ref:IFOPT": "de:08212:4602:0:1",
        "shelter": "no",
        "tactile_paving": "no"
      },
      "geometry": {
        "type": "Point",
        "coordinates": [
          8.4778496,
          48.9952074
        ]
      },
      "id": "node/767435358"
    },
    {
      "type": "Feature",
      "properties": {
        "@id": "node/767435360",
        "bench": "no",
        "bin": "yes",
        "bus": "yes",
        "highway": "bus_stop",
        "lit": "yes",
        "name": "Lußstraße",
        "network": "Karlsruher Verkehrsverbund",
        "operator": "Verkehrsbetriebe Karlsruhe GmbH",
        "public_transport": "platform",
        "ref:IFOPT": "de:08212:4602:0:2",
        "shelter": "no",
        "tactile_paving": "no"
      },
      "geometry": {
        "type": "Point",
        "coordinates": [
          8.4780066,
          48.9951496
        ]
      },
      "id": "node/767435360"
    },
    {
      "type": "Feature",
      "properties": {
        "@id": "node/790571973",
        "amenity": "car_sharing",
        "brand": "Stadtmobil",
        "brand:wikidata": "Q2327629",
        "check_date": "2024-02-18",
        "network": "Stadtmobil Karlsruhe",
        "operator": "Stadtmobil CarSharing GmbH & Co. KG",
        "ref": "Psychiatrie-Kaiserallee",
        "website": "https://karlsruhe.stadtmobil.de/",
        "wheelchair": "yes"
      },
      "geometry": {
        "type": "Point",
        "coordinates": [
          8.3799888,
          49.0109969
        ]
      },
      "id": "node/790571973"
    },
    {
      "type": "Feature",
      "properties": {
        "@id": "node/790573190",
        "amenity": "car_sharing",
        "brand": "Stadtmobil",
        "car_sharing": "key_safe",
        "check_date": "2024-07-03",
        "network": "Stadtmobil Karlsruhe",
        "operator": "Stadtmobil CarSharing GmbH & Co. KG",
        "ref": "Wilhelm-Baur-Straße",
        "website": "https://karlsruhe.stadtmobil.de/",
        "wheelchair": "limited"
      },
      "geometry": {
        "type": "Point",
        "coordinates": [
          8.3681769,
          49.0050903
        ]
      },
      "id": "node/790573190"
    },
    {
      "type": "Feature",
      "properties": {
        "@id": "node/795342056",
        "bench": "no",
        "bin": "yes",
        "bus": "yes",
        "check_date:shelter": "2021-08-24",
        "highway": "bus_stop",
        "lit": "yes",
        "name": "Am Stadion",
        "public_transport": "platform",
        "shelter": "no",
        "tactile_paving": "no"
      },
      "geometry": {
        "type": "Point",
        "coordinates": [
          8.5357295,
          49.0029599
        ]
      },
      "id": "node/795342056"
    },
    {
      "type": "Feature",
      "properties": {
        "@id": "node/829887066",
        "amenity": "car_sharing",
        "brand": "Stadtmobil",
        "brand:wikidata": "Q2327629",
        "name": "Bachstraße",
        "network": "Stadtmobil Karlsruhe",
        "operator": "Stadtmobil CarSharing GmbH & Co. KG",
        "website": "https://karlsruhe.stadtmobil.de/"
      },
      "geometry": {
        "type": "Point",
        "coordinates": [
          8.3656743,
          49.0123693
        ]
      },
      "id": "node/829887066"
    },
    {
      "type": "Feature",
      "properties": {
        "@id": "node/833149346",
        "addr:city": "Stutensee",
        "addr:country": "DE",
        "addr:housenumber": "27",
        "addr:postcode": "76297",
        "addr:street": "Ringstraße",
        "addr:suburb": "Blankenloch",
        "brand": "EDEKA",
        "brand:wikidata": "Q701755",
        "contact:email": "info@edekabehrens.de",
        "contact:phone": "+49 7244 720768",
        "contact:website": "https://edekabehrens.de/",
        "name": "EDEKA Behrens",
        "old_name": "Treff 3000",
        "opening_hours": "Mo-Sa 08:00-20:00; Su,PH off",
        "operator": "Familie Behrens Ringstraße KG",
        "shop": "supermarket",
        "start_date": "2019-05-14",
        "supermarket": "discount",
        "wheelchair": "yes"
      },
      "geometry": {
        "type": "Point",
        "coordinates": [
          8.4677266,
          49.0589603
        ]
      },
      "id": "node/833149346"
    },
    {
      "type": "Feature",
      "properties": {
        "@id": "node/833183603",
        "addr:city": "Karlsruhe",
        "addr:country": "DE",
        "addr:housenumber": "25",
        "addr:postcode": "76185",
        "addr:street": "Yorckstraße",
        "addr:suburb": "Weststadt",
        "check_date:opening_hours": "2024-10-27",
        "description": "Asiatischer Supermarkt",
        "name": "Jinlefu",
        "opening_hours": "Mo-Sa 09:00-20:00",
        "opening_hours:signed": "no",
        "origin": "asian",
        "phone": "+49 721 83086856",
        "shop": "supermarket",
        "wheelchair": "limited"
      },
      "geometry": {
        "type": "Point",
        "coordinates": [
          8.3739029,
          49.0090353
        ]
      },
      "id": "node/833183603"
    },
    {
      "type": "Feature",
      "properties": {
        "@id": "node/873828529",
        "addr:city": "Karlsruhe",
        "addr:country": "DE",
        "addr:housenumber": "18",
        "addr:postcode": "76227",
        "addr:street": "Marstallstraße",
        "check_date": "2025-04-23",
        "contact:website": "http://www.scheck-in-center.de",
        "drink:club-mate": "retail",
        "name": "Scheck-In Center",
        "opening_hours": "Mo-Sa 08:00-22:00; Su,PH off",
        "operator": "Scheck-In Einkaufs-Center Achern GmbH",
        "phone": "+49 721 490290",
        "shop": "supermarket",
        "wheelchair": "yes"
      },
      "geometry": {
        "type": "Point",
        "coordinates": [
          8.4727916,
          48.9977425
        ]
      },
      "id": "node/873828529"
    },
    {
      "type": "Feature",
      "properties": {
        "@id": "node/897615202",
        "addr:city": "Karlsruhe",
        "addr:country": "DE",
        "addr:housenumber": "9",
        "addr:postcode": "76131",
        "addr:street": "Georg-Friedrich-Straße",
        "addr:suburb": "Oststadt",
        "brand": "Rewe",
        "brand:wikidata": "Q16968817",
        "brand:wikipedia": "en:REWE",
        "check_date": "2024-09-14",
        "check_date:opening_hours": "2024-09-14",
        "level": "0",
        "name": "REWE René Müller",
        "old_name": "Tengelmann;Rewe City",
        "old_operator": "REWE Deutscher Supermarkt GmbH",
        "opening_hours": "Mo-Sa 07:00-23:00",
        "operator": "REWE René Müller oHG",
        "payment:american_express": "yes",
        "payment:cash": "yes",
        "payment:contactless": "yes",
        "payment:girocard": "yes",
        "payment:maestro": "yes",
        "payment:mastercard": "yes",
        "payment:payback_pay": "yes",
        "payment:v_pay": "yes",
        "payment:visa": "yes",
        "payment:visa_debit": "yes",
        "payment:visa_electron": "yes",
        "shop": "supermarket",
        "surveillance": "indoor",
        "toilets:wheelchair": "no",
        "wheelchair": "limited",
        "wheelchair:description": "Rampe am Eingang vorhanden, Gänge sehr eng und oft überfüllt"
      },
      "geometry": {
        "type": "Point",
        "coordinates": [
          8.4237272,
          49.0096613
        ]
      },
      "id": "node/897615202"
    },
    {
      "type": "Feature",
      "properties": {
        "@id": "node/904348314",
        "amenity": "car_sharing",
        "brand": "Stadtmobil",
        "car_sharing": "dropoff_point",
        "check_date": "2024-01-16",
        "description": "3 reservierte Parkplätze",
        "network": "Stadtmobil Karlsruhe",
        "opening_hours": "24/7",
        "operator": "Stadtmobil CarSharing GmbH & Co. KG",
        "ref": "Bahnhof Hagsfeld",
        "website": "https://karlsruhe.stadtmobil.de/",
        "wheelchair": "no"
      },
      "geometry": {
        "type": "Point",
        "coordinates": [
          8.4537073,
          49.0276083
        ]
      },
      "id": "node/904348314"
    },
    {
      "type": "Feature",
      "properties": {
        "@id": "node/905659718",
        "bench": "no",
        "bin": "no",
        "bus": "yes",
        "highway": "bus_stop",
        "lit": "no",
        "name": "Hallesche Allee",
        "network": "Karlsruher Verkehrsverbund",
        "operator": "Verkehrsbetriebe Karlsruhe GmbH",
        "public_transport": "platform",
        "shelter": "no",
        "tactile_paving": "no",
        "wheelchair": "no"
      },
      "geometry": {
        "type": "Point",
        "coordinates": [
          8.4533331,
          49.0349068
        ]
      },
      "id": "node/905659718"
    },
    {
      "type": "Feature",
      "properties": {
        "@id": "node/905659723",
        "bench": "no",
        "bin": "yes",
        "bus": "yes",
        "highway": "bus_stop",
        "lit": "no",
        "name": "Hallesche Allee",
        "network": "Karlsruher Verkehrsverbund",
        "operator": "Verkehrsbetriebe Karlsruhe GmbH",
        "public_transport": "platform",
        "shelter": "no",
        "tactile_paving": "no",
        "wheelchair": "no"
      },
      "geometry": {
        "type": "Point",
        "coordinates": [
          8.4540278,
          49.0347925
        ]
      },
      "id": "node/905659723"
    },
    {
      "type": "Feature",
      "properties": {
        "@id": "node/921704454",
        "addr:city": "Karlsruhe",
        "addr:country": "DE",
        "addr:housenumber": "4",
        "addr:postcode": "76199",
        "addr:street": "Ostendorfplatz",
        "brand": "Nahkauf",
        "brand:wikidata": "Q57515238",
        "check_date:opening_hours": "2025-02-24",
        "name": "Nahkauf",
        "old_name": "Markant",
        "opening_hours": "Mo-Fr 07:30-19:30; Sa 07:30-15:00",
        "operator": "Silke Krug",
        "shop": "supermarket",
        "wheelchair": "limited"
      },
      "geometry": {
        "type": "Point",
        "coordinates": [
          8.4074222,
          48.976207
        ]
      },
      "id": "node/921704454"
    },
    {
      "type": "Feature",
      "properties": {
        "@id": "node/931613670",
        "bench": "no",
        "bin": "yes",
        "bus": "yes",
        "highway": "bus_stop",
        "lit": "yes",
        "name": "Thomashof",
        "network": "Karlsruher Verkehrsverbund",
        "network:guid": "DE-BW-KVV",
        "network:short": "KVV",
        "network:wikidata": "Q1733986",
        "operator": "Verkehrsbetriebe Karlsruhe GmbH",
        "public_transport": "platform",
        "shelter": "no",
        "tactile_paving": "no"
      },
      "geometry": {
        "type": "Point",
        "coordinates": [
          8.5044033,
          48.9672392
        ]
      },
      "id": "node/931613670"
    },
    {
      "type": "Feature",
      "properties": {
        "@id": "node/931613679",
        "bench": "yes",
        "bin": "yes",
        "bus": "yes",
        "check_date:shelter": "2022-12-20",
        "highway": "bus_stop",
        "lit": "yes",
        "name": "Thomashof",
        "network": "Karlsruher Verkehrsverbund",
        "network:guid": "DE-BW-KVV",
        "network:short": "KVV",
        "network:wikidata": "Q1733986",
        "operator": "Verkehrsbetriebe Karlsruhe GmbH",
        "public_transport": "platform",
        "shelter": "yes",
        "tactile_paving": "no",
        "wheelchair": "yes"
      },
      "geometry": {
        "type": "Point",
        "coordinates": [
          8.5043465,
          48.9676612
        ]
      },
      "id": "node/931613679"
    },
    {
      "type": "Feature",
      "properties": {
        "@id": "node/970158405",
        "bus": "yes",
        "highway": "bus_stop",
        "name": "Albtalbahnhof",
        "note": "wird im Regelbetrieb nicht verwendet",
        "public_transport": "stop_position",
        "wikidata": "Q99439334"
      },
      "geometry": {
        "type": "Point",
        "coordinates": [
          8.3955011,
          48.9939586
        ]
      },
      "id": "node/970158405"
    },
    {
      "type": "Feature",
      "properties": {
        "@id": "node/992577430",
        "addr:city": "Karlsruhe",
        "addr:country": "DE",
        "addr:housenumber": "4",
        "addr:postcode": "76137",
        "addr:street": "Bahnhofplatz",
        "brand": "EDEKA",
        "brand:wikidata": "Q701755",
        "check_date:opening_hours": "2023-04-26",
        "name": "EDEKA Bagmaci",
        "name:signed": "no",
        "opening_hours": "Mo-Sa 08:00-20:00; Su,PH off",
        "opening_hours:signed": "no",
        "shop": "supermarket",
        "wheelchair": "limited",
        "wheelchair:description": "Eingang barrierefrei;Laden und Ausgang eng und vollgestellt"
      },
      "geometry": {
        "type": "Point",
        "coordinates": [
          8.401226,
          48.9951281
        ]
      },
      "id": "node/992577430"
    },
    {
      "type": "Feature",
      "properties": {
        "@id": "node/1045479091",
        "amenity": "car_sharing",
        "brand": "Stadtmobil",
        "brand:wikidata": "Q2327629",
        "brand:wikipedia": "de:Stadtmobil",
        "capacity": "8",
        "car_sharing": "key_dispensing_machine",
        "network": "Stadtmobil Karlsruhe",
        "opening_hours": "24/7",
        "operator": "Stadtmobil CarSharing GmbH & Co. KG",
        "ref": "Verkehrsbetriebe",
        "start_date": "2016-09",
        "website": "https://karlsruhe.stadtmobil.de/",
        "wheelchair": "yes"
      },
      "geometry": {
        "type": "Point",
        "coordinates": [
          8.4353411,
          49.0087705
        ]
      },
      "id": "node/1045479091"
    },
    {
      "type": "Feature",
      "properties": {
        "@id": "node/1051761464",
        "amenity": "car_sharing",
        "brand": "Stadtmobil",
        "brand:wikidata": "Q2327629",
        "network": "Stadtmobil Karlsruhe",
        "operator": "Stadtmobil CarSharing GmbH & Co. KG",
        "ref": "Hans-Sachs-Straße",
        "website": "https://karlsruhe.stadtmobil.de/privatkunden/stationen/station/hans-sachs-strasse/"
      },
      "geometry": {
        "type": "Point",
        "coordinates": [
          8.3859656,
          49.0093316
        ]
      },
      "id": "node/1051761464"
    },
    {
      "type": "Feature",
      "properties": {
        "@id": "node/1097786486",
        "amenity": "car_sharing",
        "brand": "Stadtmobil",
        "capacity": "2",
        "network": "Stadtmobil Karlsruhe",
        "network:type": "cambio_stadtmobil",
        "operator": "Stadtmobil CarSharing GmbH & Co. KG",
        "operator:type": "private",
        "ref": "Kronprinzenstraße",
        "website": "https://mein.stadtmobil.de/#48.9941-8.3913-19-0"
      },
      "geometry": {
        "type": "Point",
        "coordinates": [
          8.391383,
          48.9939946
        ]
      },
      "id": "node/1097786486"
    },
    {
      "type": "Feature",
      "properties": {
        "@id": "node/1133478884",
        "bench": "no",
        "bin": "no",
        "bus": "yes",
        "departures_board": "timetable",
        "highway": "bus_stop",
        "lit": "yes",
        "name": "Stadtwerke",
        "network": "Karlsruher Verkehrsverbund",
        "network:guid": "DE-BW-KVV",
        "network:short": "KVV",
        "network:wikidata": "Q1733986",
        "public_transport": "platform",
        "ref": "Steg A",
        "shelter": "no",
        "tactile_paving": "no",
        "wheelchair": "limited"
      },
      "geometry": {
        "type": "Point",
        "coordinates": [
          8.3443491,
          49.0071243
        ]
      },
      "id": "node/1133478884"
    },
    {
      "type": "Feature",
      "properties": {
        "@id": "node/1141464177",
        "bus": "yes",
        "highway": "bus_stop",
        "name": "Zündhütle",
        "network": "Karlsruher Verkehrsverbund",
        "network:guid": "DE-BW-KVV",
        "network:short": "KVV",
        "network:wikidata": "Q1733986",
        "network:wikipedia": "de:Karlsruher Verkehrsverbund",
        "operator": "Verkehrsbetriebe Karlsruhe GmbH",
        "public_transport": "stop_position",
        "ref:IFOPT": "de:08212:4492:2:4"
      },
      "geometry": {
        "type": "Point",
        "coordinates": [
          8.4604542,
          48.9828264
        ]
      },
      "id": "node/1141464177"
    },
    {
      "type": "Feature",
      "properties": {
        "@id": "node/1143992763",
        "bench": "yes",
        "bin": "yes",
        "bus": "yes",
        "covered": "no",
        "highway": "bus_stop",
        "lit": "yes",
        "name": "Wolfartsweier Mitte",
        "network": "Karlsruher Verkehrsverbund",
        "network:guid": "DE-BW-KVV",
        "network:short": "KVV",
        "network:wikidata": "Q1733986",
        "operator": "Verkehrsbetriebe Karlsruhe GmbH",
        "public_transport": "platform",
        "ref:IFOPT": "de:08212:4508:1:2",
        "shelter": "yes",
        "tactile_paving": "yes"
      },
      "geometry": {
        "type": "Point",
        "coordinates": [
          8.4554356,
          48.9756118
        ]
      },
      "id": "node/1143992763"
    },
    {
      "type": "Feature",
      "properties": {
        "@id": "node/1143992765",
        "bench": "no",
        "bin": "yes",
        "bus": "yes",
        "covered": "no",
        "highway": "bus_stop",
        "lit": "yes",
        "name": "Wolfartsweier Mitte",
        "network": "Karlsruher Verkehrsverbund",
        "network:guid": "DE-BW-KVV",
        "network:short": "KVV",
        "network:wikidata": "Q1733986",
        "operator": "Verkehrsbetriebe Karlsruhe GmbH",
        "public_transport": "platform",
        "ref:IFOPT": "de:08212:4508:1:1",
        "shelter": "no",
        "tactile_paving": "no",
        "wheelchair": "yes"
      },
      "geometry": {
        "type": "Point",
        "coordinates": [
          8.4552458,
          48.9755588
        ]
      },
      "id": "node/1143992765"
    },
    {
      "type": "Feature",
      "properties": {
        "@id": "node/1182630109",
        "addr:city": "Ettlingen",
        "addr:housenumber": "95",
        "addr:postcode": "76275",
        "addr:street": "Ahornweg",
        "brand": "PENNY",
        "brand:wikidata": "Q284688",
        "brand:wikipedia": "en:Penny (supermarket)",
        "name": "PENNY",
        "opening_hours": "Mo-Sa 07:30-21:00; Su,PH off",
        "shop": "supermarket",
        "wheelchair": "yes"
      },
      "geometry": {
        "type": "Point",
        "coordinates": [
          8.3812451,
          48.9523932
        ]
      },
      "id": "node/1182630109"
    },
    {
      "type": "Feature",
      "properties": {
        "@id": "node/1202240521",
        "amenity": "car_sharing",
        "brand": "Stadtmobil",
        "brand:wikidata": "Q2327629",
        "brand:wikipedia": "de:Stadtmobil",
        "network": "Stadtmobil Karlsruhe",
        "operator": "Stadtmobil CarSharing GmbH & Co. KG",
        "ref": "Rolandplatz",
        "website": "https://karlsruhe.stadtmobil.de/"
      },
      "geometry": {
        "type": "Point",
        "coordinates": [
          8.376469,
          48.9865171
        ]
      },
      "id": "node/1202240521"
    },
    {
      "type": "Feature",
      "properties": {
        "@id": "node/1212631667",
        "bench": "yes",
        "bin": "yes",
        "bus": "yes",
        "highway": "bus_stop",
        "lit": "yes",
        "name": "Parkschlößle",
        "network": "Karlsruher Verkehrsverbund",
        "network:guid": "DE-BW-KVV",
        "network:short": "KVV",
        "network:wikidata": "Q1733986",
        "operator": "Verkehrsbetriebe Karlsruhe GmbH",
        "public_transport": "platform",
        "ref:IFOPT": "de:08212:4503:0:1",
        "shelter": "no",
        "tactile_paving": "yes"
      },
      "geometry": {
        "type": "Point",
        "coordinates": [
          8.4751927,
          48.9954229
        ]
      },
      "id": "node/1212631667"
    },
    {
      "type": "Feature",
      "properties": {
        "@id": "node/1223321753",
        "bench": "no",
        "bin": "yes",
        "bus": "yes",
        "highway": "bus_stop",
        "lit": "no",
        "name": "Dieselstraße",
        "network": "Karlsruher Verkehrsverbund (KVV)",
        "operator": "Verkehrsbetriebe Karlsruhe",
        "public_transport": "platform",
        "shelter": "no",
        "tactile_paving": "yes",
        "wheelchair": "yes"
      },
      "geometry": {
        "type": "Point",
        "coordinates": [
          8.4449315,
          48.9962403
        ]
      },
      "id": "node/1223321753"
    },
    {
      "type": "Feature",
      "properties": {
        "@id": "node/1226095874",
        "amenity": "car_sharing",
        "brand": "Stadtmobil",
        "brand:wikidata": "Q2327629",
        "capacity": "12",
        "name": "Kaiserplatz (Mühlburger Tor)",
        "network": "Stadtmobil Karlsruhe",
        "operator": "Stadtmobil CarSharing GmbH & Co. KG",
        "ref": "Kaiserplatz (Mühlburger Tor)",
        "website": "https://karlsruhe.stadtmobil.de/privatkunden/stationen/station/kaiserplatz-muehlburger-tor/",
        "wheelchair": "yes"
      },
      "geometry": {
        "type": "Point",
        "coordinates": [
          8.3884707,
          49.0092768
        ]
      },
      "id": "node/1226095874"
    },
    {
      "type": "Feature",
      "properties": {
        "@id": "node/1246630550",
        "brand": "Netto Marken-Discount",
        "brand:wikidata": "Q879858",
        "brand:wikipedia": "de:Netto Marken-Discount",
        "check_date:opening_hours": "2024-04-24",
        "name": "Netto Marken-Discount",
        "opening_hours": "Mo-Sa 07:00-21:00; Su,PH off",
        "operator": "Netto Marken-Discount Stiftung & Co. KG",
        "shop": "supermarket",
        "toilets:wheelchair": "no",
        "website": "https://www.netto-online.de/filialen/Karlsruhe/Lange-Str-2/7994/",
        "wheelchair": "yes"
      },
      "geometry": {
        "type": "Point",
        "coordinates": [
          8.4029203,
          48.9725467
        ]
      },
      "id": "node/1246630550"
    },
    {
      "type": "Feature",
      "properties": {
        "@id": "node/1279356477",
        "addr:city": "Bruchsal",
        "addr:country": "DE",
        "addr:housenumber": "9",
        "addr:postcode": "76646",
        "addr:street": "Weingartener Straße",
        "addr:suburb": "Untergrombach",
        "amenity": "fuel",
        "brand": "Aral",
        "brand:wikidata": "Q565734",
        "check": "no",
        "name": "Aral",
        "opening_hours": "Mo-Fr 06:00-21:30; Sa 07:30-21:00; Su 08:00-21:00",
        "operator": "Autohaus R.Lauber GmbH",
        "phone": "+49 7257 911412",
        "website": "https://mehr-tanken.de/tankstelle/32382967/aral-tankstelle-weingartener-strasse-99-76646-bruchsal"
      },
      "geometry": {
        "type": "Point",
        "coordinates": [
          8.5488857,
          49.0800441
        ]
      },
      "id": "node/1279356477"
    },
    {
      "type": "Feature",
      "properties": {
        "@id": "node/1282748780",
        "addr:city": "Karlsruhe",
        "addr:housenumber": "1",
        "addr:postcode": "76149",
        "addr:street": "Am Sandfeld",
        "brand": "Mix Markt",
        "brand:wikidata": "Q327854",
        "brand:wikipedia": "de:Mix Markt",
        "check_date:opening_hours": "2023-06-24",
        "description": "momentan geschlossen wegen Renovierung - Neueröffnung 01.03.2022",
        "email": "mixmarkt6@monolith-gruppe.com",
        "end_date": "2020-07-23",
        "name": "Mix Markt",
        "old_brand": "Lidl",
        "old_name": "Lidl",
        "opening_hours": "Mo-Sa 08:00-20:00",
        "phone": "+49 721 78195193",
        "shop": "supermarket",
        "website": "https://www.mixmarkt.eu/de/germany/maerkte/6/",
        "wheelchair": "yes"
      },
      "geometry": {
        "type": "Point",
        "coordinates": [
          8.3909915,
          49.0445114
        ]
      },
      "id": "node/1282748780"
    },
    {
      "type": "Feature",
      "properties": {
        "@id": "node/1282763241",
        "amenity": "car_sharing",
        "brand": "Stadtmobil",
        "brand:wikidata": "Q2327629",
        "capacity": "1",
        "network": "Stadtmobil Karlsruhe",
        "operator": "Stadtmobil CarSharing GmbH & Co. KG",
        "ref": "Schweriner Straße",
        "website": "https://karlsruhe.stadtmobil.de/"
      },
      "geometry": {
        "type": "Point",
        "coordinates": [
          8.4022862,
          49.0855619
        ]
      },
      "id": "node/1282763241"
    },
    {
      "type": "Feature",
      "properties": {
        "@id": "node/1309960555",
        "bench": "yes",
        "bin": "yes",
        "bus": "yes",
        "highway": "bus_stop",
        "lit": "yes",
        "name": "Taglöhnergärten",
        "network": "Karlsruher Verkehrsverbund",
        "operator": "Verkehrsbetriebe Karlsruhe GmbH",
        "public_transport": "platform",
        "shelter": "no",
        "tactile_paving": "yes",
        "wheelchair": "yes"
      },
      "geometry": {
        "type": "Point",
        "coordinates": [
          8.4723814,
          48.9658069
        ]
      },
      "id": "node/1309960555"
    },
    {
      "type": "Feature",
      "properties": {
        "@id": "node/1309960557",
        "bench": "yes",
        "bin": "yes",
        "bus": "yes",
        "highway": "bus_stop",
        "lit": "yes",
        "name": "Taglöhnergärten",
        "network": "Karlsruher Verkehrsverbund",
        "operator": "Verkehrsbetriebe Karlsruhe GmbH",
        "public_transport": "platform",
        "shelter": "no",
        "tactile_paving": "yes",
        "wheelchair": "yes"
      },
      "geometry": {
        "type": "Point",
        "coordinates": [
          8.472131,
          48.965334
        ]
      },
      "id": "node/1309960557"
    },
    {
      "type": "Feature",
      "properties": {
        "@id": "node/1309984874",
        "bench": "yes",
        "bin": "yes",
        "bus": "yes",
        "highway": "bus_stop",
        "name": "Tiefentalstraße",
        "network": "Karlsruher Verkehrsverbund",
        "operator": "Verkehrsbetriebe Karlsruhe GmbH",
        "public_transport": "platform",
        "shelter": "yes"
      },
      "geometry": {
        "type": "Point",
        "coordinates": [
          8.4734368,
          48.973236
        ]
      },
      "id": "node/1309984874"
    },
    {
      "type": "Feature",
      "properties": {
        "@id": "node/1316028947",
        "amenity": "car_sharing",
        "brand": "Stadtmobil",
        "check_date": "2024-12-26",
        "network": "Stadtmobil Karlsruhe",
        "opening_hours": "24/7",
        "operator": "Stadtmobil CarSharing GmbH & Co. KG",
        "ref": "ZKM-Garage",
        "website": "https://karlsruhe.stadtmobil.de/"
      },
      "geometry": {
        "type": "Point",
        "coordinates": [
          8.3854736,
          49.0009068
        ]
      },
      "id": "node/1316028947"
    },
    {
      "type": "Feature",
      "properties": {
        "@id": "node/1317344977",
        "name": "Sindbad Markt",
        "opening_hours": "Mo-Sa 08:30-20:00",
        "shop": "supermarket",
        "surveillance": "indoor"
      },
      "geometry": {
        "type": "Point",
        "coordinates": [
          8.4079371,
          49.0067593
        ]
      },
      "id": "node/1317344977"
    },
    {
      "type": "Feature",
      "properties": {
        "@id": "node/1325266624",
        "bench": "no",
        "bin": "no",
        "highway": "bus_stop",
        "lit": "yes",
        "name": "Heinz-Barth-Schule",
        "network": "Karlsruher Verkehrsverbund",
        "operator": "Verkehrsbetriebe Karlsruhe GmbH",
        "public_transport": "platform",
        "ref_name": "Grünwettersbach, Heinz-Barth-Schule",
        "shelter": "no",
        "tactile_paving": "no"
      },
      "geometry": {
        "type": "Point",
        "coordinates": [
          8.4768097,
          48.9535599
        ]
      },
      "id": "node/1325266624"
    },
    {
      "type": "Feature",
      "properties": {
        "@id": "node/1363851489",
        "bus": "yes",
        "highway": "bus_stop",
        "name": "Weingarten Liverdunplatz",
        "network": "Karlsruher Verkehrsverbund",
        "network:guid": "DE-BW-KVV",
        "network:short": "KVV",
        "network:wikidata": "Q1733986",
        "network:wikipedia": "de:Karlsruher Verkehrsverbund",
        "note": "Bus 121",
        "operator": "KVV",
        "public_transport": "stop_position",
        "ref_name": "Weingarten (Baden) Liverdunplatz"
      },
      "geometry": {
        "type": "Point",
        "coordinates": [
          8.5370712,
          49.0537818
        ]
      },
      "id": "node/1363851489"
    },
    {
      "type": "Feature",
      "properties": {
        "@id": "node/1380532094",
        "bench": "no",
        "bin": "yes",
        "bus": "yes",
        "highway": "bus_stop",
        "name": "Am Zinken",
        "network": "Karlsruher Verkehrsverbund",
        "network:guid": "DE-BW-KVV",
        "network:short": "KVV",
        "network:wikidata": "Q1733986",
        "operator": "Verkehrsbetriebe Karlsruhe GmbH",
        "public_transport": "platform",
        "shelter": "no",
        "tactile_paving": "no"
      },
      "geometry": {
        "type": "Point",
        "coordinates": [
          8.3807222,
          49.0584336
        ]
      },
      "id": "node/1380532094"
    },
    {
      "type": "Feature",
      "properties": {
        "@id": "node/1388689375",
        "amenity": "car_sharing",
        "brand": "Stadtmobil",
        "capacity": "2",
        "network": "Stadtmobil Karlsruhe",
        "operator": "Stadtmobil CarSharing GmbH & Co. KG",
        "ref": "Abraham-Lincoln-Allee",
        "website": "https://karlsruhe.stadtmobil.de/"
      },
      "geometry": {
        "type": "Point",
        "coordinates": [
          8.4006701,
          49.0538786
        ]
      },
      "id": "node/1388689375"
    },
    {
      "type": "Feature",
      "properties": {
        "@id": "node/1390562219",
        "amenity": "car_sharing",
        "capacity": "3",
        "name": "Feldbergplatz",
        "operator": "Stadtmobil",
        "website": "https://karlsruhe.stadtmobil.de/",
        "wheelchair": "no"
      },
      "geometry": {
        "type": "Point",
        "coordinates": [
          8.3907992,
          48.9848612
        ]
      },
      "id": "node/1390562219"
    },
    {
      "type": "Feature",
      "properties": {
        "@id": "node/1419019049",
        "amenity": "car_sharing",
        "brand": "Stadtmobil",
        "capacity": "9",
        "car_sharing": "key_safe",
        "check_date": "2024-09-30",
        "name": "Bahnhof Grötzingen",
        "network": "Stadtmobil Karlsruhe",
        "operator": "Stadtmobil CarSharing GmbH & Co. KG",
        "ref": "Bahnhof Grötzingen",
        "website": "https://karlsruhe.stadtmobil.de/"
      },
      "geometry": {
        "type": "Point",
        "coordinates": [
          8.4935822,
          49.0059261
        ]
      },
      "id": "node/1419019049"
    },
    {
      "type": "Feature",
      "properties": {
        "@id": "node/1420308159",
        "addr:city": "Karlsruhe",
        "addr:country": "DE",
        "addr:housenumber": "65",
        "addr:postcode": "76189",
        "addr:street": "Wilhelm-Leuschner-Straße",
        "addr:suburb": "Oberreut",
        "branch": "Holzer",
        "brand": "Edeka",
        "brand:wikidata": "Q701755",
        "brand:wikipedia": "de:Edeka",
        "check_date:opening_hours": "2024-06-03",
        "name": "EDEKA Holzer",
        "opening_hours": "Mo-Sa 07:00-20:00; PH off",
        "phone": "+49 721 18395118",
        "shop": "supermarket",
        "surveillance": "indoor",
        "website": "https://www.edeka.de/eh/s%C3%BCdwest/edeka-holzer-wilhelm-leuschner-stra%C3%9Fe-65/index.jsp",
        "wheelchair": "yes"
      },
      "geometry": {
        "type": "Point",
        "coordinates": [
          8.3691042,
          48.9827867
        ]
      },
      "id": "node/1420308159"
    },
    {
      "type": "Feature",
      "properties": {
        "@id": "node/1446879314",
        "check_date": "2024-07-13",
        "check_date:opening_hours": "2023-04-26",
        "name": "Anusan Asian Center - Asiatische Lebensmittel",
        "opening_hours": "Mo-Sa 09:30-20:00; PH,Su off",
        "origin": "asian",
        "phone": "+49 721 9339751",
        "shop": "supermarket",
        "wheelchair": "no",
        "wheelchair:description": "mehrere hohe Stufen am Eingang"
      },
      "geometry": {
        "type": "Point",
        "coordinates": [
          8.3972659,
          48.9945433
        ]
      },
      "id": "node/1446879314"
    },
    {
      "type": "Feature",
      "properties": {
        "@id": "node/1449339586",
        "bench": "no",
        "bin": "yes",
        "bus": "yes",
        "highway": "bus_stop",
        "lit": "yes",
        "name": "Büchelbergstraße",
        "network": "Karlsruher Verkehrsverbund",
        "operator": "Verkehrsbetriebe Karlsruhe GmbH",
        "public_transport": "platform",
        "shelter": "no",
        "tactile_paving": "no"
      },
      "geometry": {
        "type": "Point",
        "coordinates": [
          8.4955611,
          49.0056244
        ]
      },
      "id": "node/1449339586"
    },
    {
      "type": "Feature",
      "properties": {
        "@id": "node/1460915007",
        "amenity": "car_sharing",
        "brand": "Stadtmobil",
        "brand:wikidata": "Q2327629",
        "network": "Stadtmobil Karlsruhe",
        "operator": "Stadtmobil CarSharing GmbH & Co. KG",
        "ref": "Mika",
        "website": "https://karlsruhe.stadtmobil.de/"
      },
      "geometry": {
        "type": "Point",
        "coordinates": [
          8.3927306,
          49.031114
        ]
      },
      "id": "node/1460915007"
    },
    {
      "type": "Feature",
      "properties": {
        "@id": "node/1464813735",
        "addr:city": "Karlsruhe",
        "addr:country": "DE",
        "addr:housenumber": "21",
        "addr:postcode": "76139",
        "addr:street": "Schneidemühler Straße",
        "addr:suburb": "Waldstadt",
        "amenity": "fuel",
        "brand": "Independent",
        "check_date:opening_hours": "2024-04-23",
        "compressed_air": "yes",
        "contact:phone": "+49 721 684101",
        "fuel:diesel": "yes",
        "fuel:e10": "yes",
        "fuel:octane_95": "yes",
        "fuel:octane_98": "yes",
        "fuel:others": "no",
        "name": "Tankhof Waldstadt",
        "opening_hours": "Mo-Fr 08:00-18:00; Sa 09:00-12:30; Su off",
        "operator": "Matthias Rajchel",
        "wheelchair": "yes"
      },
      "geometry": {
        "type": "Point",
        "coordinates": [
          8.4352704,
          49.0359026
        ]
      },
      "id": "node/1464813735"
    },
    {
      "type": "Feature",
      "properties": {
        "@id": "node/1480090550",
        "bench": "no",
        "bin": "no",
        "bus": "yes",
        "fixme": "aktuell nur Ersatzbushaltestellenschild, ist aber planmäßig Haltestelle für Linie 125",
        "highway": "bus_stop",
        "lit": "yes",
        "name": "Hauptfriedhof",
        "network": "Karlsruher Verkehrsverbund",
        "public_transport": "platform",
        "ref:IFOPT": "de:08212:402:2:5",
        "shelter": "no",
        "tactile_paving": "no",
        "wheelchair": "no"
      },
      "geometry": {
        "type": "Point",
        "coordinates": [
          8.4282563,
          49.0131804
        ]
      },
      "id": "node/1480090550"
    },
    {
      "type": "Feature",
      "properties": {
        "@id": "node/1480144415",
        "amenity": "car_sharing",
        "brand": "Stadtmobil",
        "car_sharing": "key_safe",
        "check_date": "2024-01-05",
        "network": "Stadtmobil Karlsruhe",
        "opening_hours": "24/7",
        "operator": "Stadtmobil CarSharing GmbH & Co. KG",
        "ref": "Seboldstraße / Volksbank",
        "website": "https://karlsruhe.stadtmobil.de/",
        "wheelchair": "yes"
      },
      "geometry": {
        "type": "Point",
        "coordinates": [
          8.4706839,
          49.001153
        ]
      },
      "id": "node/1480144415"
    },
    {
      "type": "Feature",
      "properties": {
        "@id": "node/1481168682",
        "amenity": "car_sharing",
        "brand": "Stadtmobil",
        "car_sharing": "key_safe",
        "check_date": "2024-03-10",
        "network": "Stadtmobil Karlsruhe",
        "opening_hours": "24/7",
        "operator": "Stadtmobil CarSharing GmbH & Co. KG",
        "ref": "Gottesauer Platz",
        "website": "https://karlsruhe.stadtmobil.de/"
      },
      "geometry": {
        "type": "Point",
        "coordinates": [
          8.424255,
          49.0072178
        ]
      },
      "id": "node/1481168682"
    },
    {
      "type": "Feature",
      "properties": {
        "@id": "node/1481190975",
        "addr:city": "Karlsruhe",
        "addr:country": "DE",
        "addr:housenumber": "14-16",
        "addr:postcode": "76131",
        "addr:street": "Waldhornstraße",
        "amenity": "fuel",
        "brand": "Independent",
        "compressed_air": "yes",
        "fuel:1_25": "no",
        "fuel:1_50": "no",
        "fuel:GTL_diesel": "no",
        "fuel:HGV_diesel": "no",
        "fuel:biodiesel": "yes",
        "fuel:cng": "no",
        "fuel:diesel": "yes",
        "fuel:e10": "yes",
        "fuel:e85": "yes",
        "fuel:lpg": "no",
        "fuel:octane_100": "no",
        "fuel:octane_91": "no",
        "fuel:octane_95": "yes",
        "fuel:octane_98": "no",
        "maxheight": "3.4",
        "name": "ZG Raiffeisen",
        "opening_hours": "24/7",
        "operator": "ZG Raiffeisen Energie",
        "payment:girocard": "yes",
        "payment:zg_raiffeisen": "yes",
        "website": "https://www.zg-raiffeisen.de/index.php?id=571"
      },
      "geometry": {
        "type": "Point",
        "coordinates": [
          8.4090038,
          49.0102605
        ]
      },
      "id": "node/1481190975"
    },
    {
      "type": "Feature",
      "properties": {
        "@id": "node/1524548101",
        "bench": "no",
        "bin": "yes",
        "highway": "bus_stop",
        "lit": "yes",
        "name": "Hagsfeld Süd",
        "ref_name": "Karlsruhe Hagsfeld Süd",
        "shelter": "yes",
        "tactile_paving": "yes"
      },
      "geometry": {
        "type": "Point",
        "coordinates": [
          8.4498228,
          49.0250734
        ]
      },
      "id": "node/1524548101"
    },
    {
      "type": "Feature",
      "properties": {
        "@id": "node/1526229202",
        "bench": "no",
        "bin": "no",
        "bus": "yes",
        "check_date:shelter": "2023-10-20",
        "highway": "bus_stop",
        "lit": "no",
        "name": "Hirtenweg - Technologiepark",
        "network": "Karlsruher Verkehrsverbund",
        "network:guid": "DE-BW-KVV",
        "network:short": "KVV",
        "network:wikidata": "Q1733986",
        "note": "kein Linienverkehr, wird als Ersatzhaltestelle für Linie 30 bei KSC-Heimspielen benutzt",
        "operator": "Verkehrsbetriebe Karlsruhe GmbH",
        "public_transport": "platform",
        "ref_name": "Karlsruhe Hirtenweg - Technologiepark",
        "shelter": "no",
        "tactile_paving": "no",
        "train": "no",
        "tram": "no"
      },
      "geometry": {
        "type": "Point",
        "coordinates": [
          8.4386408,
          49.0172779
        ]
      },
      "id": "node/1526229202"
    },
    {
      "type": "Feature",
      "properties": {
        "@id": "node/1603350658",
        "bench": "yes",
        "bin": "yes",
        "bus": "yes",
        "highway": "bus_stop",
        "lit": "yes",
        "name": "Rieslingstraße",
        "network": "Karlsruher Verkehrsverbund",
        "operator": "Verkehrsbetriebe Karlsruhe GmbH",
        "public_transport": "platform",
        "ref_name": "Stupferich, Rieslingstraße",
        "shelter": "yes",
        "tactile_paving": "no",
        "uic_ref": "722539"
      },
      "geometry": {
        "type": "Point",
        "coordinates": [
          8.5033391,
          48.951209
        ]
      },
      "id": "node/1603350658"
    },
    {
      "type": "Feature",
      "properties": {
        "@id": "node/1636530630",
        "bench": "yes",
        "bin": "yes",
        "bus": "yes",
        "highway": "bus_stop",
        "lit": "no",
        "name": "Schwetzinger Straße",
        "network": "Karlsruher Verkehrsverbund",
        "operator": "Verkehrsbetriebe Karlsruhe GmbH",
        "public_transport": "platform",
        "shelter": "no",
        "tactile_paving": "yes"
      },
      "geometry": {
        "type": "Point",
        "coordinates": [
          8.4590866,
          49.0314453
        ]
      },
      "id": "node/1636530630"
    },
    {
      "type": "Feature",
      "properties": {
        "@id": "node/1659009610",
        "bus": "yes",
        "highway": "bus_stop",
        "name": "Steiermärker Straße",
        "note": "SEV-Haltestelle",
        "public_transport": "stop_position",
        "ref:IFOPT": "de:08212:4496:3:31"
      },
      "geometry": {
        "type": "Point",
        "coordinates": [
          8.45797,
          48.9849198
        ]
      },
      "id": "node/1659009610"
    },
    {
      "type": "Feature",
      "properties": {
        "@id": "node/1659009615",
        "bus": "yes",
        "highway": "bus_stop",
        "name": "Steiermärker Straße",
        "note": "SEV-Haltestelle",
        "public_transport": "stop_position",
        "ref:IFOPT": "de:08212:4496:3:32"
      },
      "geometry": {
        "type": "Point",
        "coordinates": [
          8.4580533,
          48.9850667
        ]
      },
      "id": "node/1659009615"
    },
    {
      "type": "Feature",
      "properties": {
        "@id": "node/1659159587",
        "bus": "yes",
        "highway": "bus_stop",
        "name": "Ostmarkstraße",
        "note": "SEV-Haltestelle",
        "public_transport": "stop_position",
        "ref:IFOPT": "de:08212:4494:4:41"
      },
      "geometry": {
        "type": "Point",
        "coordinates": [
          8.4528934,
          48.9915093
        ]
      },
      "id": "node/1659159587"
    },
    {
      "type": "Feature",
      "properties": {
        "@id": "node/1659159588",
        "bus": "yes",
        "highway": "bus_stop",
        "name": "Ostmarkstraße",
        "note": "SEV-Haltestelle",
        "public_transport": "stop_position",
        "ref:IFOPT": "de:08212:4494:4:42"
      },
      "geometry": {
        "type": "Point",
        "coordinates": [
          8.4528333,
          48.9915504
        ]
      },
      "id": "node/1659159588"
    },
    {
      "type": "Feature",
      "properties": {
        "@id": "node/1661062144",
        "bench": "yes",
        "bin": "yes",
        "bus": "yes",
        "covered": "no",
        "highway": "bus_stop",
        "lit": "yes",
        "name": "Wolfartsweier Nord",
        "network": "Karlsruher Verkehrsverbund",
        "network:guid": "DE-BW-KVV",
        "network:short": "KVV",
        "network:wikidata": "Q1733986",
        "network:wikipedia": "de:Karlsruher Verkehrsverbund",
        "operator": "Verkehrsbetriebe Karlsruhe GmbH",
        "public_transport": "platform",
        "ref:IFOPT": "de:08212:4500:4:4",
        "shelter": "yes",
        "tactile_paving": "yes",
        "wheelchair": "yes"
      },
      "geometry": {
        "type": "Point",
        "coordinates": [
          8.4580883,
          48.9781291
        ]
      },
      "id": "node/1661062144"
    },
    {
      "type": "Feature",
      "properties": {
        "@id": "node/1669433081",
        "bus": "yes",
        "highway": "bus_stop",
        "name": "Hohenwettersbach Rathaus",
        "network": "Karlsruher Verkehrsverbund",
        "operator": "Verkehrsbetriebe Karlsruhe GmbH",
        "public_transport": "stop_position"
      },
      "geometry": {
        "type": "Point",
        "coordinates": [
          8.4773435,
          48.966003
        ]
      },
      "id": "node/1669433081"
    },
    {
      "type": "Feature",
      "properties": {
        "@id": "node/1710582891",
        "bus": "yes",
        "highway": "bus_stop",
        "name": "Messe",
        "note": "wird nur vom Messe-Express bedient",
        "public_transport": "stop_position",
        "toilets:wheelchair": "no",
        "wheelchair": "yes"
      },
      "geometry": {
        "type": "Point",
        "coordinates": [
          8.3283622,
          48.9814363
        ]
      },
      "id": "node/1710582891"
    },
    {
      "type": "Feature",
      "properties": {
        "@id": "node/1715155540",
        "bus": "yes",
        "highway": "bus_stop",
        "name": "Kühler Krug",
        "network": "Karlsruher Verkehrsverbund",
        "network:guid": "DE-BW-KVV",
        "network:short": "KVV",
        "network:wikidata": "Q1733986",
        "operator": "Verkehrsbetriebe Karlsruhe GmbH",
        "public_transport": "stop_position",
        "wheelchair": "yes"
      },
      "geometry": {
        "type": "Point",
        "coordinates": [
          8.3678864,
          49.0050749
        ]
      },
      "id": "node/1715155540"
    },
    {
      "type": "Feature",
      "properties": {
        "@id": "node/1721902357",
        "bench": "no",
        "bin": "no",
        "bus": "yes",
        "departures_board": "timetable",
        "highway": "bus_stop",
        "lit": "yes",
        "name": "Bernsteinstraße",
        "network": "Karlsruher Verkehrsverbund",
        "network:guid": "DE-BW-KVV",
        "network:short": "KVV",
        "network:wikidata": "Q1733986",
        "operator": "Verkehrsbetriebe Karlsruhe GmbH",
        "public_transport": "platform",
        "shelter": "no",
        "tactile_paving": "yes",
        "wikidata": "Q131861787"
      },
      "geometry": {
        "type": "Point",
        "coordinates": [
          8.3480625,
          48.9922067
        ]
      },
      "id": "node/1721902357"
    },
    {
      "type": "Feature",
      "properties": {
        "@id": "node/1725063297",
        "addr:city": "Karlsruhe",
        "addr:country": "DE",
        "addr:housenumber": "1",
        "addr:postcode": "76131",
        "addr:street": "Wolfartsweierer Straße",
        "brand": "Serpa",
        "brand:wikidata": "Q132754404",
        "check_date:opening_hours": "2024-09-09",
        "contact:facebook": "https://www.facebook.com/serpamarktkarlsruhe/",
        "contact:instagram": "https://www.instagram.com/serpa_markt.de/",
        "contact:phone": "+49 721 691770",
        "contact:website": "https://serpa-markt.de/",
        "level": "0",
        "name": "Serpa Markt",
        "old_name": "Meypa",
        "opening_hours": "Mo-Sa 08:00-20:00; Su, PH off",
        "shop": "supermarket",
        "wheelchair": "yes"
      },
      "geometry": {
        "type": "Point",
        "coordinates": [
          8.4244357,
          49.0070405
        ]
      },
      "id": "node/1725063297"
    },
    {
      "type": "Feature",
      "properties": {
        "@id": "node/1740059681",
        "addr:city": "Karlsruhe",
        "addr:country": "DE",
        "addr:housenumber": "227",
        "addr:postcode": "76133",
        "addr:street": "Kaiserstraße",
        "brand": "REWE",
        "brand:wikidata": "Q16968817",
        "brand:wikipedia": "en:REWE",
        "check_date": "2023-01-02",
        "check_date:opening_hours": "2024-02-07",
        "internet_access": "wlan",
        "internet_access:fee": "no",
        "level": "0",
        "name": "REWE City",
        "opening_hours": "Mo-Sa 07:00-24:00",
        "operator": "REWE Markt GmbH",
        "payment:coins": "yes",
        "payment:contactless": "yes",
        "payment:girocard": "yes",
        "payment:maestro": "yes",
        "payment:mastercard": "yes",
        "payment:notes": "yes",
        "payment:visa": "yes",
        "shop": "supermarket",
        "wheelchair": "yes"
      },
      "geometry": {
        "type": "Point",
        "coordinates": [
          8.3923058,
          49.0099674
        ]
      },
      "id": "node/1740059681"
    },
    {
      "type": "Feature",
      "properties": {
        "@id": "node/1767737899",
        "amenity": "car_sharing",
        "brand": "Stadtmobil",
        "capacity": "3",
        "car_sharing": "parking",
        "network": "Stadtmobil Karlsruhe",
        "opening_hours": "24/7",
        "operator": "Stadtmobil CarSharing GmbH & Co. KG",
        "ref": "KIT-Straße-am-Forum",
        "website": "https://karlsruhe.stadtmobil.de/"
      },
      "geometry": {
        "type": "Point",
        "coordinates": [
          8.4163672,
          49.0134033
        ]
      },
      "id": "node/1767737899"
    },
    {
      "type": "Feature",
      "properties": {
        "@id": "node/1779246533",
        "bench": "no",
        "bin": "yes",
        "bus": "yes",
        "highway": "bus_stop",
        "lit": "yes",
        "name": "Karlsbader Straße",
        "network": "Karlsruher Verkehrsverbund",
        "network:guid": "DE-BW-KVV",
        "network:short": "KVV",
        "network:wikidata": "Q1733986",
        "operator": "Verkehrsbetriebe Karlsruhe GmbH",
        "public_transport": "platform",
        "shelter": "no",
        "tactile_paving": "no"
      },
      "geometry": {
        "type": "Point",
        "coordinates": [
          8.5078181,
          48.9539468
        ]
      },
      "id": "node/1779246533"
    },
    {
      "type": "Feature",
      "properties": {
        "@id": "node/1779246535",
        "bench": "no",
        "bin": "yes",
        "bus": "yes",
        "highway": "bus_stop",
        "lit": "yes",
        "name": "Karlsbader Straße",
        "network": "Karlsruher Verkehrsverbund",
        "network:guid": "DE-BW-KVV",
        "network:short": "KVV",
        "network:wikidata": "Q1733986",
        "operator": "Verkehrsbetriebe Karlsruhe GmbH",
        "public_transport": "platform",
        "shelter": "no",
        "tactile_paving": "no"
      },
      "geometry": {
        "type": "Point",
        "coordinates": [
          8.5081282,
          48.9540233
        ]
      },
      "id": "node/1779246535"
    },
    {
      "type": "Feature",
      "properties": {
        "@id": "node/1779246536",
        "bench": "yes",
        "bin": "yes",
        "bus": "yes",
        "highway": "bus_stop",
        "lit": "yes",
        "local_ref": "A",
        "name": "Stupferich Rathaus",
        "network": "Karlsruher Verkehrsverbund",
        "network:guid": "DE-BW-KVV",
        "network:short": "KVV",
        "network:wikidata": "Q1733986",
        "operator": "Verkehrsbetriebe Karlsruhe GmbH",
        "passenger_information_display": "yes",
        "public_transport": "platform",
        "ref_name": "Stupferich, Rathaus",
        "shelter": "yes",
        "tactile_paving": "yes",
        "uic_ref": "722537",
        "wheelchair": "yes"
      },
      "geometry": {
        "type": "Point",
        "coordinates": [
          8.5106652,
          48.9542347
        ]
      },
      "id": "node/1779246536"
    },
    {
      "type": "Feature",
      "properties": {
        "@id": "node/1779329929",
        "bench": "no",
        "bus": "yes",
        "covered": "no",
        "highway": "bus_stop",
        "name": "Ettlingen Am Hardtwald",
        "network": "Karlsruher Verkehrsverbund",
        "network:guid": "DE-BW-KVV",
        "network:short": "KVV",
        "network:wikidata": "Q1733986",
        "public_transport": "platform",
        "shelter": "no"
      },
      "geometry": {
        "type": "Point",
        "coordinates": [
          8.3780561,
          48.9571149
        ]
      },
      "id": "node/1779329929"
    },
    {
      "type": "Feature",
      "properties": {
        "@id": "node/1779329931",
        "bench": "no",
        "bin": "no",
        "bus": "yes",
        "covered": "no",
        "highway": "bus_stop",
        "lit": "yes",
        "name": "Ettlingen Kleiner Plom",
        "network": "Karlsruher Verkehrsverbund",
        "network:guid": "DE-BW-KVV",
        "network:short": "KVV",
        "network:wikidata": "Q1733986",
        "public_transport": "platform",
        "shelter": "no",
        "tactile_paving": "no"
      },
      "geometry": {
        "type": "Point",
        "coordinates": [
          8.376988,
          48.9552779
        ]
      },
      "id": "node/1779329931"
    },
    {
      "type": "Feature",
      "properties": {
        "@id": "node/1805145468",
        "bench": "no",
        "bin": "yes",
        "bus": "yes",
        "highway": "bus_stop",
        "lit": "yes",
        "name": "KIT-Shuttle Haltestelle Campus Süd",
        "public_transport": "platform",
        "shelter": "no",
        "tactile_paving": "no"
      },
      "geometry": {
        "type": "Point",
        "coordinates": [
          8.41811,
          49.010407
        ]
      },
      "id": "node/1805145468"
    },
    {
      "type": "Feature",
      "properties": {
        "@id": "node/1820398764",
        "bench": "no",
        "bin": "no",
        "bus": "yes",
        "highway": "bus_stop",
        "lit": "yes",
        "name": "Waldenserkirche",
        "network": "Karlsruher Verkehrsverbund",
        "network:guid": "DE-BW-KVV",
        "network:short": "KVV",
        "network:wikidata": "Q1733986",
        "operator": "Verkehrsbetriebe Karlsruhe GmbH",
        "public_transport": "platform",
        "shelter": "no",
        "tactile_paving": "no"
      },
      "geometry": {
        "type": "Point",
        "coordinates": [
          8.3709418,
          49.0469831
        ]
      },
      "id": "node/1820398764"
    },
    {
      "type": "Feature",
      "properties": {
        "@id": "node/1820398765",
        "bench": "no",
        "bin": "yes",
        "bus": "yes",
        "departures_board": "timetable",
        "highway": "bus_stop",
        "lit": "yes",
        "name": "Waldenserkirche",
        "network": "Karlsruher Verkehrsverbund",
        "network:guid": "DE-BW-KVV",
        "network:short": "KVV",
        "network:wikidata": "Q1733986",
        "operator": "Verkehrsbetriebe Karlsruhe GmbH",
        "public_transport": "platform",
        "shelter": "no",
        "tactile_paving": "no"
      },
      "geometry": {
        "type": "Point",
        "coordinates": [
          8.3712597,
          49.047365
        ]
      },
      "id": "node/1820398765"
    },
    {
      "type": "Feature",
      "properties": {
        "@id": "node/1820406311",
        "bench": "no",
        "bin": "yes",
        "bus": "yes",
        "highway": "bus_stop",
        "lit": "yes",
        "name": "Mitteltorstraße",
        "network": "Karlsruher Verkehrsverbund",
        "network:guid": "DE-BW-KVV",
        "network:short": "KVV",
        "network:wikidata": "Q1733986",
        "operator": "Verkehrsbetriebe Karlsruhe GmbH",
        "public_transport": "platform",
        "shelter": "no",
        "tactile_paving": "no"
      },
      "geometry": {
        "type": "Point",
        "coordinates": [
          8.3783887,
          49.0521684
        ]
      },
      "id": "node/1820406311"
    },
    {
      "type": "Feature",
      "properties": {
        "@id": "node/1820406312",
        "bench": "no",
        "bin": "yes",
        "bus": "yes",
        "highway": "bus_stop",
        "lit": "yes",
        "name": "Mitteltorstraße",
        "network": "Karlsruher Verkehrsverbund",
        "network:guid": "DE-BW-KVV",
        "network:short": "KVV",
        "network:wikidata": "Q1733986",
        "operator": "Verkehrsbetriebe Karlsruhe GmbH",
        "public_transport": "platform",
        "shelter": "no",
        "tactile_paving": "no"
      },
      "geometry": {
        "type": "Point",
        "coordinates": [
          8.3782532,
          49.0521773
        ]
      },
      "id": "node/1820406312"
    },
    {
      "type": "Feature",
      "properties": {
        "@id": "node/1820406313",
        "bench": "yes",
        "bin": "yes",
        "bus": "yes",
        "departures_board": "timetable",
        "highway": "bus_stop",
        "lit": "yes",
        "name": "Neureut Kirche",
        "network": "Karlsruher Verkehrsverbund",
        "network:guid": "DE-BW-KVV",
        "network:short": "KVV",
        "network:wikidata": "Q1733986",
        "operator": "Verkehrsbetriebe Karlsruhe GmbH",
        "public_transport": "platform",
        "shelter": "yes",
        "tactile_paving": "no",
        "wheelchair": "yes"
      },
      "geometry": {
        "type": "Point",
        "coordinates": [
          8.3806126,
          49.0539506
        ]
      },
      "id": "node/1820406313"
    },
    {
      "type": "Feature",
      "properties": {
        "@id": "node/1820406314",
        "bench": "no",
        "bin": "yes",
        "bus": "yes",
        "covered": "no",
        "departures_board": "timetable",
        "highway": "bus_stop",
        "lit": "no",
        "name": "Neureut Kirche",
        "network": "Karlsruher Verkehrsverbund",
        "network:guid": "DE-BW-KVV",
        "network:short": "KVV",
        "network:wikidata": "Q1733986",
        "operator": "Verkehrsbetriebe Karlsruhe GmbH",
        "public_transport": "platform",
        "shelter": "no",
        "tactile_paving": "no",
        "wheelchair": "yes"
      },
      "geometry": {
        "type": "Point",
        "coordinates": [
          8.380366,
          49.0538527
        ]
      },
      "id": "node/1820406314"
    },
    {
      "type": "Feature",
      "properties": {
        "@id": "node/1820495632",
        "bench": "yes",
        "bin": "yes",
        "bus": "yes",
        "highway": "bus_stop",
        "lit": "yes",
        "name": "Am Heegwald",
        "network": "Karlsruher Verkehrsverbund",
        "operator": "Verkehrsbetriebe Karlsruhe GmbH",
        "passenger_information_display": "no",
        "public_transport": "platform",
        "shelter": "yes",
        "tactile_paving": "no"
      },
      "geometry": {
        "type": "Point",
        "coordinates": [
          8.4790179,
          49.0175691
        ]
      },
      "id": "node/1820495632"
    },
    {
      "type": "Feature",
      "properties": {
        "@id": "node/1820527769",
        "bench": "no",
        "bin": "yes",
        "bus": "yes",
        "covered": "no",
        "highway": "bus_stop",
        "lit": "yes",
        "name": "Gudrunstraße",
        "network": "Karlsruher Verkehrsverbund",
        "network:guid": "DE-BW-KVV",
        "network:short": "KVV",
        "network:wikidata": "Q1733986",
        "network:wikipedia": "de:Karlsruher Verkehrsverbund",
        "operator": "Verkehrsbetriebe Karlsruhe GmbH",
        "public_transport": "platform",
        "ref:IFOPT": "de:08212:4206:1:2",
        "shelter": "no",
        "tactile_paving": "no"
      },
      "geometry": {
        "type": "Point",
        "coordinates": [
          8.4553082,
          48.9965065
        ]
      },
      "id": "node/1820527769"
    },
    {
      "type": "Feature",
      "properties": {
        "@id": "node/1820527773",
        "bench": "yes",
        "bin": "yes",
        "bus": "yes",
        "covered": "no",
        "highway": "bus_stop",
        "lit": "yes",
        "name": "Gudrunstraße",
        "network": "Karlsruher Verkehrsverbund",
        "network:guid": "DE-BW-KVV",
        "network:short": "KVV",
        "network:wikidata": "Q1733986",
        "network:wikipedia": "de:Karlsruher Verkehrsverbund",
        "operator": "Verkehrsbetriebe Karlsruhe GmbH",
        "public_transport": "platform",
        "ref:IFOPT": "de:08212:4206:1:1",
        "shelter": "yes",
        "tactile_paving": "no"
      },
      "geometry": {
        "type": "Point",
        "coordinates": [
          8.4552618,
          48.9966043
        ]
      },
      "id": "node/1820527773"
    },
    {
      "type": "Feature",
      "properties": {
        "@id": "node/1830659701",
        "bench": "no",
        "bin": "no",
        "bus": "yes",
        "highway": "bus_stop",
        "lit": "yes",
        "name": "Europäische Schule",
        "public_transport": "platform",
        "shelter": "no",
        "tactile_paving": "no",
        "wheelchair": "limited"
      },
      "geometry": {
        "type": "Point",
        "coordinates": [
          8.447099,
          49.0451057
        ]
      },
      "id": "node/1830659701"
    },
    {
      "type": "Feature",
      "properties": {
        "@id": "node/1830659704",
        "bench": "no",
        "bin": "no",
        "bus": "yes",
        "highway": "bus_stop",
        "lit": "yes",
        "name": "Europäische Schule",
        "public_transport": "platform",
        "shelter": "yes",
        "tactile_paving": "no",
        "wheelchair": "limited"
      },
      "geometry": {
        "type": "Point",
        "coordinates": [
          8.4479138,
          49.0452871
        ]
      },
      "id": "node/1830659704"
    },
    {
      "type": "Feature",
      "properties": {
        "@id": "node/1830659713",
        "bench": "no",
        "bin": "no",
        "bus": "yes",
        "highway": "bus_stop",
        "lit": "yes",
        "name": "Europäische Schule",
        "public_transport": "platform",
        "shelter": "no",
        "tactile_paving": "no",
        "wheelchair": "limited"
      },
      "geometry": {
        "type": "Point",
        "coordinates": [
          8.4479164,
          49.0453372
        ]
      },
      "id": "node/1830659713"
    },
    {
      "type": "Feature",
      "properties": {
        "@id": "node/1843678301",
        "bench": "yes",
        "bin": "yes",
        "bus": "yes",
        "highway": "bus_stop",
        "name": "Schäferstraße",
        "network": "Karlsruher Verkehrsverbund",
        "operator": "Verkehrsbetriebe Karlsruhe GmbH",
        "public_transport": "platform",
        "shelter": "no",
        "tactile_paving": "no",
        "wheelchair": "no"
      },
      "geometry": {
        "type": "Point",
        "coordinates": [
          8.4609511,
          49.0286094
        ]
      },
      "id": "node/1843678301"
    },
    {
      "type": "Feature",
      "properties": {
        "@id": "node/1849066137",
        "bench": "no",
        "bin": "no",
        "bus": "yes",
        "highway": "bus_stop",
        "lit": "yes",
        "name": "Gustav-Hofmann-Straße",
        "network": "Karlsruher Verkehrsverbund",
        "operator": "Verkehrsbetriebe Karlsruhe GmbH",
        "public_transport": "platform",
        "shelter": "no",
        "tactile_paving": "no"
      },
      "geometry": {
        "type": "Point",
        "coordinates": [
          8.5065412,
          49.00401
        ]
      },
      "id": "node/1849066137"
    },
    {
      "type": "Feature",
      "properties": {
        "@id": "node/1849066138",
        "bench": "yes",
        "bin": "yes",
        "bus": "yes",
        "highway": "bus_stop",
        "lit": "yes",
        "name": "Staigstraße",
        "network": "Karlsruher Verkehrsverbund",
        "network:guid": "DE-BW-KVV",
        "network:short": "KVV",
        "network:wikidata": "Q1733986",
        "operator": "Verkehrsbetriebe Karlsruhe GmbH",
        "public_transport": "platform",
        "shelter": "no",
        "tactile_paving": "yes"
      },
      "geometry": {
        "type": "Point",
        "coordinates": [
          8.4976565,
          49.0029098
        ]
      },
      "id": "node/1849066138"
    },
    {
      "type": "Feature",
      "properties": {
        "@id": "node/1849066139",
        "bench": "no",
        "bin": "no",
        "bus": "yes",
        "highway": "bus_stop",
        "lit": "yes",
        "name": "Fikentscherstraße",
        "network": "Karlsruher Verkehrsverbund",
        "operator": "Verkehrsbetriebe Karlsruhe GmbH",
        "public_transport": "platform",
        "shelter": "no",
        "tactile_paving": "no"
      },
      "geometry": {
        "type": "Point",
        "coordinates": [
          8.5070205,
          49.0016945
        ]
      },
      "id": "node/1849066139"
    },
    {
      "type": "Feature",
      "properties": {
        "@id": "node/1849066140",
        "bench": "no",
        "bin": "yes",
        "bus": "yes",
        "highway": "bus_stop",
        "lit": "yes",
        "name": "Paul-Rein-Straße",
        "network": "Karlsruher Verkehrsverbund",
        "network:guid": "DE-BW-KVV",
        "network:short": "KVV",
        "network:wikidata": "Q1733986",
        "operator": "Verkehrsbetriebe Karlsruhe GmbH",
        "public_transport": "platform",
        "shelter": "no",
        "tactile_paving": "no"
      },
      "geometry": {
        "type": "Point",
        "coordinates": [
          8.5039086,
          49.0012654
        ]
      },
      "id": "node/1849066140"
    },
    {
      "type": "Feature",
      "properties": {
        "@id": "node/1849066141",
        "bench": "no",
        "bin": "yes",
        "bus": "yes",
        "covered": "no",
        "highway": "bus_stop",
        "lit": "yes",
        "name": "Im Sonnental",
        "network": "Karlsruher Verkehrsverbund",
        "network:guid": "DE-BW-KVV",
        "network:short": "KVV",
        "network:wikidata": "Q1733986",
        "operator": "Verkehrsbetriebe Karlsruhe GmbH",
        "public_transport": "platform",
        "ref": "Steig A",
        "shelter": "no",
        "tactile_paving": "no"
      },
      "geometry": {
        "type": "Point",
        "coordinates": [
          8.5029428,
          49.0018175
        ]
      },
      "id": "node/1849066141"
    },
    {
      "type": "Feature",
      "properties": {
        "@id": "node/1849066142",
        "bench": "no",
        "bin": "yes",
        "bus": "yes",
        "highway": "bus_stop",
        "lit": "yes",
        "name": "Ringelberghohl",
        "network": "Karlsruher Verkehrsverbund",
        "operator": "Verkehrsbetriebe Karlsruhe GmbH",
        "public_transport": "platform",
        "shelter": "no",
        "tactile_paving": "no"
      },
      "geometry": {
        "type": "Point",
        "coordinates": [
          8.5024974,
          49.0033818
        ]
      },
      "id": "node/1849066142"
    },
    {
      "type": "Feature",
      "properties": {
        "@id": "node/1849066143",
        "bench": "no",
        "bin": "no",
        "bus": "yes",
        "highway": "bus_stop",
        "lit": "yes",
        "name": "LTZ Augustenberg",
        "network": "Karlsruher Verkehrsverbund",
        "network:guid": "DE-BW-KVV",
        "network:short": "KVV",
        "network:wikidata": "Q1733986",
        "network:wikipedia": "de:Karlsruher Verkehrsverbund",
        "operator": "Verkehrsbetriebe Karlsruhe GmbH",
        "public_transport": "platform",
        "shelter": "no",
        "tactile_paving": "no"
      },
      "geometry": {
        "type": "Point",
        "coordinates": [
          8.4925721,
          49.0032235
        ]
      },
      "id": "node/1849066143"
    },
    {
      "type": "Feature",
      "properties": {
        "@id": "node/1859483769",
        "bench": "no",
        "bin": "yes",
        "bus": "yes",
        "highway": "bus_stop",
        "lit": "yes",
        "name": "Paul-Rein-Straße",
        "network": "Karlsruher Verkehrsverbund",
        "network:guid": "DE-BW-KVV",
        "network:short": "KVV",
        "network:wikidata": "Q1733986",
        "operator": "Verkehrsbetriebe Karlsruhe GmbH",
        "public_transport": "platform",
        "shelter": "no",
        "tactile_paving": "no"
      },
      "geometry": {
        "type": "Point",
        "coordinates": [
          8.5039668,
          49.0011879
        ]
      },
      "id": "node/1859483769"
    },
    {
      "type": "Feature",
      "properties": {
        "@id": "node/1859483772",
        "bench": "no",
        "bin": "yes",
        "bus": "yes",
        "covered": "no",
        "highway": "bus_stop",
        "lit": "yes",
        "name": "Im Sonnental",
        "network": "Karlsruher Verkehrsverbund",
        "network:guid": "DE-BW-KVV",
        "network:short": "KVV",
        "network:wikidata": "Q1733986",
        "operator": "Verkehrsbetriebe Karlsruhe GmbH",
        "public_transport": "platform",
        "ref": "Steig B",
        "shelter": "no",
        "tactile_paving": "no"
      },
      "geometry": {
        "type": "Point",
        "coordinates": [
          8.5028596,
          49.0016354
        ]
      },
      "id": "node/1859483772"
    },
    {
      "type": "Feature",
      "properties": {
        "@id": "node/1859483777",
        "bench": "no",
        "bin": "no",
        "bus": "yes",
        "highway": "bus_stop",
        "lit": "yes",
        "name": "Fikentscherstraße",
        "network": "Karlsruher Verkehrsverbund",
        "operator": "Verkehrsbetriebe Karlsruhe GmbH",
        "public_transport": "platform",
        "shelter": "no",
        "tactile_paving": "no"
      },
      "geometry": {
        "type": "Point",
        "coordinates": [
          8.5071642,
          49.0017061
        ]
      },
      "id": "node/1859483777"
    },
    {
      "type": "Feature",
      "properties": {
        "@id": "node/1859483779",
        "bench": "no",
        "bin": "no",
        "bus": "yes",
        "highway": "bus_stop",
        "lit": "yes",
        "name": "Neßlerstraße",
        "network": "Karlsruher Verkehrsverbund",
        "network:guid": "DE-BW-KVV",
        "network:short": "KVV",
        "network:wikidata": "Q1733986",
        "network:wikipedia": "de:Karlsruher Verkehrsverbund",
        "operator": "Verkehrsbetriebe Karlsruhe GmbH",
        "public_transport": "platform",
        "shelter": "no",
        "tactile_paving": "no"
      },
      "geometry": {
        "type": "Point",
        "coordinates": [
          8.4868953,
          49.0023912
        ]
      },
      "id": "node/1859483779"
    },
    {
      "type": "Feature",
      "properties": {
        "@id": "node/1859483783",
        "bench": "yes",
        "bin": "yes",
        "bus": "yes",
        "highway": "bus_stop",
        "lit": "yes",
        "name": "Staigstraße",
        "network": "Karlsruher Verkehrsverbund",
        "network:guid": "DE-BW-KVV",
        "network:short": "KVV",
        "network:wikidata": "Q1733986",
        "operator": "Verkehrsbetriebe Karlsruhe GmbH",
        "public_transport": "platform",
        "shelter": "no",
        "tactile_paving": "yes"
      },
      "geometry": {
        "type": "Point",
        "coordinates": [
          8.497682,
          49.0028268
        ]
      },
      "id": "node/1859483783"
    },
    {
      "type": "Feature",
      "properties": {
        "@id": "node/1859483787",
        "bench": "no",
        "bin": "no",
        "bus": "yes",
        "highway": "bus_stop",
        "lit": "yes",
        "name": "LTZ Augustenberg",
        "network": "Karlsruher Verkehrsverbund",
        "network:guid": "DE-BW-KVV",
        "network:short": "KVV",
        "network:wikidata": "Q1733986",
        "network:wikipedia": "de:Karlsruher Verkehrsverbund",
        "operator": "Verkehrsbetriebe Karlsruhe GmbH",
        "public_transport": "platform",
        "shelter": "no",
        "tactile_paving": "no"
      },
      "geometry": {
        "type": "Point",
        "coordinates": [
          8.492597,
          49.0030789
        ]
      },
      "id": "node/1859483787"
    },
    {
      "type": "Feature",
      "properties": {
        "@id": "node/1859483802",
        "bench": "no",
        "bin": "yes",
        "bus": "yes",
        "highway": "bus_stop",
        "lit": "yes",
        "name": "Ringelberghohl",
        "network": "Karlsruher Verkehrsverbund",
        "operator": "Verkehrsbetriebe Karlsruhe GmbH",
        "public_transport": "platform",
        "shelter": "no",
        "tactile_paving": "no"
      },
      "geometry": {
        "type": "Point",
        "coordinates": [
          8.5024106,
          49.0033644
        ]
      },
      "id": "node/1859483802"
    },
    {
      "type": "Feature",
      "properties": {
        "@id": "node/1859483804",
        "bench": "yes",
        "bin": "yes",
        "bus": "yes",
        "highway": "bus_stop",
        "lit": "yes",
        "name": "Gustav-Hofmann-Straße",
        "network": "Karlsruher Verkehrsverbund",
        "operator": "Verkehrsbetriebe Karlsruhe GmbH",
        "public_transport": "platform",
        "shelter": "no",
        "tactile_paving": "no"
      },
      "geometry": {
        "type": "Point",
        "coordinates": [
          8.506636,
          49.0040156
        ]
      },
      "id": "node/1859483804"
    },
    {
      "type": "Feature",
      "properties": {
        "@id": "node/1870215512",
        "bench": "no",
        "bin": "yes",
        "bus": "yes",
        "highway": "bus_stop",
        "lit": "yes",
        "name": "Heilig-Kreuz-Kirche",
        "network": "Karlsruher Verkehrsverbund",
        "network:guid": "DE-BW-KVV",
        "network:short": "KVV",
        "network:wikidata": "Q1733986",
        "operator": "Verkehrsbetriebe Karlsruhe GmbH",
        "public_transport": "platform",
        "shelter": "no",
        "tactile_paving": "yes"
      },
      "geometry": {
        "type": "Point",
        "coordinates": [
          8.5036106,
          49.0043864
        ]
      },
      "id": "node/1870215512"
    },
    {
      "type": "Feature",
      "properties": {
        "@id": "node/1870215517",
        "bench": "no",
        "bin": "no",
        "bus": "yes",
        "highway": "bus_stop",
        "lit": "yes",
        "name": "Heilig-Kreuz-Kirche",
        "network": "Karlsruher Verkehrsverbund",
        "network:guid": "DE-BW-KVV",
        "network:short": "KVV",
        "network:wikidata": "Q1733986",
        "operator": "Verkehrsbetriebe Karlsruhe GmbH",
        "public_transport": "platform",
        "shelter": "no",
        "tactile_paving": "yes"
      },
      "geometry": {
        "type": "Point",
        "coordinates": [
          8.5036185,
          49.0044571
        ]
      },
      "id": "node/1870215517"
    },
    {
      "type": "Feature",
      "properties": {
        "@id": "node/1870249017",
        "bench": "yes",
        "bin": "no",
        "bus": "yes",
        "check_date:shelter": "2021-08-15",
        "highway": "bus_stop",
        "lit": "yes",
        "name": "Grötzingen Rathaus",
        "operator": "Verkehrsbetriebe Karlsruhe GmbH",
        "public_transport": "platform",
        "shelter": "no",
        "tactile_paving": "yes",
        "wheelchair": "no"
      },
      "geometry": {
        "type": "Point",
        "coordinates": [
          8.4949328,
          49.0075156
        ]
      },
      "id": "node/1870249017"
    },
    {
      "type": "Feature",
      "properties": {
        "@id": "node/1870249018",
        "bench": "no",
        "bin": "yes",
        "bus": "yes",
        "highway": "bus_stop",
        "lit": "yes",
        "name": "Am Schwalbenloch",
        "public_transport": "platform",
        "shelter": "no",
        "tactile_paving": "no"
      },
      "geometry": {
        "type": "Point",
        "coordinates": [
          8.5007731,
          49.0006512
        ]
      },
      "id": "node/1870249018"
    },
    {
      "type": "Feature",
      "properties": {
        "@id": "node/1870249019",
        "bench": "no",
        "bin": "yes",
        "bus": "yes",
        "highway": "bus_stop",
        "lit": "yes",
        "name": "An der Pfinz",
        "network": "Karlsruher Verkehrsverbund",
        "operator": "Verkehrsbetriebe Karlsruhe GmbH",
        "public_transport": "platform",
        "shelter": "no",
        "tactile_paving": "no"
      },
      "geometry": {
        "type": "Point",
        "coordinates": [
          8.5019702,
          49.0059496
        ]
      },
      "id": "node/1870249019"
    },
    {
      "type": "Feature",
      "properties": {
        "@id": "node/1870249020",
        "bench": "no",
        "bin": "no",
        "bus": "yes",
        "highway": "bus_stop",
        "lit": "yes",
        "name": "Augustenburg",
        "network": "Karlsruher Verkehrsverbund",
        "network:guid": "DE-BW-KVV",
        "network:short": "KVV",
        "network:wikidata": "Q1733986",
        "operator": "Verkehrsbetriebe Karlsruhe GmbH",
        "public_transport": "platform",
        "shelter": "no",
        "tactile_paving": "yes"
      },
      "geometry": {
        "type": "Point",
        "coordinates": [
          8.4987672,
          49.00427
        ]
      },
      "id": "node/1870249020"
    },
    {
      "type": "Feature",
      "properties": {
        "@id": "node/1870249021",
        "bench": "no",
        "bin": "yes",
        "bus": "yes",
        "highway": "bus_stop",
        "lit": "yes",
        "name": "Augustenburg",
        "network": "Karlsruher Verkehrsverbund",
        "network:guid": "DE-BW-KVV",
        "network:short": "KVV",
        "network:wikidata": "Q1733986",
        "operator": "Verkehrsbetriebe Karlsruhe GmbH",
        "public_transport": "platform",
        "shelter": "no",
        "tactile_paving": "yes"
      },
      "geometry": {
        "type": "Point",
        "coordinates": [
          8.4988932,
          49.0043323
        ]
      },
      "id": "node/1870249021"
    },
    {
      "type": "Feature",
      "properties": {
        "@id": "node/1870249022",
        "bench": "yes",
        "bin": "yes",
        "bus": "yes",
        "highway": "bus_stop",
        "lit": "yes",
        "name": "Eisenbahnstraße",
        "network": "Karlsruher Verkehrsverbund",
        "network:guid": "DE-BW-KVV",
        "network:short": "KVV",
        "network:wikidata": "Q1733986",
        "network:wikipedia": "de:Karlsruher Verkehrsverbund",
        "operator": "Verkehrsbetriebe Karlsruhe GmbH",
        "public_transport": "platform",
        "shelter": "yes",
        "tactile_paving": "yes"
      },
      "geometry": {
        "type": "Point",
        "coordinates": [
          8.5008762,
          49.0050462
        ]
      },
      "id": "node/1870249022"
    },
    {
      "type": "Feature",
      "properties": {
        "@id": "node/1870249023",
        "bench": "no",
        "bin": "yes",
        "bus": "yes",
        "check_date:shelter": "2023-11-07",
        "highway": "bus_stop",
        "lit": "yes",
        "name": "Vogelsang",
        "public_transport": "platform",
        "shelter": "no",
        "tactile_paving": "no"
      },
      "geometry": {
        "type": "Point",
        "coordinates": [
          8.4995694,
          48.9996806
        ]
      },
      "id": "node/1870249023"
    },
    {
      "type": "Feature",
      "properties": {
        "@id": "node/1870337200",
        "bench": "no",
        "bin": "yes",
        "bus": "yes",
        "highway": "bus_stop",
        "name": "Schäferstraße",
        "network": "Karlsruher Verkehrsverbund",
        "network:guid": "DE-BW-KVV",
        "network:short": "KVV",
        "network:wikidata": "Q1733986",
        "network:wikipedia": "de:Karlsruher Verkehrsverbund",
        "operator": "Verkehrsbetriebe Karlsruhe GmbH",
        "public_transport": "platform",
        "shelter": "no",
        "tactile_paving": "no",
        "wheelchair": "no"
      },
      "geometry": {
        "type": "Point",
        "coordinates": [
          8.4611375,
          49.028459
        ]
      },
      "id": "node/1870337200"
    },
    {
      "type": "Feature",
      "properties": {
        "@id": "node/1876751763",
        "bench": "no",
        "bin": "no",
        "bus": "yes",
        "check_date:shelter": "2025-02-07",
        "highway": "bus_stop",
        "lit": "yes",
        "name": "Feierabendweg",
        "public_transport": "platform",
        "shelter": "no",
        "tactile_paving": "no"
      },
      "geometry": {
        "type": "Point",
        "coordinates": [
          8.360557,
          49.02214
        ]
      },
      "id": "node/1876751763"
    },
    {
      "type": "Feature",
      "properties": {
        "@id": "node/1896511894",
        "bench": "yes",
        "bin": "yes",
        "bus": "yes",
        "highway": "bus_stop",
        "kerb": "raised",
        "kerb:approach_aid": "no",
        "lit": "yes",
        "name": "Kirchfeld Nord",
        "network": "Karlsruher Verkehrsverbund",
        "network:guid": "DE-BW-KVV",
        "network:short": "KVV",
        "network:wikidata": "Q1733986",
        "operator": "Verkehrsbetriebe Karlsruhe GmbH",
        "passenger_information_display": "no",
        "public_transport": "platform",
        "shelter": "yes",
        "tactile_paving": "yes"
      },
      "geometry": {
        "type": "Point",
        "coordinates": [
          8.3998389,
          49.0586198
        ]
      },
      "id": "node/1896511894"
    },
    {
      "type": "Feature",
      "properties": {
        "@id": "node/1934346180",
        "amenity": "car_sharing",
        "brand": "Stadtmobil",
        "brand:wikidata": "Q2327629",
        "network": "Stadtmobil Karlsruhe",
        "operator": "Stadtmobil CarSharing GmbH & Co. KG",
        "ref": "Adolf-Ehrmann-Bad",
        "website": "https://karlsruhe.stadtmobil.de/",
        "wheelchair": "yes"
      },
      "geometry": {
        "type": "Point",
        "coordinates": [
          8.3863233,
          49.0513835
        ]
      },
      "id": "node/1934346180"
    },
    {
      "type": "Feature",
      "properties": {
        "@id": "node/1934346181",
        "amenity": "car_sharing",
        "name": "Albert-Einstein-Straße",
        "operator": "Stadtmobil",
        "website": "https://karlsruhe.stadtmobil.de/",
        "wheelchair": "yes"
      },
      "geometry": {
        "type": "Point",
        "coordinates": [
          8.4622547,
          48.9803021
        ]
      },
      "id": "node/1934346181"
    },
    {
      "type": "Feature",
      "properties": {
        "@id": "node/1939461043",
        "amenity": "car_sharing",
        "comment": "No fixed place",
        "name": "Turnerstraße",
        "operator": "Stadtmobil",
        "website": "https://karlsruhe.stadtmobil.de/"
      },
      "geometry": {
        "type": "Point",
        "coordinates": [
          8.3361016,
          49.0030003
        ]
      },
      "id": "node/1939461043"
    },
    {
      "type": "Feature",
      "properties": {
        "@id": "node/1939618284",
        "amenity": "car_sharing",
        "comment": "No fixed place",
        "name": "Durmersheimer Straße",
        "operator": "Stadtmobil",
        "website": "https://karlsruhe.stadtmobil.de/"
      },
      "geometry": {
        "type": "Point",
        "coordinates": [
          8.3525528,
          49.0014194
        ]
      },
      "id": "node/1939618284"
    },
    {
      "type": "Feature",
      "properties": {
        "@id": "node/1939618287",
        "amenity": "car_sharing",
        "brand": "Stadtmobil",
        "comment": "No fixed place",
        "network": "Stadtmobil Karlsruhe",
        "operator": "Stadtmobil CarSharing GmbH & Co. KG",
        "ref": "Mörscher Straße",
        "website": "https://karlsruhe.stadtmobil.de/"
      },
      "geometry": {
        "type": "Point",
        "coordinates": [
          8.3567374,
          49.0060485
        ]
      },
      "id": "node/1939618287"
    },
    {
      "type": "Feature",
      "properties": {
        "@id": "node/1940159996",
        "amenity": "car_sharing",
        "brand": "Stadtmobil",
        "check_date": "2024-02-18",
        "network": "Stadtmobil Karlsruhe",
        "operator": "Stadtmobil CarSharing GmbH & Co. KG",
        "ref": "Grillparzerstraße-Kaiserallee",
        "website": "https://karlsruhe.stadtmobil.de/"
      },
      "geometry": {
        "type": "Point",
        "coordinates": [
          8.3722944,
          49.010778
        ]
      },
      "id": "node/1940159996"
    },
    {
      "type": "Feature",
      "properties": {
        "@id": "node/1940159997",
        "amenity": "car_sharing",
        "brand": "Stadtmobil",
        "brand:wikidata": "Q2327629",
        "name": "Händelstraße",
        "network": "Stadtmobil Karlsruhe",
        "operator": "Stadtmobil CarSharing GmbH & Co. KG",
        "website": "https://karlsruhe.stadtmobil.de/"
      },
      "geometry": {
        "type": "Point",
        "coordinates": [
          8.3687799,
          49.0121695
        ]
      },
      "id": "node/1940159997"
    },
    {
      "type": "Feature",
      "properties": {
        "@id": "node/1941973484",
        "amenity": "car_sharing",
        "brand": "Stadtmobil",
        "capacity": "2",
        "car_sharing": "parking",
        "name": "Sonnenstraße",
        "network": "Stadtmobil Karlsruhe",
        "opening_hours": "24/7",
        "operator": "Stadtmobil CarSharing GmbH & Co. KG",
        "website": "https://karlsruhe.stadtmobil.de/"
      },
      "geometry": {
        "type": "Point",
        "coordinates": [
          8.3576395,
          49.0150464
        ]
      },
      "id": "node/1941973484"
    },
    {
      "type": "Feature",
      "properties": {
        "@id": "node/1943364698",
        "amenity": "car_sharing",
        "brand": "Stadtmobil",
        "check_date": "2024-01-03",
        "network": "Stadtmobil Karlsruhe",
        "operator": "Stadtmobil CarSharing GmbH & Co. KG",
        "ref": "Rhode-Island-Allee",
        "website": "https://karlsruhe.stadtmobil.de/"
      },
      "geometry": {
        "type": "Point",
        "coordinates": [
          8.3875174,
          49.0259714
        ]
      },
      "id": "node/1943364698"
    },
    {
      "type": "Feature",
      "properties": {
        "@id": "node/1943364746",
        "amenity": "car_sharing",
        "brand": "Stadtmobil",
        "network": "Stadtmobil Karlsruhe",
        "operator": "Stadtmobil CarSharing GmbH & Co. KG",
        "ref": "Westhochschule Hertzstraße",
        "website": "https://karlsruhe.stadtmobil.de/"
      },
      "geometry": {
        "type": "Point",
        "coordinates": [
          8.3668316,
          49.0216231
        ]
      },
      "id": "node/1943364746"
    },
    {
      "type": "Feature",
      "properties": {
        "@id": "node/1943364749",
        "amenity": "car_sharing",
        "brand": "Stadtmobil",
        "description:en": "No fixed place",
        "network": "Stadtmobil Karlsruhe",
        "operator": "Stadtmobil CarSharing GmbH & Co. KG",
        "ref": "Wormser Straße",
        "website": "https://karlsruhe.stadtmobil.de/"
      },
      "geometry": {
        "type": "Point",
        "coordinates": [
          8.3617304,
          49.0277866
        ]
      },
      "id": "node/1943364749"
    },
    {
      "type": "Feature",
      "properties": {
        "@id": "node/1943364797",
        "amenity": "car_sharing",
        "brand": "Stadtmobil",
        "brand:wikidata": "Q2327629",
        "description:en": "No fixed place",
        "network": "Stadtmobil Karlsruhe",
        "operator": "Stadtmobil CarSharing GmbH & Co. KG",
        "ref": "Kurt-Schumacher-Straße",
        "website": "https://karlsruhe.stadtmobil.de/"
      },
      "geometry": {
        "type": "Point",
        "coordinates": [
          8.3754561,
          49.0304993
        ]
      },
      "id": "node/1943364797"
    },
    {
      "type": "Feature",
      "properties": {
        "@id": "node/1955678780",
        "amenity": "car_sharing",
        "brand": "Stadtmobil",
        "capacity": "2",
        "car_sharing": "parking",
        "network": "Stadtmobil Karlsruhe",
        "opening_hours": "24/7",
        "operator": "Stadtmobil CarSharing GmbH & Co. KG",
        "ref": "Jenaer Straße",
        "start_date": "2016-08",
        "website": "https://karlsruhe.stadtmobil.de/"
      },
      "geometry": {
        "type": "Point",
        "coordinates": [
          8.4557424,
          49.036028
        ]
      },
      "id": "node/1955678780"
    },
    {
      "type": "Feature",
      "properties": {
        "@id": "node/1957238062",
        "amenity": "car_sharing",
        "brand": "Stadtmobil",
        "check_date": "2024-02-25",
        "name": "Dürrbachstraße",
        "network": "Stadtmobil Karlsruhe",
        "operator": "Stadtmobil CarSharing GmbH & Co. KG",
        "website": "https://karlsruhe.stadtmobil.de/"
      },
      "geometry": {
        "type": "Point",
        "coordinates": [
          8.4784012,
          48.9978269
        ]
      },
      "id": "node/1957238062"
    },
    {
      "type": "Feature",
      "properties": {
        "@id": "node/1957238203",
        "amenity": "car_sharing",
        "name": "Max-Beckmann-Straße",
        "operator": "Stadtmobil",
        "website": "https://karlsruhe.stadtmobil.de/"
      },
      "geometry": {
        "type": "Point",
        "coordinates": [
          8.4749882,
          48.986143
        ]
      },
      "id": "node/1957238203"
    },
    {
      "type": "Feature",
      "properties": {
        "@id": "node/1959177002",
        "amenity": "car_sharing",
        "brand": "Stadtmobil",
        "brand:wikidata": "Q2327629",
        "comment": "No fixed place",
        "network": "Stadtmobil Karlsruhe",
        "operator": "Stadtmobil CarSharing GmbH & Co. KG",
        "ref": "Holderweg",
        "website": "https://karlsruhe.stadtmobil.de/"
      },
      "geometry": {
        "type": "Point",
        "coordinates": [
          8.4093306,
          48.9779196
        ]
      },
      "id": "node/1959177002"
    },
    {
      "type": "Feature",
      "properties": {
        "@id": "node/1959177303",
        "amenity": "car_sharing",
        "brand": "Stadtmobil",
        "brand:wikidata": "Q2327629",
        "comment": "No fixed place",
        "network": "Stadtmobil Karlsruhe",
        "operator": "Stadtmobil CarSharing GmbH & Co. KG",
        "operator:type": "private",
        "ref": "Battstraße",
        "website": "https://karlsruhe.stadtmobil.de/"
      },
      "geometry": {
        "type": "Point",
        "coordinates": [
          8.4057292,
          48.9661331
        ]
      },
      "id": "node/1959177303"
    },
    {
      "type": "Feature",
      "properties": {
        "@id": "node/1959178067",
        "amenity": "car_sharing",
        "brand": "Stadtmobil",
        "brand:wikidata": "Q2327629",
        "comment": "No fixed place",
        "name": "Friedhof Aue",
        "network": "Stadtmobil Karlsruhe",
        "operator": "Stadtmobil CarSharing GmbH & Co. KG",
        "website": "https://karlsruhe.stadtmobil.de/"
      },
      "geometry": {
        "type": "Point",
        "coordinates": [
          8.4546073,
          48.9875835
        ]
      },
      "id": "node/1959178067"
    },
    {
      "type": "Feature",
      "properties": {
        "@id": "node/1961083481",
        "amenity": "car_sharing",
        "brand": "Flinkster",
        "check_date": "2024-05-03",
        "network": "Flinkster",
        "operator": "Deutsche Bahn Connect",
        "operator:wikidata": "Q1152100",
        "ref": "Hbf 3 Karlsruhe (Schwarzwaldstr.)"
      },
      "geometry": {
        "type": "Point",
        "coordinates": [
          8.4017027,
          48.9911662
        ]
      },
      "id": "node/1961083481"
    },
    {
      "type": "Feature",
      "properties": {
        "@id": "node/1961083485",
        "amenity": "car_sharing",
        "brand": "Flinkster",
        "capacity": "2",
        "check_date": "2024-02-02",
        "network": "Flinkster",
        "operator": "Deutsche Bahn Connect GmbH",
        "ref": "Hbf - Hauptbahnhof"
      },
      "geometry": {
        "type": "Point",
        "coordinates": [
          8.3989492,
          48.993742
        ]
      },
      "id": "node/1961083485"
    },
    {
      "type": "Feature",
      "properties": {
        "@id": "node/2131864934",
        "addr:city": "Karlsruhe",
        "addr:country": "DE",
        "addr:housenumber": "1",
        "addr:postcode": "76137",
        "addr:street": "Rüppurrer Straße",
        "branch": "Karlsruhe",
        "check_date:opening_hours": "2023-12-05",
        "indoor": "yes",
        "level": "0",
        "name": "Scheck-In Center",
        "opening_hours": "Mo-Sa 07:00-22:00; PH off",
        "operator": "Scheck-In Einkaufs-Center Achern GmbH",
        "shop": "supermarket",
        "surveillance": "indoor",
        "wheelchair": "yes"
      },
      "geometry": {
        "type": "Point",
        "coordinates": [
          8.4118496,
          49.00556
        ]
      },
      "id": "node/2131864934"
    },
    {
      "type": "Feature",
      "properties": {
        "@id": "node/2141064974",
        "highway": "bus_stop",
        "lit": "yes",
        "name": "Rupprechtschule",
        "network": "Karlsruher Verkehrsverbund",
        "note": "Linie 106, aber kein Fahrplanaushang",
        "shelter": "no",
        "wheelchair": "no"
      },
      "geometry": {
        "type": "Point",
        "coordinates": [
          8.3088787,
          48.9730532
        ]
      },
      "id": "node/2141064974"
    },
    {
      "type": "Feature",
      "properties": {
        "@id": "node/2210234523",
        "amenity": "car_sharing",
        "brand": "Stadtmobil",
        "brand:wikidata": "Q2327629",
        "capacity": "1",
        "network": "Stadtmobil Karlsruhe",
        "operator": "Stadtmobil CarSharing GmbH & Co. KG",
        "ref": "Berghausen Pfinzbrücke",
        "website": "https://karlsruhe.stadtmobil.de/"
      },
      "geometry": {
        "type": "Point",
        "coordinates": [
          8.5209901,
          49.0067448
        ]
      },
      "id": "node/2210234523"
    },
    {
      "type": "Feature",
      "properties": {
        "@id": "node/2267768963",
        "addr:city": "Karlsruhe",
        "addr:country": "DE",
        "addr:housenumber": "28-30",
        "addr:postcode": "76133",
        "addr:street": "Douglasstraße",
        "addr:suburb": "Innenstadt-Ost",
        "brand": "Alnatura",
        "brand:wikidata": "Q876811",
        "brand:wikipedia": "en:Alnatura",
        "check_date": "2025-01-13",
        "check_date:opening_hours": "2025-01-13",
        "contact:phone": "+49 721 25571",
        "diet:vegan": "yes",
        "diet:vegetarian": "yes",
        "level": "0",
        "name": "Alnatura Super Natur Markt",
        "opening_hours": "Mo-Sa 08:00-20:00; Su,PH off",
        "operator": "Alnatura Produktions- und Handels GmbH",
        "organic": "only",
        "payment:cash": "yes",
        "payment:visa": "yes",
        "payment:visa:contactless": "yes",
        "shop": "supermarket",
        "short_name": "Alnatura",
        "wheelchair": "yes"
      },
      "geometry": {
        "type": "Point",
        "coordinates": [
          8.3931241,
          49.0091186
        ]
      },
      "id": "node/2267768963"
    },
    {
      "type": "Feature",
      "properties": {
        "@id": "node/2352273711",
        "amenity": "car_sharing",
        "brand": "Stadtmobil",
        "brand:wikidata": "Q2327629",
        "brand:wikipedia": "de:Stadtmobil",
        "capacity": "16",
        "car_sharing": "key_dispensing_machine",
        "network": "Stadtmobil Karlsruhe",
        "opening_hours": "24/7",
        "operator": "Stadtmobil CarSharing GmbH & Co. KG",
        "ref": "Alter Schlachthof",
        "website": "https://karlsruhe.stadtmobil.de/"
      },
      "geometry": {
        "type": "Point",
        "coordinates": [
          8.4314312,
          49.0058448
        ]
      },
      "id": "node/2352273711"
    },
    {
      "type": "Feature",
      "properties": {
        "@id": "node/2505961530",
        "bus": "yes",
        "highway": "bus_stop",
        "name": "Bergwald Mitte",
        "network": "Karlsruher Verkehrsverbund",
        "operator": "Verkehrsbetriebe Karlsruhe GmbH",
        "public_transport": "platform",
        "ref": "44",
        "ref:IFOPT": "de:08212:4409:0:2",
        "shelter": "no"
      },
      "geometry": {
        "type": "Point",
        "coordinates": [
          8.4688179,
          48.9717832
        ]
      },
      "id": "node/2505961530"
    },
    {
      "type": "Feature",
      "properties": {
        "@id": "node/2505961534",
        "bench": "yes",
        "bin": "yes",
        "bus": "yes",
        "departures_board": "realtime",
        "highway": "bus_stop",
        "lit": "yes",
        "name": "Bergwaldschule",
        "network": "Karlsruher Verkehrsverbund",
        "operator": "Verkehrsbetriebe Karlsruhe GmbH",
        "public_transport": "platform",
        "ref:IFOPT": "de:08212:4415:1:1",
        "shelter": "yes",
        "tactile_paving": "yes",
        "wheelchair": "yes"
      },
      "geometry": {
        "type": "Point",
        "coordinates": [
          8.4678343,
          48.9712179
        ]
      },
      "id": "node/2505961534"
    },
    {
      "type": "Feature",
      "properties": {
        "@id": "node/2505961536",
        "bench": "yes",
        "bin": "yes",
        "bus": "yes",
        "check_date:bench": "2022-08-10",
        "highway": "bus_stop",
        "lit": "yes",
        "name": "Elsa-Brändström-Straße",
        "network": "Karlsruher Verkehrsverbund",
        "operator": "Verkehrsbetriebe Karlsruhe GmbH",
        "public_transport": "platform",
        "ref:IFOPT": "de:08212:4414:1:1",
        "shelter": "no",
        "tactile_paving": "no"
      },
      "geometry": {
        "type": "Point",
        "coordinates": [
          8.4618593,
          48.9722935
        ]
      },
      "id": "node/2505961536"
    },
    {
      "type": "Feature",
      "properties": {
        "@id": "node/2505961537",
        "bench": "yes",
        "bin": "yes",
        "bus": "yes",
        "highway": "bus_stop",
        "lit": "yes",
        "name": "Fridtjof-Nansen-Straße",
        "network": "Karlsruher Verkehrsverbund",
        "operator": "Verkehrsbetriebe Karlsruhe GmbH",
        "public_transport": "platform",
        "ref:IFOPT": "de:08212:4412:1:1",
        "shelter": "no",
        "tactile_paving": "no"
      },
      "geometry": {
        "type": "Point",
        "coordinates": [
          8.4697738,
          48.9719294
        ]
      },
      "id": "node/2505961537"
    },
    {
      "type": "Feature",
      "properties": {
        "@id": "node/2505961539",
        "bench": "yes",
        "bin": "yes",
        "bus": "yes",
        "highway": "bus_stop",
        "lit": "yes",
        "name": "Hooverstraße",
        "network": "Karlsruher Verkehrsverbund",
        "operator": "Verkehrsbetriebe Karlsruhe GmbH",
        "public_transport": "platform",
        "ref:IFOPT": "de:08212:4413:1:1",
        "shelter": "no",
        "tactile_paving": "no"
      },
      "geometry": {
        "type": "Point",
        "coordinates": [
          8.4640651,
          48.97415
        ]
      },
      "id": "node/2505961539"
    },
    {
      "type": "Feature",
      "properties": {
        "@id": "node/2508530832",
        "bench": "yes",
        "bin": "yes",
        "bus": "yes",
        "check_date:shelter": "2021-09-07",
        "highway": "bus_stop",
        "lit": "no",
        "name": "Maybachstraße",
        "network": "Karlsruher Verkehrsverbund",
        "network:guid": "DE-BW-KVV",
        "network:short": "KVV",
        "network:wikidata": "Q1733986",
        "operator": "Verkehrsbetriebe Karlsruhe GmbH",
        "passenger_information_display": "no",
        "public_transport": "platform",
        "shelter": "yes",
        "tactile_paving": "yes",
        "wheelchair": "yes"
      },
      "geometry": {
        "type": "Point",
        "coordinates": [
          8.4383254,
          48.9969389
        ]
      },
      "id": "node/2508530832"
    },
    {
      "type": "Feature",
      "properties": {
        "@id": "node/2508530833",
        "bench": "yes",
        "bin": "yes",
        "bus": "yes",
        "check_date:shelter": "2021-09-07",
        "highway": "bus_stop",
        "lit": "no",
        "name": "Tiefbauamt",
        "network": "Karlsruher Verkehrsverbund",
        "network:guid": "DE-BW-KVV",
        "network:short": "KVV",
        "network:wikidata": "Q1733986",
        "operator": "Verkehrsbetriebe Karlsruhe GmbH",
        "passenger_information_display": "no",
        "public_transport": "platform",
        "shelter": "yes",
        "tactile_paving": "no"
      },
      "geometry": {
        "type": "Point",
        "coordinates": [
          8.4332904,
          48.9965449
        ]
      },
      "id": "node/2508530833"
    },
    {
      "type": "Feature",
      "properties": {
        "@id": "node/2509175461",
        "amenity": "car_sharing",
        "brand": "Stadtmobil",
        "brand:wikidata": "Q2327629",
        "capacity": "3",
        "network": "Stadtmobil Karlsruhe",
        "operator": "Stadtmobil CarSharing GmbH & Co. KG",
        "ref": "Beiertheimer Allee",
        "website": "https://karlsruhe.stadtmobil.de/",
        "wheelchair": "yes"
      },
      "geometry": {
        "type": "Point",
        "coordinates": [
          8.3955492,
          48.9948886
        ]
      },
      "id": "node/2509175461"
    },
    {
      "type": "Feature",
      "properties": {
        "@id": "node/2509474323",
        "bench": "yes",
        "bin": "yes",
        "bus": "yes",
        "check_date:shelter": "2021-09-07",
        "highway": "bus_stop",
        "lit": "no",
        "name": "Maybachstraße",
        "network": "Karlsruher Verkehrsverbund",
        "network:guid": "DE-BW-KVV",
        "network:short": "KVV",
        "network:wikidata": "Q1733986",
        "operator": "Verkehrsbetriebe Karlsruhe GmbH",
        "passenger_information_display": "no",
        "public_transport": "platform",
        "ref": "44",
        "shelter": "yes",
        "tactile_paving": "yes",
        "wheelchair": "yes"
      },
      "geometry": {
        "type": "Point",
        "coordinates": [
          8.4391049,
          48.9970971
        ]
      },
      "id": "node/2509474323"
    },
    {
      "type": "Feature",
      "properties": {
        "@id": "node/2509474326",
        "bench": "yes",
        "bin": "yes",
        "bus": "yes",
        "highway": "bus_stop",
        "lit": "yes",
        "name": "Tiefbauamt",
        "network": "Karlsruher Verkehrsverbund",
        "network:guid": "DE-BW-KVV",
        "network:short": "KVV",
        "network:wikidata": "Q1733986",
        "operator": "Verkehrsbetriebe Karlsruhe GmbH",
        "public_transport": "platform",
        "shelter": "yes",
        "tactile_paving": "no"
      },
      "geometry": {
        "type": "Point",
        "coordinates": [
          8.4323658,
          48.9967246
        ]
      },
      "id": "node/2509474326"
    },
    {
      "type": "Feature",
      "properties": {
        "@id": "node/2510325474",
        "bench": "no",
        "bin": "yes",
        "highway": "bus_stop",
        "lit": "yes",
        "name": "Wiesentalstraße",
        "network": "Karlsruher Verkehrsverbund",
        "operator": "Verkehrsbetriebe Karlsruhe GmbH",
        "public_transport": "platform",
        "ref_name": "Stupferich, Wiesentalstraße",
        "shelter": "no",
        "tactile_paving": "no"
      },
      "geometry": {
        "type": "Point",
        "coordinates": [
          8.5116036,
          48.9520589
        ]
      },
      "id": "node/2510325474"
    },
    {
      "type": "Feature",
      "properties": {
        "@id": "node/2551489633",
        "addr:city": "Pfinztal",
        "addr:housenumber": "149",
        "addr:postcode": "76327",
        "addr:street": "Hauptstraße",
        "amenity": "fuel",
        "brand": "bft",
        "brand:wikidata": "Q1009104",
        "brand:wikipedia": "de:Bundesverband freier Tankstellen",
        "fuel:diesel": "yes",
        "fuel:e10": "yes",
        "fuel:octane_95": "yes",
        "fuel:octane_98": "yes",
        "name": "bft",
        "opening_hours": "24/7",
        "operator": "Bundesverband freier Tankstellen",
        "self_service": "yes",
        "wheelchair": "limited"
      },
      "geometry": {
        "type": "Point",
        "coordinates": [
          8.5499998,
          48.9824799
        ]
      },
      "id": "node/2551489633"
    },
    {
      "type": "Feature",
      "properties": {
        "@id": "node/2599927273",
        "branch": "Ohiostraße",
        "brand": "PENNY",
        "brand:wikidata": "Q284688",
        "check_date:opening_hours": "2024-10-20",
        "name": "PENNY",
        "opening_hours": "Mo-Sa 07:30-21:00; Su,PH off",
        "shop": "supermarket",
        "wheelchair": "yes"
      },
      "geometry": {
        "type": "Point",
        "coordinates": [
          8.3937585,
          49.0316393
        ]
      },
      "id": "node/2599927273"
    },
    {
      "type": "Feature",
      "properties": {
        "@id": "node/2631423591",
        "amenity": "car_sharing",
        "brand": "Stadtmobil",
        "brand:wikidata": "Q2327629",
        "network": "Stadtmobil Karlsruhe",
        "operator": "Stadtmobil CarSharing GmbH & Co. KG",
        "operator:type": "private",
        "ref": "Akademiestraße",
        "website": "https://karlsruhe.stadtmobil.de/privatkunden/stationen/station/akademiestrasse"
      },
      "geometry": {
        "type": "Point",
        "coordinates": [
          8.3941671,
          49.0106937
        ]
      },
      "id": "node/2631423591"
    },
    {
      "type": "Feature",
      "properties": {
        "@id": "node/2632086064",
        "bench": "yes",
        "bin": "yes",
        "bus": "yes",
        "highway": "bus_stop",
        "lit": "yes",
        "name": "Hornisgrindestraße",
        "network": "Karlsruher Verkehrsverbund",
        "network:guid": "DE-BW-KVV",
        "network:short": "KVV",
        "network:wikidata": "Q1733986",
        "operator": "Verkehrsbetriebe Karlsruhe GmbH",
        "public_transport": "platform",
        "shelter": "yes",
        "tactile_paving": "yes",
        "wikidata": "Q131861784"
      },
      "geometry": {
        "type": "Point",
        "coordinates": [
          8.3597461,
          48.995449
        ]
      },
      "id": "node/2632086064"
    },
    {
      "type": "Feature",
      "properties": {
        "@id": "node/2632096342",
        "bench": "yes",
        "bin": "yes",
        "bus": "yes",
        "check_date:shelter": "2021-06-26",
        "departures_board": "timetable",
        "highway": "bus_stop",
        "lit": "yes",
        "name": "Durmersheimer Straße",
        "network": "Karlsruher Verkehrsverbund",
        "network:guid": "DE-BW-KVV",
        "network:short": "KVV",
        "network:wikidata": "Q1733986",
        "operator": "Verkehrsbetriebe Karlsruhe GmbH",
        "public_transport": "platform",
        "shelter": "yes",
        "tactile_paving": "yes",
        "wikidata": "Q131861791"
      },
      "geometry": {
        "type": "Point",
        "coordinates": [
          8.3503967,
          49.0004213
        ]
      },
      "id": "node/2632096342"
    },
    {
      "type": "Feature",
      "properties": {
        "@id": "node/2656675027",
        "addr:city": "Karlsruhe",
        "addr:housenumber": "35",
        "addr:postcode": "76137",
        "addr:street": "Wilhelmstraße",
        "check_date": "2022-12-29",
        "check_date:opening_hours": "2023-05-07",
        "contact:phone": "+49 721 3528593",
        "cuisine": "turkish",
        "description:de": "türkischer Supermarkt",
        "diet:halal": "yes",
        "diet:kosher": "no",
        "name": "Konut Markt",
        "opening_hours": "Mo-Sa 08:00-20:00; Su,PH off",
        "opening_hours:signed": "no",
        "payment:credit_cards": "no",
        "payment:debit_cards": "yes",
        "shop": "supermarket",
        "wheelchair": "yes",
        "wheelchair:description:de": "Rampe am Eingang"
      },
      "geometry": {
        "type": "Point",
        "coordinates": [
          8.4058007,
          49.0013586
        ]
      },
      "id": "node/2656675027"
    },
    {
      "type": "Feature",
      "properties": {
        "@id": "node/2704428360",
        "amenity": "car_sharing",
        "brand": "Stadtmobil",
        "capacity": "3",
        "car_sharing": "key_safe",
        "network": "Stadtmobil Karlsruhe",
        "operator": "Stadtmobil CarSharing GmbH & Co. KG",
        "ref": "Henriette-Obermüller-Straße",
        "website": "https://karlsruhe.stadtmobil.de/",
        "wheelchair": "yes"
      },
      "geometry": {
        "type": "Point",
        "coordinates": [
          8.4143457,
          49.0019349
        ]
      },
      "id": "node/2704428360"
    },
    {
      "type": "Feature",
      "properties": {
        "@id": "node/2725498696",
        "addr:city": "Karlsruhe",
        "addr:country": "DE",
        "addr:housenumber": "13b",
        "addr:postcode": "76133",
        "addr:street": "Kaiserallee",
        "branch": "Karlsruhe",
        "brand": "denn's Biomarkt",
        "brand:wikidata": "Q48883773",
        "brand:wikipedia": "de:Dennree",
        "check_date:opening_hours": "2024-09-05",
        "contact:website": "http://www.denns-biomarkt.de/",
        "dog": "no",
        "level": "0",
        "name": "denn's Biomarkt",
        "opening_hours": "Mo-Sa 07:00-20:00; PH off",
        "operator": "denn's Biomarkt GmbH",
        "organic": "only",
        "payment:american_express": "yes",
        "payment:cash": "yes",
        "payment:contactless": "yes",
        "payment:girocard": "yes",
        "payment:maestro": "yes",
        "payment:mastercard": "yes",
        "payment:visa": "yes",
        "shop": "supermarket",
        "wheelchair": "yes"
      },
      "geometry": {
        "type": "Point",
        "coordinates": [
          8.3832438,
          49.0103028
        ]
      },
      "id": "node/2725498696"
    },
    {
      "type": "Feature",
      "properties": {
        "@id": "node/2801209248",
        "bench": "no",
        "bin": "no",
        "bus": "yes",
        "covered": "no",
        "highway": "bus_stop",
        "lit": "yes",
        "name": "Ettlingen Schröderstraße",
        "network": "Karlsruher Verkehrsverbund",
        "network:guid": "DE-BW-KVV",
        "network:short": "KVV",
        "public_transport": "platform",
        "shelter": "no",
        "tactile_paving": "no"
      },
      "geometry": {
        "type": "Point",
        "coordinates": [
          8.4062205,
          48.9503867
        ]
      },
      "id": "node/2801209248"
    },
    {
      "type": "Feature",
      "properties": {
        "@id": "node/2801209249",
        "bench": "yes",
        "bin": "no",
        "bus": "yes",
        "covered": "no",
        "highway": "bus_stop",
        "lit": "yes",
        "name": "Ettlingen Theodor-Heuss-Straße",
        "network": "Karlsruher Verkehrsverbund",
        "network:guid": "DE-BW-KVV",
        "network:short": "KVV",
        "public_transport": "platform",
        "shelter": "no",
        "tactile_paving": "no",
        "zoom": "on"
      },
      "geometry": {
        "type": "Point",
        "coordinates": [
          8.4057753,
          48.9516765
        ]
      },
      "id": "node/2801209249"
    },
    {
      "type": "Feature",
      "properties": {
        "@id": "node/2854646864",
        "amenity": "car_sharing",
        "brand": "Stadtmobil",
        "car_sharing": "key_safe",
        "check_date": "2025-05-11",
        "covered": "yes",
        "network": "Stadtmobil Karlsruhe",
        "opening_hours": "24/7",
        "operator": "Stadtmobil CarSharing GmbH & Co. KG",
        "ref": "Gottesauer-Straße-Tiefgarage",
        "website": "https://karlsruhe.stadtmobil.de/"
      },
      "geometry": {
        "type": "Point",
        "coordinates": [
          8.4214002,
          49.0064606
        ]
      },
      "id": "node/2854646864"
    },
    {
      "type": "Feature",
      "properties": {
        "@id": "node/2881490553",
        "bench": "no",
        "bin": "yes",
        "bus": "yes",
        "highway": "bus_stop",
        "lit": "yes",
        "name": "KIT Campus Ost",
        "public_transport": "station",
        "shelter": "no",
        "tactile_paving": "no",
        "wheelchair": "no"
      },
      "geometry": {
        "type": "Point",
        "coordinates": [
          8.4312126,
          49.0209676
        ]
      },
      "id": "node/2881490553"
    },
    {
      "type": "Feature",
      "properties": {
        "@id": "node/2912609502",
        "bench": "no",
        "bin": "no",
        "bus": "yes",
        "covered": "no",
        "highway": "bus_stop",
        "lit": "yes",
        "name": "Blankenloch Lorenzstraße",
        "network": "Karlsruher Verkehrsverbund",
        "network:guid": "DE-BW-KVV",
        "network:short": "KVV",
        "network:wikidata": "Q1733986",
        "network:wikipedia": "de:Karlsruher Verkehrsverbund",
        "old_name": "Blankenloch Brücke/L559",
        "passenger_information_display": "no",
        "public_transport": "platform",
        "ref:IFOPT": "de:08215:32703:1:1",
        "shelter": "no",
        "tactile_paving": "no",
        "wheelchair": "limited"
      },
      "geometry": {
        "type": "Point",
        "coordinates": [
          8.461568,
          49.0775221
        ]
      },
      "id": "node/2912609502"
    },
    {
      "type": "Feature",
      "properties": {
        "@id": "node/2917412141",
        "bench": "no",
        "bin": "no",
        "bus": "yes",
        "highway": "bus_stop",
        "lit": "yes",
        "name": "Grötzingen Nord",
        "network": "Karlsruher Verkehrsverbund",
        "operator": "Verkehrsbetriebe Karlsruhe GmbH",
        "public_transport": "platform",
        "shelter": "no",
        "tactile_paving": "no"
      },
      "geometry": {
        "type": "Point",
        "coordinates": [
          8.4942511,
          49.0151218
        ]
      },
      "id": "node/2917412141"
    },
    {
      "type": "Feature",
      "properties": {
        "@id": "node/2920177411",
        "bench": "yes",
        "bin": "yes",
        "bus": "yes",
        "check_date:shelter": "2021-07-01",
        "highway": "bus_stop",
        "lit": "yes",
        "name": "Karl-Leopold-Straße",
        "network": "Karlsruher Verkehrsverbund",
        "network:guid": "DE-BW-KVV",
        "network:short": "KVV",
        "network:wikidata": "Q1733986",
        "operator": "Verkehrsbetriebe Karlsruhe GmbH",
        "passenger_information_display": "no",
        "public_transport": "platform",
        "route_ref": "21",
        "shelter": "yes",
        "tactile_paving": "no"
      },
      "geometry": {
        "type": "Point",
        "coordinates": [
          8.49512,
          49.0108168
        ]
      },
      "id": "node/2920177411"
    },
    {
      "type": "Feature",
      "properties": {
        "@id": "node/2924803972",
        "bench": "yes",
        "bin": "yes",
        "bus": "yes",
        "highway": "bus_stop",
        "lit": "yes",
        "name": "Blankenloch Nord",
        "network": "Karlsruher Verkehrsverbund",
        "network:guid": "DE-BW-KVV",
        "network:short": "KVV",
        "network:wikidata": "Q1733986",
        "network:wikipedia": "de:Karlsruher Verkehrsverbund",
        "public_transport": "platform",
        "ref:IFOPT": "de:08215:32033:11:11",
        "shelter": "yes",
        "tactile_paving": "no"
      },
      "geometry": {
        "type": "Point",
        "coordinates": [
          8.4670068,
          49.0731857
        ]
      },
      "id": "node/2924803972"
    },
    {
      "type": "Feature",
      "properties": {
        "@id": "node/2929390773",
        "bench": "yes",
        "bin": "yes",
        "bus": "yes",
        "highway": "bus_stop",
        "lit": "yes",
        "name": "Tullastraße/Alter Schlachthof",
        "note": "Bedarfshaltestelle für Schienenersatzverkehre etc.",
        "passenger_information_display": "yes",
        "passenger_information_display:speech_output": "no",
        "public_transport": "platform",
        "ref:IFOPT": "de:08212:7:21",
        "shelter": "yes",
        "tactile_paving": "yes",
        "wheelchair": "no"
      },
      "geometry": {
        "type": "Point",
        "coordinates": [
          8.43202,
          49.0063364
        ]
      },
      "id": "node/2929390773"
    },
    {
      "type": "Feature",
      "properties": {
        "@id": "node/2930724252",
        "amenity": "car_sharing",
        "brand": "Stadtmobil",
        "car_sharing": "parking",
        "check_date": "2024-01-23",
        "network": "Stadtmobil Karlsruhe",
        "operator": "Stadtmobil CarSharing GmbH & Co. KG",
        "website": "https://karlsruhe.stadtmobil.de/"
      },
      "geometry": {
        "type": "Point",
        "coordinates": [
          8.4115502,
          49.0114235
        ]
      },
      "id": "node/2930724252"
    },
    {
      "type": "Feature",
      "properties": {
        "@id": "node/2944634175",
        "bench": "no",
        "bin": "yes",
        "bus": "yes",
        "check_date:shelter": "2023-01-27",
        "highway": "bus_stop",
        "lit": "yes",
        "name": "Herweghstraße",
        "network": "Karlsruher Verkehrsverbund",
        "network:guid": "DE-BW-KVV",
        "network:short": "KVV",
        "network:wikidata": "Q1733986",
        "operator": "Verkehrsbetriebe Karlsruhe GmbH",
        "public_transport": "platform",
        "shelter": "no",
        "tactile_paving": "no"
      },
      "geometry": {
        "type": "Point",
        "coordinates": [
          8.3417507,
          49.0311525
        ]
      },
      "id": "node/2944634175"
    },
    {
      "type": "Feature",
      "properties": {
        "@id": "node/2960940117",
        "addr:city": "Karlsruhe",
        "addr:country": "DE",
        "addr:housenumber": "39",
        "addr:postcode": "76133",
        "addr:street": "Karlstraße",
        "description": "Afrikanische karibische und Mix Lebensmittel",
        "name": "M&D Afro Supermarkt",
        "opening_hours": "Mo-Fr 10:00-18:30; Sa 10:00-16:00",
        "shop": "supermarket"
      },
      "geometry": {
        "type": "Point",
        "coordinates": [
          8.3949225,
          49.006849
        ]
      },
      "id": "node/2960940117"
    },
    {
      "type": "Feature",
      "properties": {
        "@id": "node/3078624461",
        "bench": "no",
        "bin": "yes",
        "bus": "yes",
        "departures_board": "timetable",
        "highway": "bus_stop",
        "lit": "no",
        "name": "Weingarten Uhlandplatz",
        "network": "Karlsruher Verkehrsverbund",
        "network:guid": "DE-BW-KVV",
        "network:short": "KVV",
        "network:wikidata": "Q1733986",
        "network:wikipedia": "de:Karlsruher Verkehrsverbund",
        "public_transport": "platform",
        "ref:IFOPT": "de:08215:32246:0:2",
        "shelter": "no",
        "tactile_paving": "no"
      },
      "geometry": {
        "type": "Point",
        "coordinates": [
          8.5172687,
          49.0537142
        ]
      },
      "id": "node/3078624461"
    },
    {
      "type": "Feature",
      "properties": {
        "@id": "node/3078624464",
        "bench": "no",
        "bin": "yes",
        "bus": "yes",
        "departures_board": "timetable",
        "highway": "bus_stop",
        "lit": "no",
        "name": "Weingarten Uhlandplatz",
        "network": "Karlsruher Verkehrsverbund",
        "network:guid": "DE-BW-KVV",
        "network:short": "KVV",
        "network:wikidata": "Q1733986",
        "network:wikipedia": "de:Karlsruher Verkehrsverbund",
        "public_transport": "platform",
        "ref:IFOPT": "de:08215:32246:0:1",
        "shelter": "no",
        "tactile_paving": "no",
        "wheelchair": "no"
      },
      "geometry": {
        "type": "Point",
        "coordinates": [
          8.5171554,
          49.0534367
        ]
      },
      "id": "node/3078624464"
    },
    {
      "type": "Feature",
      "properties": {
        "@id": "node/3086236000",
        "bus": "yes",
        "highway": "bus_stop",
        "name": "Forchheim Hauptstraße",
        "public_transport": "stop_position",
        "wheelchair": "limited",
        "wikidata": "Q126902440"
      },
      "geometry": {
        "type": "Point",
        "coordinates": [
          8.3122259,
          48.9746548
        ]
      },
      "id": "node/3086236000"
    },
    {
      "type": "Feature",
      "properties": {
        "@id": "node/3129582482",
        "addr:city": "Karlsruhe",
        "addr:housenumber": "9",
        "addr:postcode": "76137",
        "addr:street": "Rankestraße",
        "amenity": "car_sharing",
        "brand": "Stadtmobil",
        "brand:wikidata": "Q2327629",
        "capacity": "3",
        "network": "Stadtmobil Karlsruhe",
        "operator": "Stadtmobil CarSharing GmbH & Co. KG",
        "ref": "Rankestraße",
        "website": "https://karlsruhe.stadtmobil.de/"
      },
      "geometry": {
        "type": "Point",
        "coordinates": [
          8.4152377,
          48.9999726
        ]
      },
      "id": "node/3129582482"
    },
    {
      "type": "Feature",
      "properties": {
        "@id": "node/3130917681",
        "bench": "yes",
        "bin": "yes",
        "bus": "yes",
        "highway": "bus_stop",
        "name": "Blankenloch Stutensee-Center",
        "network": "Karlsruher Verkehrsverbund",
        "network:guid": "DE-BW-KVV",
        "network:short": "KVV",
        "network:wikidata": "Q1733986",
        "network:wikipedia": "de:Karlsruher Verkehrsverbund",
        "old_name": "Blankenloch Kreisel/L559",
        "public_transport": "platform",
        "ref:IFOPT": "de:08215:32432:1:2",
        "shelter": "yes",
        "tactile_paving": "no"
      },
      "geometry": {
        "type": "Point",
        "coordinates": [
          8.4598595,
          49.0802754
        ]
      },
      "id": "node/3130917681"
    },
    {
      "type": "Feature",
      "properties": {
        "@id": "node/3140964569",
        "amenity": "car_sharing",
        "brand": "Stadtmobil",
        "capacity": "2",
        "car_sharing": "parking",
        "name": "Bahnhof Büchig (S-Bahn)",
        "network": "Stadtmobil Karlsruhe",
        "opening_hours": "24/7",
        "operator": "Stadtmobil CarSharing GmbH & Co. KG",
        "website": "https://karlsruhe.stadtmobil.de/",
        "wheelchair": "yes"
      },
      "geometry": {
        "type": "Point",
        "coordinates": [
          8.4607242,
          49.0469309
        ]
      },
      "id": "node/3140964569"
    },
    {
      "type": "Feature",
      "properties": {
        "@id": "node/3140964571",
        "amenity": "car_sharing",
        "brand": "Stadtmobil",
        "capacity": "1",
        "car_sharing": "parking",
        "name": "Steinweg",
        "network": "Stadtmobil Karlsruhe",
        "opening_hours": "24/7",
        "operator": "Stadtmobil CarSharing GmbH & Co. KG",
        "website": "https://karlsruhe.stadtmobil.de/",
        "wheelchair": "yes"
      },
      "geometry": {
        "type": "Point",
        "coordinates": [
          8.4742179,
          49.0596579
        ]
      },
      "id": "node/3140964571"
    },
    {
      "type": "Feature",
      "properties": {
        "@id": "node/3140964572",
        "amenity": "car_sharing",
        "brand": "Stadtmobil",
        "capacity": "3",
        "car_sharing": "parking",
        "contact:website": "http://karlsruhe.stadtmobil.de/",
        "name": "Wiesenstraße",
        "network": "Stadtmobil Karlsruhe",
        "opening_hours": "24/7",
        "operator": "Stadtmobil CarSharing GmbH & Co. KG",
        "website": "https://karlsruhe.stadtmobil.de/",
        "wheelchair": "yes"
      },
      "geometry": {
        "type": "Point",
        "coordinates": [
          8.4713322,
          49.062769
        ]
      },
      "id": "node/3140964572"
    },
    {
      "type": "Feature",
      "properties": {
        "@id": "node/3210438829",
        "bus": "yes",
        "departures_board": "yes",
        "highway": "bus_stop",
        "name": "Mörsch Rheinaustraße B 36",
        "network": "Karlsruher Verkehrsverbund",
        "network:guid": "DE-BW-KVV",
        "network:short": "KVV",
        "network:wikidata": "Q1733986",
        "operator": "Nahverkehr Mittelbaden Walz GmbH",
        "public_transport": "platform",
        "shelter": "no",
        "tactile_paving": "no",
        "wheelchair": "yes"
      },
      "geometry": {
        "type": "Point",
        "coordinates": [
          8.3027585,
          48.9618615
        ]
      },
      "id": "node/3210438829"
    },
    {
      "type": "Feature",
      "properties": {
        "@id": "node/3219421509",
        "bench": "no",
        "bin": "yes",
        "bus": "yes",
        "highway": "bus_stop",
        "lit": "no",
        "name": "Blankenloch Bahnhof",
        "network": "Karlsruher Verkehrsverbund",
        "network:guid": "DE-BW-KVV",
        "network:short": "KVV",
        "network:wikidata": "Q1733986",
        "network:wikipedia": "de:Karlsruher Verkehrsverbund",
        "public_transport": "platform",
        "ref:IFOPT": "de:08215:32239:11:12",
        "shelter": "no",
        "tactile_paving": "no",
        "wheelchair": "limited"
      },
      "geometry": {
        "type": "Point",
        "coordinates": [
          8.4650128,
          49.0663217
        ]
      },
      "id": "node/3219421509"
    },
    {
      "type": "Feature",
      "properties": {
        "@id": "node/3219421510",
        "bench": "yes",
        "bin": "yes",
        "bus": "yes",
        "highway": "bus_stop",
        "lit": "yes",
        "name": "Blankenloch Nord",
        "network": "Karlsruher Verkehrsverbund",
        "network:guid": "DE-BW-KVV",
        "network:short": "KVV",
        "network:wikidata": "Q1733986",
        "network:wikipedia": "de:Karlsruher Verkehrsverbund",
        "public_transport": "platform",
        "ref:IFOPT": "de:08215:32033:12:12",
        "shelter": "yes",
        "tactile_paving": "no",
        "wheelchair": "no"
      },
      "geometry": {
        "type": "Point",
        "coordinates": [
          8.4668799,
          49.0729322
        ]
      },
      "id": "node/3219421510"
    },
    {
      "type": "Feature",
      "properties": {
        "@id": "node/3219421512",
        "bench": "no",
        "bin": "no",
        "bus": "yes",
        "highway": "bus_stop",
        "lit": "yes",
        "name": "Blankenloch Lorenzstraße",
        "network": "Karlsruher Verkehrsverbund",
        "network:guid": "DE-BW-KVV",
        "network:short": "KVV",
        "network:wikidata": "Q1733986",
        "network:wikipedia": "de:Karlsruher Verkehrsverbund",
        "old_name": "Blankenloch Brücke/L559",
        "public_transport": "platform",
        "ref:IFOPT": "de:08215:32703:1:2",
        "shelter": "no",
        "tactile_paving": "no",
        "wheelchair": "limited"
      },
      "geometry": {
        "type": "Point",
        "coordinates": [
          8.4619786,
          49.0766837
        ]
      },
      "id": "node/3219421512"
    },
    {
      "type": "Feature",
      "properties": {
        "@id": "node/3219421517",
        "bench": "yes",
        "bin": "yes",
        "bus": "yes",
        "highway": "bus_stop",
        "name": "Blankenloch Stutensee-Center",
        "network": "Karlsruher Verkehrsverbund",
        "network:guid": "DE-BW-KVV",
        "network:short": "KVV",
        "network:wikidata": "Q1733986",
        "network:wikipedia": "de:Karlsruher Verkehrsverbund",
        "old_name": "Blankenloch Kreisel/L559",
        "public_transport": "platform",
        "ref:IFOPT": "de:08215:32432:1:1",
        "shelter": "yes",
        "tactile_paving": "no"
      },
      "geometry": {
        "type": "Point",
        "coordinates": [
          8.4600493,
          49.0804582
        ]
      },
      "id": "node/3219421517"
    },
    {
      "type": "Feature",
      "properties": {
        "@id": "node/3220469610",
        "bench": "yes",
        "bin": "yes",
        "bus": "yes",
        "highway": "bus_stop",
        "lit": "yes",
        "name": "Mörsch Rösselsbrünnle",
        "public_transport": "platform",
        "shelter": "yes",
        "tactile_paving": "no",
        "wheelchair": "yes"
      },
      "geometry": {
        "type": "Point",
        "coordinates": [
          8.3049691,
          48.9676432
        ]
      },
      "id": "node/3220469610"
    },
    {
      "type": "Feature",
      "properties": {
        "@id": "node/3267606716",
        "addr:city": "Karlsruhe",
        "addr:housenumber": "9",
        "addr:postcode": "76137",
        "addr:street": "Luise-Riegger-Straße",
        "check_date:opening_hours": "2024-09-13",
        "name": "Kliver City Park",
        "opening_hours": "Mo-Fr 08:00-20:00; Sa 08:00-19:00; Su,PH off",
        "shop": "supermarket",
        "wheelchair": "yes"
      },
      "geometry": {
        "type": "Point",
        "coordinates": [
          8.4159555,
          49.0019566
        ]
      },
      "id": "node/3267606716"
    },
    {
      "type": "Feature",
      "properties": {
        "@id": "node/3305930776",
        "bench": "no",
        "bus": "yes",
        "highway": "bus_stop",
        "name": "Messering Süd",
        "network": "Karlsruher Verkehrsverbund",
        "network:guid": "DE-BW-KVV",
        "network:short": "KVV",
        "network:wikidata": "Q1733986",
        "public_transport": "platform",
        "shelter": "no",
        "wheelchair": "no"
      },
      "geometry": {
        "type": "Point",
        "coordinates": [
          8.3358715,
          48.9768824
        ]
      },
      "id": "node/3305930776"
    },
    {
      "type": "Feature",
      "properties": {
        "@id": "node/3321121270",
        "bench": "yes",
        "bus": "yes",
        "description": "Weingarten (Baden)",
        "highway": "bus_stop",
        "name": "Weingarten Bahnhof West",
        "network": "Karlsruher Verkehrsverbund",
        "network:guid": "DE-BW-KVV",
        "network:short": "KVV",
        "network:wikidata": "Q1733986",
        "operator": "RVS Regionalbusverkehr Südwest GmbH",
        "public_transport": "stop_position",
        "ref_name": "Weingarten (Baden) Bahnhof West",
        "shelter": "yes"
      },
      "geometry": {
        "type": "Point",
        "coordinates": [
          8.5210592,
          49.0591528
        ]
      },
      "id": "node/3321121270"
    },
    {
      "type": "Feature",
      "properties": {
        "@id": "node/3329026902",
        "bus": "yes",
        "highway": "bus_stop",
        "name": "Holtzstraße",
        "network": "Karlsruher Verkehrsverbund",
        "operator": "Verkehrsbetriebe Karlsruhe GmbH",
        "public_transport": "stop_position",
        "shelter": "yes"
      },
      "geometry": {
        "type": "Point",
        "coordinates": [
          8.3811496,
          49.0021417
        ]
      },
      "id": "node/3329026902"
    },
    {
      "type": "Feature",
      "properties": {
        "@id": "node/3329026903",
        "bus": "yes",
        "highway": "bus_stop",
        "name": "Kühler Krug",
        "network": "Karlsruher Verkehrsverbund",
        "operator": "Verkehrsbetriebe Karlsruhe GmbH",
        "public_transport": "stop_position",
        "wheelchair": "yes"
      },
      "geometry": {
        "type": "Point",
        "coordinates": [
          8.3676246,
          49.0054008
        ]
      },
      "id": "node/3329026903"
    },
    {
      "type": "Feature",
      "properties": {
        "@id": "node/3329026904",
        "bus": "yes",
        "highway": "bus_stop",
        "name": "Kühler Krug",
        "network": "Karlsruher Verkehrsverbund",
        "operator": "Verkehrsbetriebe Karlsruhe GmbH",
        "public_transport": "stop_position",
        "wheelchair": "yes"
      },
      "geometry": {
        "type": "Point",
        "coordinates": [
          8.3681554,
          49.0055622
        ]
      },
      "id": "node/3329026904"
    },
    {
      "type": "Feature",
      "properties": {
        "@id": "node/3329026908",
        "bus": "yes",
        "highway": "bus_stop",
        "name": "St. Vincentius Krankenhaus",
        "network": "Karlsruher Verkehrsverbund",
        "network:guid": "DE-BW-KVV",
        "network:short": "KVV",
        "network:wikidata": "Q1733986",
        "operator": "Verkehrsbetriebe Karlsruhe GmbH",
        "public_transport": "stop_position"
      },
      "geometry": {
        "type": "Point",
        "coordinates": [
          8.3808727,
          48.9994171
        ]
      },
      "id": "node/3329026908"
    },
    {
      "type": "Feature",
      "properties": {
        "@id": "node/3329026909",
        "bus": "yes",
        "highway": "bus_stop",
        "name": "St. Vincentius Krankenhaus",
        "network": "Karlsruher Verkehrsverbund",
        "network:guid": "DE-BW-KVV",
        "network:short": "KVV",
        "network:wikidata": "Q1733986",
        "operator": "Verkehrsbetriebe Karlsruhe GmbH",
        "public_transport": "stop_position"
      },
      "geometry": {
        "type": "Point",
        "coordinates": [
          8.380892,
          48.9996081
        ]
      },
      "id": "node/3329026909"
    },
    {
      "type": "Feature",
      "properties": {
        "@id": "node/3340117979",
        "bench": "yes",
        "bin": "yes",
        "bus": "yes",
        "highway": "bus_stop",
        "lit": "yes",
        "name": "Europaplatz (Sparkasse)",
        "network": "Karlsruher Verkehrsverbund",
        "network:guid": "DE-BW-KVV",
        "network:short": "KVV",
        "network:wikidata": "Q1733986",
        "network:wikipedia": "de:Karlsruher Verkehrsverbund",
        "operator": "Verkehrsbetriebe Karlsruhe GmbH",
        "public_transport": "platform",
        "ref_name": "Karlsruhe Europaplatz (Sparkasse)",
        "shelter": "yes",
        "short_name": "Europaplatz",
        "tactile_paving": "no",
        "wheelchair": "yes"
      },
      "geometry": {
        "type": "Point",
        "coordinates": [
          8.393114,
          49.0100332
        ]
      },
      "id": "node/3340117979"
    },
    {
      "type": "Feature",
      "properties": {
        "@id": "node/3366486178",
        "addr:city": "Karlsruhe",
        "addr:country": "DE",
        "addr:housenumber": "42",
        "addr:postcode": "76185",
        "addr:street": "Rheinstraße",
        "name": "Il Mercatino di Daniele e Salvatore",
        "old_name": "Uhren Weisser",
        "opening_hours": "Mo-Sa 09:00-20:00; Su,PH off",
        "shop": "supermarket"
      },
      "geometry": {
        "type": "Point",
        "coordinates": [
          8.3590643,
          49.0117356
        ]
      },
      "id": "node/3366486178"
    },
    {
      "type": "Feature",
      "properties": {
        "@id": "node/3386783470",
        "bench": "no",
        "bin": "no",
        "bus": "yes",
        "highway": "bus_stop",
        "lit": "no",
        "name": "Weingarten Seniorenheim",
        "network": "Karlsruher Verkehrsverbund",
        "network:guid": "DE-BW-KVV",
        "network:short": "KVV",
        "network:wikidata": "Q1733986",
        "public_transport": "platform",
        "ref:IFOPT": "de:08215:32753:0:1",
        "shelter": "no",
        "tactile_paving": "yes",
        "wheelchair": "yes"
      },
      "geometry": {
        "type": "Point",
        "coordinates": [
          8.546924,
          49.050683
        ]
      },
      "id": "node/3386783470"
    },
    {
      "type": "Feature",
      "properties": {
        "@id": "node/3396513794",
        "bench": "no",
        "bin": "no",
        "bus": "yes",
        "highway": "bus_stop",
        "lit": "no",
        "name": "Durlach Turmberg",
        "network": "Karlsruher Verkehrsverbund",
        "operator": "Verkehrsbetriebe Karlsruhe GmbH",
        "public_transport": "platform",
        "ref:IFOPT": "de:08212:18:8:31",
        "shelter": "no",
        "tactile_paving": "no",
        "wheelchair": "no"
      },
      "geometry": {
        "type": "Point",
        "coordinates": [
          8.4778653,
          49.0003078
        ]
      },
      "id": "node/3396513794"
    },
    {
      "type": "Feature",
      "properties": {
        "@id": "node/3396527193",
        "bench": "no",
        "bin": "yes",
        "highway": "bus_stop",
        "lit": "yes",
        "name": "Durlach Turmberg",
        "shelter": "yes",
        "tactile_paving": "no",
        "wheelchair": "no"
      },
      "geometry": {
        "type": "Point",
        "coordinates": [
          8.4781777,
          49.0000729
        ]
      },
      "id": "node/3396527193"
    },
    {
      "type": "Feature",
      "properties": {
        "@id": "node/3396527293",
        "bench": "no",
        "bin": "no",
        "highway": "bus_stop",
        "lit": "yes",
        "name": "Durlach Turmberg",
        "shelter": "yes",
        "tactile_paving": "no",
        "wheelchair": "no"
      },
      "geometry": {
        "type": "Point",
        "coordinates": [
          8.4779023,
          49.0001864
        ]
      },
      "id": "node/3396527293"
    },
    {
      "type": "Feature",
      "properties": {
        "@id": "node/3396527493",
        "bench": "no",
        "bin": "no",
        "highway": "bus_stop",
        "lit": "yes",
        "name": "Durlach Turmberg",
        "shelter": "yes",
        "tactile_paving": "no",
        "wheelchair": "no"
      },
      "geometry": {
        "type": "Point",
        "coordinates": [
          8.4776947,
          49.000272
        ]
      },
      "id": "node/3396527493"
    },
    {
      "type": "Feature",
      "properties": {
        "@id": "node/3396798093",
        "bench": "no",
        "bin": "no",
        "bus": "yes",
        "highway": "bus_stop",
        "lit": "yes",
        "name": "Rommelstraße",
        "network": "Karlsruher Verkehrsverbund",
        "operator": "Verkehrsbetriebe Karlsruhe GmbH",
        "public_transport": "platform",
        "ref:IFOPT": "de:08212:4504:2:3",
        "shelter": "no",
        "tactile_paving": "no"
      },
      "geometry": {
        "type": "Point",
        "coordinates": [
          8.4724061,
          48.9920754
        ]
      },
      "id": "node/3396798093"
    },
    {
      "type": "Feature",
      "properties": {
        "@id": "node/3401463794",
        "bus": "yes",
        "highway": "bus_stop",
        "name": "Schlesier Straße (West)",
        "note": "SEV-Haltestelle",
        "public_transport": "stop_position",
        "ref:IFOPT": "de:08212:4493:4:41",
        "wheelchair": "limited"
      },
      "geometry": {
        "type": "Point",
        "coordinates": [
          8.4529368,
          48.9883501
        ]
      },
      "id": "node/3401463794"
    },
    {
      "type": "Feature",
      "properties": {
        "@id": "node/3401464394",
        "bus": "yes",
        "highway": "bus_stop",
        "name": "Schlesier Straße (West)",
        "note": "SEV-Haltestelle",
        "public_transport": "stop_position",
        "ref:IFOPT": "de:08212:4493:4:42",
        "wheelchair": "limited"
      },
      "geometry": {
        "type": "Point",
        "coordinates": [
          8.4530172,
          48.9884396
        ]
      },
      "id": "node/3401464394"
    },
    {
      "type": "Feature",
      "properties": {
        "@id": "node/3419575821",
        "amenity": "car_sharing",
        "brand": "Stadtmobil",
        "brand:wikidata": "Q2327629",
        "car_sharing": "key_safe",
        "level": "0",
        "network": "Stadtmobil Karlsruhe",
        "opening_hours": "24/7",
        "operator": "Stadtmobil CarSharing GmbH & Co. KG",
        "ref": "Ludwig-Erhard-Allee",
        "website": "https://karlsruhe.stadtmobil.de/",
        "wheelchair": "yes"
      },
      "geometry": {
        "type": "Point",
        "coordinates": [
          8.416503,
          49.0045464
        ]
      },
      "id": "node/3419575821"
    },
    {
      "type": "Feature",
      "properties": {
        "@id": "node/3428246901",
        "amenity": "car_sharing",
        "brand": "Stadtmobil",
        "check_date": "2024-06-15",
        "network": "Stadtmobil Karlsruhe",
        "operator": "Stadtmobil CarSharing GmbH & Co. KG",
        "ref": "Mittelstraße",
        "website": "https://karlsruhe.stadtmobil.de/"
      },
      "geometry": {
        "type": "Point",
        "coordinates": [
          8.4692353,
          48.9979952
        ]
      },
      "id": "node/3428246901"
    },
    {
      "type": "Feature",
      "properties": {
        "@id": "node/3442383793",
        "bus": "yes",
        "highway": "bus_stop",
        "name": "Killisfeld",
        "network": "Karlsruher Verkehrsverbund (KVV)",
        "operator": "Verkehrsbetriebe Karlsruhe",
        "public_transport": "stop_position",
        "ref:IFOPT": "de:08212:4008:1:1",
        "shelter": "yes"
      },
      "geometry": {
        "type": "Point",
        "coordinates": [
          8.4449668,
          48.9930518
        ]
      },
      "id": "node/3442383793"
    },
    {
      "type": "Feature",
      "properties": {
        "@id": "node/3442626894",
        "bus": "yes",
        "highway": "bus_stop",
        "name": "Brühlstraße Mitte",
        "public_transport": "stop_position",
        "ref:IFOPT": "de:08212:4305:2:4"
      },
      "geometry": {
        "type": "Point",
        "coordinates": [
          8.4597172,
          48.9889552
        ]
      },
      "id": "node/3442626894"
    },
    {
      "type": "Feature",
      "properties": {
        "@id": "node/3442626895",
        "bus": "yes",
        "highway": "bus_stop",
        "name": "Brühlstraße Mitte",
        "public_transport": "stop_position",
        "ref:IFOPT": "de:08212:4305:2:3"
      },
      "geometry": {
        "type": "Point",
        "coordinates": [
          8.4593798,
          48.9890618
        ]
      },
      "id": "node/3442626895"
    },
    {
      "type": "Feature",
      "properties": {
        "@id": "node/3522172160",
        "bench": "no",
        "bin": "yes",
        "bus": "yes",
        "highway": "bus_stop",
        "lit": "no",
        "name": "Weingarten Burgstraße",
        "network": "Karlsruher Verkehrsverbund",
        "network:guid": "DE-BW-KVV",
        "network:short": "KVV",
        "network:wikidata": "Q1733986",
        "public_transport": "platform",
        "ref:IFOPT": "de:08215:32255:0:1",
        "shelter": "no",
        "tactile_paving": "no",
        "wheelchair": "no"
      },
      "geometry": {
        "type": "Point",
        "coordinates": [
          8.5254264,
          49.0572917
        ]
      },
      "id": "node/3522172160"
    },
    {
      "type": "Feature",
      "properties": {
        "@id": "node/3522172161",
        "bench": "no",
        "bin": "no",
        "bus": "yes",
        "highway": "bus_stop",
        "lit": "no",
        "name": "Weingarten Luisenstraße",
        "network": "Karlsruher Verkehrsverbund",
        "network:guid": "DE-BW-KVV",
        "network:short": "KVV",
        "network:wikidata": "Q1733986",
        "public_transport": "platform",
        "ref:IFOPT": "de:08215:32250:0:1",
        "shelter": "yes",
        "tactile_paving": "yes",
        "wheelchair": "yes"
      },
      "geometry": {
        "type": "Point",
        "coordinates": [
          8.5304818,
          49.0554444
        ]
      },
      "id": "node/3522172161"
    },
    {
      "type": "Feature",
      "properties": {
        "@id": "node/3538953111",
        "bench": "yes",
        "bin": "no",
        "check_date": "2024-07-04",
        "highway": "bus_stop",
        "lit": "yes",
        "name": "Bahnhofsvorplatz",
        "shelter": "yes",
        "tactile_paving": "yes",
        "wheelchair": "limited"
      },
      "geometry": {
        "type": "Point",
        "coordinates": [
          8.3995955,
          48.9944708
        ]
      },
      "id": "node/3538953111"
    },
    {
      "type": "Feature",
      "properties": {
        "@id": "node/3538953113",
        "bench": "yes",
        "bin": "no",
        "bus": "yes",
        "highway": "bus_stop",
        "lit": "yes",
        "name": "Bahnhofsvorplatz",
        "public_transport": "platform",
        "ref": "Steig A",
        "shelter": "yes",
        "tactile_paving": "yes",
        "wheelchair": "limited"
      },
      "geometry": {
        "type": "Point",
        "coordinates": [
          8.3997656,
          48.9945141
        ]
      },
      "id": "node/3538953113"
    },
    {
      "type": "Feature",
      "properties": {
        "@id": "node/3538953115",
        "bench": "yes",
        "bin": "no",
        "bus": "yes",
        "departures_board": "timetable",
        "highway": "bus_stop",
        "lit": "yes",
        "name": "Bahnhofsvorplatz",
        "public_transport": "platform",
        "ref": "Steig B",
        "shelter": "yes",
        "tactile_paving": "yes",
        "wheelchair": "limited"
      },
      "geometry": {
        "type": "Point",
        "coordinates": [
          8.3999356,
          48.9945575
        ]
      },
      "id": "node/3538953115"
    },
    {
      "type": "Feature",
      "properties": {
        "@id": "node/3545023532",
        "bench": "no",
        "bin": "no",
        "bus": "yes",
        "covered": "no",
        "description": "nur für Sonderbusse bei Veranstaltungen",
        "fixme": "doublecheck ref",
        "highway": "bus_stop",
        "lit": "yes",
        "local_ref": "Steig A",
        "name": "BBBank Wildpark",
        "passenger_information_display": "no",
        "public_transport": "platform",
        "shelter": "no",
        "tactile_paving": "no",
        "wheelchair": "no"
      },
      "geometry": {
        "type": "Point",
        "coordinates": [
          8.4146516,
          49.0209625
        ]
      },
      "id": "node/3545023532"
    },
    {
      "type": "Feature",
      "properties": {
        "@id": "node/3621425429",
        "amenity": "car_sharing",
        "brand": "Stadtmobil",
        "capacity": "3",
        "check_date": "2024-01-25",
        "network": "Stadtmobil Karlsruhe",
        "operator": "Stadtmobil CarSharing GmbH & Co. KG",
        "ref": "An-der-RaumFabrik",
        "website": "https://karlsruhe.stadtmobil.de/",
        "wheelchair": "yes"
      },
      "geometry": {
        "type": "Point",
        "coordinates": [
          8.462302,
          48.9973056
        ]
      },
      "id": "node/3621425429"
    },
    {
      "type": "Feature",
      "properties": {
        "@id": "node/3674779504",
        "addr:city": "Karlsruhe",
        "addr:housenumber": "4",
        "addr:postcode": "76185",
        "addr:street": "Pfannkuchstraße",
        "amenity": "car_sharing",
        "name": "Kleinbusse - Sportjugend Vereinshilfe",
        "operator": "Sportjugend Vereinshilfe e.V. Karlsruhe",
        "website": "http://www.sportjugend-karlsruhe.de/busverleih"
      },
      "geometry": {
        "type": "Point",
        "coordinates": [
          8.3458403,
          49.0085376
        ]
      },
      "id": "node/3674779504"
    },
    {
      "type": "Feature",
      "properties": {
        "@id": "node/3711441639",
        "amenity": "car_sharing",
        "brand": "Stadtmobil",
        "brand:wikidata": "Q2327629",
        "network": "Stadtmobil Karlsruhe",
        "operator": "Stadtmobil CarSharing GmbH & Co. KG",
        "ref": "Graf-Rhena-Straße-West",
        "website": "https://karlsruhe.stadtmobil.de/privatkunden/stationen/station/graf-rhena-strasse-west-tresor/",
        "wheelchair": "yes"
      },
      "geometry": {
        "type": "Point",
        "coordinates": [
          8.3857816,
          48.9972829
        ]
      },
      "id": "node/3711441639"
    },
    {
      "type": "Feature",
      "properties": {
        "@id": "node/3741493452",
        "amenity": "car_sharing",
        "brand": "Stadtmobil",
        "capacity": "5",
        "check_date": "2024-07-07",
        "level": "-1",
        "location": "underground",
        "network": "Stadtmobil Karlsruhe",
        "operator": "Stadtmobil CarSharing GmbH & Co. KG",
        "ref": "Stadtmobil Kriegsstraße",
        "website": "https://karlsruhe.stadtmobil.de/"
      },
      "geometry": {
        "type": "Point",
        "coordinates": [
          8.3837014,
          49.0058853
        ]
      },
      "id": "node/3741493452"
    },
    {
      "type": "Feature",
      "properties": {
        "@id": "node/3747911107",
        "addr:city": "Pfinztal",
        "addr:housenumber": "9",
        "addr:postcode": "76327",
        "addr:street": "Hammerwerkstraße",
        "brand": "EDEKA",
        "brand:wikidata": "Q701755",
        "brand:wikipedia": "de:Edeka",
        "name": "EDEKA Piston Söllingen Hammerwerk",
        "opening_hours": "Mo-Sa 08:00-21:00; Su,PH off",
        "phone": "+49 7240 92340",
        "shop": "supermarket"
      },
      "geometry": {
        "type": "Point",
        "coordinates": [
          8.5489408,
          48.9726554
        ]
      },
      "id": "node/3747911107"
    },
    {
      "type": "Feature",
      "properties": {
        "@id": "node/3748617227",
        "addr:housenumber": "26",
        "addr:street": "Körnerstraße",
        "bulk_purchase": "yes",
        "check_date:opening_hours": "2024-11-22",
        "contact:email": "hallo@tante-m-karlsruhe.de",
        "contact:facebook": "https://www.facebook.com/tante.m.karlsruhe",
        "contact:instagram": "tante.m.karlsruhe",
        "contact:phone": "+49 721 95967946",
        "contact:website": "https://tante-m-karlsruhe.de/",
        "description": "Laden mit unverpackten und nachhaltigen Artikeln",
        "level": "0",
        "name": "Tante M Karlsruhe - Allerlei Gutes",
        "opening_hours": "PH off; Mo-Fr 09:00-18:00; Sa 08:00-14:00",
        "organic": "yes",
        "payment:credit_cards": "yes",
        "payment:debit_cards": "yes",
        "shop": "supermarket",
        "wheelchair": "no"
      },
      "geometry": {
        "type": "Point",
        "coordinates": [
          8.377309,
          49.0091438
        ]
      },
      "id": "node/3748617227"
    },
    {
      "type": "Feature",
      "properties": {
        "@id": "node/3755136430",
        "bench": "no",
        "bin": "yes",
        "highway": "bus_stop",
        "lit": "no",
        "name": "Emil-Gött-Straße",
        "network": "Karlsruher Verkehrsverbund",
        "note": "Haltestelle im Dezember 2020 verlegt und neu gebaut.",
        "operator": "Verkehrsbetriebe Karlsruhe GmbH",
        "ref_name": "Karlsruhe Emil-Gött-Straße",
        "shelter": "no",
        "start_date": "2020-12",
        "tactile_paving": "yes",
        "wheelchair": "yes"
      },
      "geometry": {
        "type": "Point",
        "coordinates": [
          8.4202917,
          49.0133278
        ]
      },
      "id": "node/3755136430"
    },
    {
      "type": "Feature",
      "properties": {
        "@id": "node/3755136431",
        "bench": "no",
        "bin": "yes",
        "highway": "bus_stop",
        "lit": "no",
        "name": "Emil-Gött-Straße",
        "network": "Karlsruher Verkehrsverbund",
        "note": "Haltestelle im Dezember 2020 verlegt und neu gebaut.",
        "operator": "Verkehrsbetriebe Karlsruhe GmbH",
        "ref_name": "Karlsruhe Emil-Gött-Straße",
        "shelter": "yes",
        "start_date": "2020-12",
        "tactile_paving": "yes",
        "wheelchair": "yes"
      },
      "geometry": {
        "type": "Point",
        "coordinates": [
          8.4206611,
          49.0133627
        ]
      },
      "id": "node/3755136431"
    },
    {
      "type": "Feature",
      "properties": {
        "@id": "node/3781163465",
        "bus": "yes",
        "highway": "bus_stop",
        "name": "Rosmarinweg",
        "network": "Karlsruher Verkehrsverbund",
        "network:guid": "DE-BW-KVV",
        "network:short": "KVV",
        "network:wikidata": "Q1733986",
        "operator": "Verkehrsbetriebe Karlsruhe GmbH",
        "public_transport": "stop_position"
      },
      "geometry": {
        "type": "Point",
        "coordinates": [
          8.3855046,
          49.0356054
        ]
      },
      "id": "node/3781163465"
    },
    {
      "type": "Feature",
      "properties": {
        "@id": "node/3781173193",
        "bench": "no",
        "bin": "no",
        "bus": "yes",
        "highway": "bus_stop",
        "lit": "yes",
        "name": "Lilienthalstraße",
        "network": "Karlsruher Verkehrsverbund",
        "network:guid": "DE-BW-KVV",
        "network:short": "KVV",
        "network:wikidata": "Q1733986",
        "note": "Nachtbushaltestelle",
        "operator": "Verkehrsbetriebe Karlsruhe GmbH",
        "public_transport": "platform",
        "shelter": "yes",
        "tactile_paving": "no"
      },
      "geometry": {
        "type": "Point",
        "coordinates": [
          8.3851894,
          49.0234417
        ]
      },
      "id": "node/3781173193"
    },
    {
      "type": "Feature",
      "properties": {
        "@id": "node/3876938334",
        "bench": "yes",
        "bin": "yes",
        "bus": "yes",
        "highway": "bus_stop",
        "lit": "yes",
        "name": "Pastor-Felke-Straße",
        "network": "Karlsruher Verkehrsverbund",
        "operator": "Verkehrsbetriebe Karlsruhe GmbH",
        "passenger_information_display": "no",
        "public_transport": "station",
        "shelter": "yes",
        "tactile_paving": "yes",
        "wheelchair": "yes"
      },
      "geometry": {
        "type": "Point",
        "coordinates": [
          8.4222211,
          49.0155142
        ]
      },
      "id": "node/3876938334"
    },
    {
      "type": "Feature",
      "properties": {
        "@id": "node/3876938337",
        "bench": "no",
        "bin": "yes",
        "bus": "yes",
        "highway": "bus_stop",
        "lit": "no",
        "name": "Pastor-Felke-Straße",
        "network": "Karlsruher Verkehrsverbund",
        "note": "Haltestelle im November 2017 verlegt",
        "operator": "Verkehrsbetriebe Karlsruhe GmbH",
        "public_transport": "station",
        "shelter": "no",
        "tactile_paving": "yes",
        "wheelchair": "yes"
      },
      "geometry": {
        "type": "Point",
        "coordinates": [
          8.42228,
          49.0155528
        ]
      },
      "id": "node/3876938337"
    },
    {
      "type": "Feature",
      "properties": {
        "@id": "node/3899708812",
        "bench": "no",
        "bin": "no",
        "bus": "yes",
        "highway": "bus_stop",
        "lit": "no",
        "name": "An der Tagweide",
        "network": "Karlsruher Verkehrsverbund",
        "operator": "Verkehrsbetriebe Karlsruhe GmbH",
        "public_transport": "platform",
        "shelter": "no",
        "tactile_paving": "no"
      },
      "geometry": {
        "type": "Point",
        "coordinates": [
          8.4582385,
          49.0212554
        ]
      },
      "id": "node/3899708812"
    },
    {
      "type": "Feature",
      "properties": {
        "@id": "node/3935504484",
        "addr:city": "Karlsruhe",
        "addr:country": "DE",
        "addr:housenumber": "8",
        "addr:postcode": "76137",
        "addr:street": "Bahnhofplatz",
        "addr:suburb": "Südstadt",
        "bulk_purchase": "yes",
        "check_date": "2024-08-02",
        "contact:email": "info@unverpackt.de",
        "contact:website": "http://www.unverpackt.de/",
        "description": "Bedarfsgerechtes, nachhaltiges und verpackungsarmes Einkaufen in Karlsruhe",
        "drinking_water:refill": "yes",
        "drinking_water:refill:network": "Refill Deutschland",
        "drinking_water:refill:network:wikidata": "Q50302201",
        "name": "UNVERPACKT",
        "opening_hours": "Mo-Fr 09:00-19:00; Sa 09:00-16:00; Su,PH off",
        "operator": "Antonia Wucknitz",
        "payment:credit_cards": "no",
        "payment:debit_cards": "yes",
        "payment:girocard": "yes",
        "phone": "+49 721 96883439",
        "reusable_packaging:accept": "only",
        "shop": "supermarket",
        "start_date": "2016-05-12",
        "website": "http://www.unverpackt.de/",
        "wheelchair": "limited",
        "zero_waste": "only"
      },
      "geometry": {
        "type": "Point",
        "coordinates": [
          8.3996708,
          48.9947358
        ]
      },
      "id": "node/3935504484"
    },
    {
      "type": "Feature",
      "properties": {
        "@id": "node/3935946026",
        "amenity": "car_sharing",
        "brand": "Stadtmobil",
        "car_sharing": "parking",
        "check_date": "2024-06-27",
        "network": "Stadtmobil Karlsruhe",
        "opening_hours": "24/7",
        "operator": "Stadtmobil CarSharing GmbH & Co. KG",
        "ref": "Rheinbergstraße Karlsruhe",
        "website": "https://karlsruhe.stadtmobil.de/",
        "wheelchair": "yes"
      },
      "geometry": {
        "type": "Point",
        "coordinates": [
          8.3356516,
          49.0353497
        ]
      },
      "id": "node/3935946026"
    },
    {
      "type": "Feature",
      "properties": {
        "@id": "node/3959325358",
        "addr:city": "Rheinstetten",
        "addr:country": "DE",
        "addr:housenumber": "18",
        "addr:postcode": "76287",
        "addr:street": "Nell-Breuning-Ring",
        "addr:suburb": "Forchheim",
        "brand": "REWE",
        "brand:wikidata": "Q16968817",
        "brand:wikipedia": "en:REWE",
        "check_date": "2023-06-18",
        "internet_access": "wlan",
        "internet_access:fee": "no",
        "name": "REWE",
        "opening_hours": "Mo-Sa 07:00-22:00; Su,PH off",
        "shop": "supermarket",
        "wheelchair": "yes"
      },
      "geometry": {
        "type": "Point",
        "coordinates": [
          8.3242947,
          48.9803895
        ]
      },
      "id": "node/3959325358"
    },
    {
      "type": "Feature",
      "properties": {
        "@id": "node/3982065279",
        "addr:city": "Karlsruhe",
        "addr:country": "DE",
        "addr:housenumber": "143",
        "addr:postcode": "76189",
        "addr:street": "Durmersheimer Straße",
        "brand": "Denns BioMarkt",
        "brand:wikidata": "Q48883773",
        "email": "info@denns.de",
        "lastcheck": "2016-02-01",
        "name": "Denns BioMarkt",
        "opening_hours": "Mo-Sa 08:00-21:00; Su,PH off",
        "operator": "Dennree GmbH",
        "operator:wikidata": "Q1189641",
        "organic": "only",
        "phone": "+49 721 86480205",
        "ref:vatin": "DE812595034",
        "shop": "supermarket",
        "website": "https://www.denns-biomarkt.de/"
      },
      "geometry": {
        "type": "Point",
        "coordinates": [
          8.3480052,
          48.9978647
        ]
      },
      "id": "node/3982065279"
    },
    {
      "type": "Feature",
      "properties": {
        "@id": "node/3991011230",
        "bench": "no",
        "bus": "yes",
        "covered": "no",
        "highway": "bus_stop",
        "lit": "yes",
        "name": "Ettlingen Pestalozzischule",
        "network": "Karlsruher Verkehrsverbund",
        "network:guid": "DE-BW-KVV",
        "network:short": "KVV",
        "network:wikidata": "Q1733986",
        "network:wikipedia": "de:Karlsruher Verkehrsverbund",
        "public_transport": "platform",
        "shelter": "no"
      },
      "geometry": {
        "type": "Point",
        "coordinates": [
          8.3856375,
          48.9516737
        ]
      },
      "id": "node/3991011230"
    },
    {
      "type": "Feature",
      "properties": {
        "@id": "node/3991011239",
        "bench": "no",
        "bin": "no",
        "bus": "yes",
        "covered": "no",
        "highway": "bus_stop",
        "lit": "yes",
        "name": "Ettlingen Schröderstraße",
        "network": "Karlsruher Verkehrsverbund",
        "network:guid": "DE-BW-KVV",
        "network:short": "KVV",
        "public_transport": "platform",
        "shelter": "no",
        "tactile_paving": "no"
      },
      "geometry": {
        "type": "Point",
        "coordinates": [
          8.4063514,
          48.9500403
        ]
      },
      "id": "node/3991011239"
    },
    {
      "type": "Feature",
      "properties": {
        "@id": "node/3991011240",
        "bench": "yes",
        "bin": "no",
        "bus": "yes",
        "covered": "no",
        "highway": "bus_stop",
        "lit": "yes",
        "name": "Ettlingen Theodor-Heuss-Straße",
        "network": "Karlsruher Verkehrsverbund",
        "network:guid": "DE-BW-KVV",
        "network:short": "KVV",
        "public_transport": "platform",
        "shelter": "no",
        "tactile_paving": "no",
        "zoom": "on"
      },
      "geometry": {
        "type": "Point",
        "coordinates": [
          8.4051917,
          48.9517846
        ]
      },
      "id": "node/3991011240"
    },
    {
      "type": "Feature",
      "properties": {
        "@id": "node/3991011241",
        "bench": "yes",
        "bus": "yes",
        "covered": "no",
        "highway": "bus_stop",
        "name": "Ettlingen Breitscheidstraße",
        "network": "Karlsruher Verkehrsverbund",
        "network:guid": "DE-BW-KVV",
        "network:short": "KVV",
        "network:wikidata": "Q1733986",
        "passenger_information_display": "no",
        "public_transport": "platform",
        "shelter": "no",
        "tactile_paving": "no",
        "wheelchair": "no"
      },
      "geometry": {
        "type": "Point",
        "coordinates": [
          8.4014208,
          48.9511606
        ]
      },
      "id": "node/3991011241"
    },
    {
      "type": "Feature",
      "properties": {
        "@id": "node/3991011242",
        "bench": "yes",
        "bus": "yes",
        "covered": "no",
        "highway": "bus_stop",
        "name": "Ettlingen Breitscheidstraße",
        "network": "Karlsruher Verkehrsverbund",
        "network:guid": "DE-BW-KVV",
        "network:short": "KVV",
        "network:wikidata": "Q1733986",
        "public_transport": "platform",
        "shelter": "no",
        "tactile_paving": "no",
        "wheelchair": "no"
      },
      "geometry": {
        "type": "Point",
        "coordinates": [
          8.4018136,
          48.9512269
        ]
      },
      "id": "node/3991011242"
    },
    {
      "type": "Feature",
      "properties": {
        "@id": "node/3991093467",
        "bench": "yes",
        "bin": "yes",
        "bus": "yes",
        "covered": "yes",
        "highway": "bus_stop",
        "lit": "yes",
        "name": "Ottostraße",
        "network": "Karlsruher Verkehrsverbund",
        "network:guid": "DE-BW-KVV",
        "network:short": "KVV",
        "network:wikidata": "Q1733986",
        "network:wikipedia": "de:Karlsruher Verkehrsverbund",
        "public_transport": "platform",
        "shelter": "yes",
        "tactile_paving": "no"
      },
      "geometry": {
        "type": "Point",
        "coordinates": [
          8.4503313,
          48.9952384
        ]
      },
      "id": "node/3991093467"
    },
    {
      "type": "Feature",
      "properties": {
        "@id": "node/3991093468",
        "bench": "yes",
        "bin": "yes",
        "bus": "yes",
        "covered": "yes",
        "highway": "bus_stop",
        "lit": "yes",
        "name": "Ottostraße",
        "network": "Karlsruher Verkehrsverbund",
        "network:guid": "DE-BW-KVV",
        "network:short": "KVV",
        "network:wikidata": "Q1733986",
        "network:wikipedia": "de:Karlsruher Verkehrsverbund",
        "operator": "Verkehrsbetriebe Karlsruhe GmbH",
        "public_transport": "platform",
        "shelter": "yes",
        "tactile_paving": "no"
      },
      "geometry": {
        "type": "Point",
        "coordinates": [
          8.450069,
          48.9949849
        ]
      },
      "id": "node/3991093468"
    },
    {
      "type": "Feature",
      "properties": {
        "@id": "node/3991093472",
        "bench": "no",
        "bin": "no",
        "bus": "yes",
        "covered": "no",
        "highway": "bus_stop",
        "lit": "yes",
        "name": "Ettlingen Kleiner Plom",
        "network": "Karlsruher Verkehrsverbund",
        "network:guid": "DE-BW-KVV",
        "network:short": "KVV",
        "network:wikidata": "Q1733986",
        "network:wikipedia": "de:Karlsruher Verkehrsverbund",
        "public_transport": "platform",
        "shelter": "no",
        "tactile_paving": "no"
      },
      "geometry": {
        "type": "Point",
        "coordinates": [
          8.3772319,
          48.9551282
        ]
      },
      "id": "node/3991093472"
    },
    {
      "type": "Feature",
      "properties": {
        "@id": "node/4012937367",
        "bench": "yes",
        "bin": "yes",
        "bus": "yes",
        "highway": "bus_stop",
        "lit": "yes",
        "name": "Wolfartsweier Nord",
        "network": "Karlsruher Verkehrsverbund",
        "network:guid": "DE-BW-KVV",
        "network:short": "KVV",
        "network:wikidata": "Q1733986",
        "network:wikipedia": "de:Karlsruher Verkehrsverbund",
        "operator": "Verkehrsbetriebe Karlsruhe GmbH",
        "public_transport": "platform",
        "shelter": "yes",
        "tactile_paving": "yes",
        "wheelchair": "yes"
      },
      "geometry": {
        "type": "Point",
        "coordinates": [
          8.4582896,
          48.9782227
        ]
      },
      "id": "node/4012937367"
    },
    {
      "type": "Feature",
      "properties": {
        "@id": "node/4012937369",
        "bus": "yes",
        "highway": "bus_stop",
        "name": "Wolfartsweier Süd",
        "network": "Karlsruher Verkehrsverbund",
        "network:guid": "DE-BW-KVV",
        "network:short": "KVV",
        "network:wikidata": "Q1733986",
        "operator": "Verkehrsbetriebe Karlsruhe GmbH",
        "public_transport": "platform",
        "ref:IFOPT": "de:08212:4800:1:1"
      },
      "geometry": {
        "type": "Point",
        "coordinates": [
          8.4531351,
          48.9740402
        ]
      },
      "id": "node/4012937369"
    },
    {
      "type": "Feature",
      "properties": {
        "@id": "node/4012937370",
        "bus": "yes",
        "highway": "bus_stop",
        "name": "Wolfartsweier Süd",
        "network": "Karlsruher Verkehrsverbund",
        "network:guid": "DE-BW-KVV",
        "network:short": "KVV",
        "network:wikidata": "Q1733986",
        "operator": "Verkehrsbetriebe Karlsruhe GmbH",
        "public_transport": "platform",
        "ref:IFOPT": "de:08212:4800:1:2"
      },
      "geometry": {
        "type": "Point",
        "coordinates": [
          8.4533139,
          48.9741448
        ]
      },
      "id": "node/4012937370"
    },
    {
      "type": "Feature",
      "properties": {
        "@id": "node/4013168975",
        "bench": "no",
        "bin": "yes",
        "bus": "yes",
        "highway": "bus_stop",
        "lit": "yes",
        "name": "Blattwiesenstraße",
        "network": "Karlsruher Verkehrsverbund",
        "operator": "Verkehrsbetriebe Karlsruhe GmbH",
        "public_transport": "platform",
        "shelter": "no",
        "tactile_paving": "yes"
      },
      "geometry": {
        "type": "Point",
        "coordinates": [
          8.4649357,
          48.9928678
        ]
      },
      "id": "node/4013168975"
    },
    {
      "type": "Feature",
      "properties": {
        "@id": "node/4013168976",
        "bench": "yes",
        "bin": "yes",
        "bus": "yes",
        "highway": "bus_stop",
        "lit": "yes",
        "name": "Blattwiesenstraße",
        "network": "Karlsruher Verkehrsverbund",
        "operator": "Verkehrsbetriebe Karlsruhe GmbH",
        "public_transport": "platform",
        "shelter": "yes",
        "tactile_paving": "yes"
      },
      "geometry": {
        "type": "Point",
        "coordinates": [
          8.465257,
          48.9930999
        ]
      },
      "id": "node/4013168976"
    },
    {
      "type": "Feature",
      "properties": {
        "@id": "node/4013168977",
        "bench": "yes",
        "bin": "yes",
        "bus": "yes",
        "highway": "bus_stop",
        "lit": "no",
        "name": "Brühlstraße Mitte",
        "network": "Karlsruher Verkehrsverbund",
        "operator": "Verkehrsbetriebe Karlsruhe GmbH",
        "public_transport": "platform",
        "ref:IFOPT": "de:08212:4305:1:2",
        "shelter": "yes",
        "tactile_paving": "yes"
      },
      "geometry": {
        "type": "Point",
        "coordinates": [
          8.461135,
          48.9881065
        ]
      },
      "id": "node/4013168977"
    },
    {
      "type": "Feature",
      "properties": {
        "@id": "node/4013168979",
        "bench": "no",
        "bin": "yes",
        "bus": "yes",
        "highway": "bus_stop",
        "lit": "no",
        "name": "Brühlstraße Mitte",
        "network": "Karlsruher Verkehrsverbund",
        "operator": "Verkehrsbetriebe Karlsruhe GmbH",
        "public_transport": "platform",
        "ref:IFOPT": "de:08212:4305:1:1",
        "shelter": "no",
        "tactile_paving": "yes"
      },
      "geometry": {
        "type": "Point",
        "coordinates": [
          8.4612883,
          48.9885164
        ]
      },
      "id": "node/4013168979"
    },
    {
      "type": "Feature",
      "properties": {
        "@id": "node/4013168980",
        "bench": "no",
        "bin": "no",
        "bus": "yes",
        "highway": "bus_stop",
        "lit": "yes",
        "name": "Büchelbergstraße",
        "network": "Karlsruher Verkehrsverbund",
        "operator": "Verkehrsbetriebe Karlsruhe GmbH",
        "public_transport": "platform",
        "shelter": "no",
        "tactile_paving": "no"
      },
      "geometry": {
        "type": "Point",
        "coordinates": [
          8.4956645,
          49.0056269
        ]
      },
      "id": "node/4013168980"
    },
    {
      "type": "Feature",
      "properties": {
        "@id": "node/4013168982",
        "bench": "no",
        "bin": "no",
        "bus": "yes",
        "highway": "bus_stop",
        "lit": "no",
        "name": "Durlach Friedhof",
        "network": "Karlsruher Verkehrsverbund",
        "network:guid": "DE-BW-KVV",
        "network:short": "KVV",
        "network:wikidata": "Q1733986",
        "network:wikipedia": "de:Karlsruher Verkehrsverbund",
        "operator": "Verkehrsbetriebe Karlsruhe GmbH",
        "public_transport": "platform",
        "shelter": "no",
        "tactile_paving": "yes"
      },
      "geometry": {
        "type": "Point",
        "coordinates": [
          8.483181,
          49.0025452
        ]
      },
      "id": "node/4013168982"
    },
    {
      "type": "Feature",
      "properties": {
        "@id": "node/4013168983",
        "bench": "no",
        "bin": "no",
        "bus": "yes",
        "highway": "bus_stop",
        "lit": "yes",
        "name": "Dürrbachstraße",
        "network": "Karlsruher Verkehrsverbund",
        "operator": "Verkehrsbetriebe Karlsruhe GmbH",
        "public_transport": "platform",
        "shelter": "no",
        "tactile_paving": "no"
      },
      "geometry": {
        "type": "Point",
        "coordinates": [
          8.4821966,
          48.9947838
        ]
      },
      "id": "node/4013168983"
    },
    {
      "type": "Feature",
      "properties": {
        "@id": "node/4013168984",
        "bench": "no",
        "bin": "no",
        "bus": "yes",
        "highway": "bus_stop",
        "lit": "yes",
        "name": "Dürrenwettersbacher Straße",
        "network": "Karlsruher Verkehrsverbund",
        "operator": "Verkehrsbetriebe Karlsruhe GmbH",
        "public_transport": "platform",
        "shelter": "no",
        "tactile_paving": "no"
      },
      "geometry": {
        "type": "Point",
        "coordinates": [
          8.4735043,
          48.9720824
        ]
      },
      "id": "node/4013168984"
    },
    {
      "type": "Feature",
      "properties": {
        "@id": "node/4013168985",
        "bench": "no",
        "bin": "yes",
        "bus": "yes",
        "highway": "bus_stop",
        "lit": "yes",
        "name": "Eisenhafengrund",
        "network": "Karlsruher Verkehrsverbund",
        "operator": "Verkehrsbetriebe Karlsruhe GmbH",
        "public_transport": "platform",
        "shelter": "no",
        "tactile_paving": "yes"
      },
      "geometry": {
        "type": "Point",
        "coordinates": [
          8.4916047,
          48.9881625
        ]
      },
      "id": "node/4013168985"
    },
    {
      "type": "Feature",
      "properties": {
        "@id": "node/4013168987",
        "bench": "yes",
        "bin": "yes",
        "bus": "yes",
        "highway": "bus_stop",
        "lit": "yes",
        "name": "Eisenhafengrund",
        "network": "Karlsruher Verkehrsverbund",
        "operator": "Verkehrsbetriebe Karlsruhe GmbH",
        "public_transport": "platform",
        "shelter": "yes",
        "tactile_paving": "yes"
      },
      "geometry": {
        "type": "Point",
        "coordinates": [
          8.4913332,
          48.9886818
        ]
      },
      "id": "node/4013168987"
    },
    {
      "type": "Feature",
      "properties": {
        "@id": "node/4013189191",
        "bench": "yes",
        "bin": "yes",
        "bus": "yes",
        "highway": "bus_stop",
        "kerb": "raised",
        "kerb:approach_aid": "yes",
        "lit": "no",
        "name": "Fröbelstraße",
        "network": "Karlsruher Verkehrsverbund",
        "operator": "Verkehrsbetriebe Karlsruhe GmbH",
        "passenger_information_display": "no",
        "public_transport": "platform",
        "shelter": "no",
        "tactile_paving": "yes",
        "wheelchair": "yes"
      },
      "geometry": {
        "type": "Point",
        "coordinates": [
          8.4911136,
          49.0076699
        ]
      },
      "id": "node/4013189191"
    },
    {
      "type": "Feature",
      "properties": {
        "@id": "node/4013189192",
        "bench": "yes",
        "bin": "yes",
        "bus": "yes",
        "highway": "bus_stop",
        "lit": "yes",
        "name": "Grötzingen Bahnhof",
        "network": "Karlsruher Verkehrsverbund",
        "operator": "Verkehrsbetriebe Karlsruhe GmbH",
        "public_transport": "platform",
        "shelter": "yes",
        "tactile_paving": "yes",
        "wheelchair": "no"
      },
      "geometry": {
        "type": "Point",
        "coordinates": [
          8.4933807,
          49.0060832
        ]
      },
      "id": "node/4013189192"
    },
    {
      "type": "Feature",
      "properties": {
        "@id": "node/4013189193",
        "bench": "yes",
        "bin": "yes",
        "bus": "yes",
        "highway": "bus_stop",
        "lit": "yes",
        "name": "Grötzingen Nord",
        "network": "Karlsruher Verkehrsverbund",
        "network:guid": "DE-BW-KVV",
        "network:short": "KVV",
        "network:wikidata": "Q1733986",
        "operator": "Verkehrsbetriebe Karlsruhe GmbH",
        "public_transport": "platform",
        "shelter": "no",
        "tactile_paving": "no"
      },
      "geometry": {
        "type": "Point",
        "coordinates": [
          8.4941846,
          49.0147108
        ]
      },
      "id": "node/4013189193"
    },
    {
      "type": "Feature",
      "properties": {
        "@id": "node/4013189194",
        "bench": "no",
        "bin": "no",
        "bus": "yes",
        "covered": "no",
        "highway": "bus_stop",
        "lit": "yes",
        "name": "Im Sonnental",
        "network": "Karlsruher Verkehrsverbund",
        "network:guid": "DE-BW-KVV",
        "network:short": "KVV",
        "network:wikidata": "Q1733986",
        "operator": "Verkehrsbetriebe Karlsruhe GmbH",
        "public_transport": "platform",
        "ref": "Steig C",
        "shelter": "no",
        "tactile_paving": "no"
      },
      "geometry": {
        "type": "Point",
        "coordinates": [
          8.5025197,
          49.0016759
        ]
      },
      "id": "node/4013189194"
    },
    {
      "type": "Feature",
      "properties": {
        "@id": "node/4013189197",
        "bench": "yes",
        "bin": "yes",
        "bus": "yes",
        "check_date:bin": "2022-12-20",
        "highway": "bus_stop",
        "lit": "yes",
        "name": "Lerchenberg",
        "network": "Karlsruher Verkehrsverbund",
        "operator": "Verkehrsbetriebe Karlsruhe GmbH",
        "public_transport": "platform",
        "shelter": "yes",
        "tactile_paving": "yes"
      },
      "geometry": {
        "type": "Point",
        "coordinates": [
          8.4882832,
          48.9915571
        ]
      },
      "id": "node/4013189197"
    },
    {
      "type": "Feature",
      "properties": {
        "@id": "node/4013189198",
        "bench": "no",
        "bin": "yes",
        "bus": "yes",
        "highway": "bus_stop",
        "lit": "yes",
        "name": "Lerchenberg",
        "network": "Karlsruher Verkehrsverbund",
        "operator": "Verkehrsbetriebe Karlsruhe GmbH",
        "public_transport": "platform",
        "shelter": "no",
        "tactile_paving": "yes"
      },
      "geometry": {
        "type": "Point",
        "coordinates": [
          8.4865808,
          48.9921898
        ]
      },
      "id": "node/4013189198"
    },
    {
      "type": "Feature",
      "properties": {
        "@id": "node/4013189203",
        "bench": "yes",
        "bin": "yes",
        "bus": "yes",
        "highway": "bus_stop",
        "lit": "no",
        "name": "Schlesier Straße (Ost)",
        "network": "Karlsruher Verkehrsverbund",
        "network:guid": "DE-BW-KVV",
        "network:short": "KVV",
        "network:wikidata": "Q1733986",
        "network:wikipedia": "de:Karlsruher Verkehrsverbund",
        "operator": "Verkehrsbetriebe Karlsruhe GmbH",
        "public_transport": "platform",
        "ref:IFOPT": "de:08212:4301:0:1",
        "shelter": "yes",
        "tactile_paving": "yes"
      },
      "geometry": {
        "type": "Point",
        "coordinates": [
          8.4591611,
          48.985766
        ]
      },
      "id": "node/4013189203"
    },
    {
      "type": "Feature",
      "properties": {
        "@id": "node/4013189205",
        "bench": "no",
        "bin": "no",
        "bus": "yes",
        "highway": "bus_stop",
        "lit": "yes",
        "name": "Schlesier Straße (Ost)",
        "network": "Karlsruher Verkehrsverbund",
        "network:guid": "DE-BW-KVV",
        "network:short": "KVV",
        "network:wikidata": "Q1733986",
        "network:wikipedia": "de:Karlsruher Verkehrsverbund",
        "operator": "Verkehrsbetriebe Karlsruhe GmbH",
        "public_transport": "platform",
        "ref:IFOPT": "de:08212:4301:0:2",
        "shelter": "no",
        "tactile_paving": "yes"
      },
      "geometry": {
        "type": "Point",
        "coordinates": [
          8.4596848,
          48.9862911
        ]
      },
      "id": "node/4013189205"
    },
    {
      "type": "Feature",
      "properties": {
        "@id": "node/4013189206",
        "bench": "no",
        "bus": "yes",
        "highway": "bus_stop",
        "name": "Tiefentalstraße",
        "network": "Karlsruher Verkehrsverbund",
        "network:guid": "DE-BW-KVV",
        "network:short": "KVV",
        "network:wikidata": "Q1733986",
        "operator": "Verkehrsbetriebe Karlsruhe GmbH",
        "public_transport": "platform",
        "shelter": "no"
      },
      "geometry": {
        "type": "Point",
        "coordinates": [
          8.4729184,
          48.9736593
        ]
      },
      "id": "node/4013189206"
    },
    {
      "type": "Feature",
      "properties": {
        "@id": "node/4013189208",
        "bench": "no",
        "bin": "yes",
        "bus": "yes",
        "departures_board": "timetable",
        "highway": "bus_stop",
        "name": "Tiefentalstraße",
        "network": "Karlsruher Verkehrsverbund",
        "network:guid": "DE-BW-KVV",
        "network:short": "KVV",
        "network:wikidata": "Q1733986",
        "operator": "Verkehrsbetriebe Karlsruhe GmbH",
        "public_transport": "platform",
        "shelter": "yes"
      },
      "geometry": {
        "type": "Point",
        "coordinates": [
          8.4733487,
          48.9731888
        ]
      },
      "id": "node/4013189208"
    },
    {
      "type": "Feature",
      "properties": {
        "@id": "node/4013189209",
        "bench": "no",
        "bin": "yes",
        "bus": "yes",
        "highway": "bus_stop",
        "name": "Tiefentalstraße",
        "network": "Karlsruher Verkehrsverbund",
        "network:guid": "DE-BW-KVV",
        "network:short": "KVV",
        "network:wikidata": "Q1733986",
        "operator": "Verkehrsbetriebe Karlsruhe GmbH",
        "public_transport": "platform",
        "shelter": "no"
      },
      "geometry": {
        "type": "Point",
        "coordinates": [
          8.4736092,
          48.9733177
        ]
      },
      "id": "node/4013189209"
    },
    {
      "type": "Feature",
      "properties": {
        "@id": "node/4014513445",
        "bench": "no",
        "bin": "yes",
        "bus": "yes",
        "check_date:bench": "2023-12-17",
        "covered": "no",
        "highway": "bus_stop",
        "lit": "yes",
        "name": "Büchiger Allee",
        "network": "Karlsruher Verkehrsverbund",
        "operator": "Verkehrsbetriebe Karlsruhe GmbH",
        "passenger_information_display": "no",
        "public_transport": "platform",
        "shelter": "no",
        "tactile_paving": "no"
      },
      "geometry": {
        "type": "Point",
        "coordinates": [
          8.4212505,
          49.0196005
        ]
      },
      "id": "node/4014513445"
    },
    {
      "type": "Feature",
      "properties": {
        "@id": "node/4014513447",
        "bench": "no",
        "bin": "yes",
        "bus": "yes",
        "covered": "no",
        "highway": "bus_stop",
        "lit": "yes",
        "name": "Büchiger Allee",
        "network": "Karlsruher Verkehrsverbund",
        "network:guid": "DE-BW-KVV",
        "network:short": "KVV",
        "network:wikidata": "Q1733986",
        "operator": "Verkehrsbetriebe Karlsruhe GmbH",
        "passenger_information_display": "no",
        "public_transport": "platform",
        "shelter": "no",
        "tactile_paving": "no"
      },
      "geometry": {
        "type": "Point",
        "coordinates": [
          8.4213441,
          49.0197813
        ]
      },
      "id": "node/4014513447"
    },
    {
      "type": "Feature",
      "properties": {
        "@id": "node/4014639393",
        "bench": "yes",
        "bin": "yes",
        "covered": "no",
        "highway": "bus_stop",
        "lit": "yes",
        "name": "Am Heegwald",
        "network": "Karlsruher Verkehrsverbund",
        "operator": "Verkehrsbetriebe Karlsruhe GmbH",
        "passenger_information_display": "no",
        "shelter": "yes",
        "tactile_paving": "no"
      },
      "geometry": {
        "type": "Point",
        "coordinates": [
          8.4784229,
          49.0177253
        ]
      },
      "id": "node/4014639393"
    },
    {
      "type": "Feature",
      "properties": {
        "@id": "node/4014639397",
        "bench": "yes",
        "bin": "yes",
        "bus": "yes",
        "highway": "bus_stop",
        "lit": "no",
        "name": "An der Tagweide",
        "network": "Karlsruher Verkehrsverbund",
        "network:guid": "DE-BW-KVV",
        "network:short": "KVV",
        "network:wikidata": "Q1733986",
        "network:wikipedia": "de:Karlsruher Verkehrsverbund",
        "operator": "Verkehrsbetriebe Karlsruhe GmbH",
        "public_transport": "platform",
        "shelter": "yes",
        "tactile_paving": "no"
      },
      "geometry": {
        "type": "Point",
        "coordinates": [
          8.4564296,
          49.0210197
        ]
      },
      "id": "node/4014639397"
    },
    {
      "type": "Feature",
      "properties": {
        "@id": "node/4014639398",
        "bench": "no",
        "bin": "yes",
        "bus": "yes",
        "covered": "no",
        "highway": "bus_stop",
        "lit": "yes",
        "name": "An der Tagweide",
        "network": "Karlsruher Verkehrsverbund",
        "network:guid": "DE-BW-KVV",
        "network:short": "KVV",
        "network:wikidata": "Q1733986",
        "network:wikipedia": "de:Karlsruher Verkehrsverbund",
        "operator": "Verkehrsbetriebe Karlsruhe GmbH",
        "passenger_information_display": "no",
        "public_transport": "platform",
        "shelter": "no",
        "tactile_paving": "no"
      },
      "geometry": {
        "type": "Point",
        "coordinates": [
          8.4567399,
          49.0210288
        ]
      },
      "id": "node/4014639398"
    },
    {
      "type": "Feature",
      "properties": {
        "@id": "node/4014639399",
        "bench": "no",
        "bin": "yes",
        "bus": "yes",
        "covered": "no",
        "highway": "bus_stop",
        "lit": "yes",
        "name": "Auf der Breit",
        "network": "Karlsruher Verkehrsverbund",
        "network:guid": "DE-BW-KVV",
        "network:short": "KVV",
        "network:wikidata": "Q1733986",
        "operator": "Verkehrsbetriebe Karlsruhe GmbH",
        "passenger_information_display": "no",
        "public_transport": "platform",
        "shelter": "no",
        "tactile_paving": "no",
        "wheelchair": "no"
      },
      "geometry": {
        "type": "Point",
        "coordinates": [
          8.4780978,
          49.020705
        ]
      },
      "id": "node/4014639399"
    },
    {
      "type": "Feature",
      "properties": {
        "@id": "node/4014639400",
        "bench": "no",
        "bin": "yes",
        "bus": "yes",
        "covered": "no",
        "highway": "bus_stop",
        "lit": "yes",
        "name": "Auf der Breit",
        "network": "Karlsruher Verkehrsverbund",
        "network:guid": "DE-BW-KVV",
        "network:short": "KVV",
        "network:wikidata": "Q1733986",
        "operator": "Verkehrsbetriebe Karlsruhe GmbH",
        "passenger_information_display": "no",
        "public_transport": "platform",
        "shelter": "no",
        "tactile_paving": "no",
        "wheelchair": "no"
      },
      "geometry": {
        "type": "Point",
        "coordinates": [
          8.4779995,
          49.0208232
        ]
      },
      "id": "node/4014639400"
    },
    {
      "type": "Feature",
      "properties": {
        "@id": "node/4014639402",
        "bench": "no",
        "bin": "yes",
        "bus": "yes",
        "highway": "bus_stop",
        "lit": "no",
        "local_ref": "A",
        "name": "Elfmorgenbruch",
        "network": "Karlsruher Verkehrsverbund",
        "network:guid": "DE-BW-KVV",
        "network:short": "KVV",
        "network:wikidata": "Q1733986",
        "network:wikipedia": "de:Karlsruher Verkehrsverbund",
        "operator": "Verkehrsbetriebe Karlsruhe GmbH",
        "public_transport": "platform",
        "shelter": "no",
        "tactile_paving": "no"
      },
      "geometry": {
        "type": "Point",
        "coordinates": [
          8.4605921,
          49.0198148
        ]
      },
      "id": "node/4014639402"
    },
    {
      "type": "Feature",
      "properties": {
        "@id": "node/4014639403",
        "bench": "yes",
        "bin": "yes",
        "bus": "yes",
        "highway": "bus_stop",
        "lit": "no",
        "local_ref": "B",
        "name": "Elfmorgenbruch",
        "network": "Karlsruher Verkehrsverbund",
        "network:guid": "DE-BW-KVV",
        "network:short": "KVV",
        "network:wikidata": "Q1733986",
        "network:wikipedia": "de:Karlsruher Verkehrsverbund",
        "operator": "Verkehrsbetriebe Karlsruhe GmbH",
        "public_transport": "platform",
        "shelter": "no",
        "tactile_paving": "no"
      },
      "geometry": {
        "type": "Point",
        "coordinates": [
          8.4602518,
          49.0198269
        ]
      },
      "id": "node/4014639403"
    },
    {
      "type": "Feature",
      "properties": {
        "@id": "node/4014639405",
        "bench": "no",
        "bin": "yes",
        "bus": "yes",
        "covered": "no",
        "highway": "bus_stop",
        "lit": "yes",
        "name": "Hagsfeld Bahnhof",
        "network": "Karlsruher Verkehrsverbund",
        "network:guid": "DE-BW-KVV",
        "network:short": "KVV",
        "network:wikidata": "Q1733986",
        "network:wikipedia": "de:Karlsruher Verkehrsverbund",
        "operator": "Verkehrsbetriebe Karlsruhe GmbH",
        "passenger_information_display": "no",
        "public_transport": "platform",
        "ref:IFOPT": "de:08212:3102:12:12",
        "ref:IFOPT:description": "Bus >WSZ(31)",
        "route_ref": "31;NL4",
        "shelter": "no",
        "tactile_paving": "no",
        "wheelchair": "no"
      },
      "geometry": {
        "type": "Point",
        "coordinates": [
          8.4543508,
          49.0269594
        ]
      },
      "id": "node/4014639405"
    },
    {
      "type": "Feature",
      "properties": {
        "@id": "node/4014639407",
        "bench": "no",
        "bin": "no",
        "bus": "yes",
        "covered": "no",
        "highway": "bus_stop",
        "lit": "no",
        "name": "Hagsfeld Nord",
        "network": "Karlsruher Verkehrsverbund",
        "operator": "Verkehrsbetriebe Karlsruhe GmbH",
        "public_transport": "platform",
        "shelter": "no",
        "tactile_paving": "no",
        "wheelchair": "no"
      },
      "geometry": {
        "type": "Point",
        "coordinates": [
          8.4601253,
          49.0346193
        ]
      },
      "id": "node/4014639407"
    },
    {
      "type": "Feature",
      "properties": {
        "@id": "node/4014639408",
        "bench": "no",
        "bin": "yes",
        "bus": "yes",
        "covered": "no",
        "highway": "bus_stop",
        "lit": "no",
        "name": "Hagsfeld Nord",
        "network": "Karlsruher Verkehrsverbund",
        "operator": "Verkehrsbetriebe Karlsruhe GmbH",
        "public_transport": "platform",
        "shelter": "no",
        "tactile_paving": "no",
        "wheelchair": "no"
      },
      "geometry": {
        "type": "Point",
        "coordinates": [
          8.4601798,
          49.0341861
        ]
      },
      "id": "node/4014639408"
    },
    {
      "type": "Feature",
      "properties": {
        "@id": "node/4014639413",
        "bench": "no",
        "bin": "no",
        "bus": "yes",
        "covered": "no",
        "highway": "bus_stop",
        "lit": "no",
        "local_ref": "A",
        "name": "Julius-Bender-Straße",
        "network": "Karlsruher Verkehrsverbund",
        "network:guid": "DE-BW-KVV",
        "network:short": "KVV",
        "network:wikidata": "Q1733986",
        "network:wikipedia": "de:Karlsruher Verkehrsverbund",
        "operator": "Verkehrsbetriebe Karlsruhe GmbH",
        "passenger_information_display": "no",
        "public_transport": "platform",
        "shelter": "no",
        "tactile_paving": "no",
        "wheelchair": "no"
      },
      "geometry": {
        "type": "Point",
        "coordinates": [
          8.4567716,
          49.0291291
        ]
      },
      "id": "node/4014639413"
    },
    {
      "type": "Feature",
      "properties": {
        "@id": "node/4014639414",
        "bench": "no",
        "bin": "no",
        "bus": "yes",
        "covered": "no",
        "highway": "bus_stop",
        "lit": "no",
        "local_ref": "B",
        "name": "Julius-Bender-Straße",
        "network": "Karlsruher Verkehrsverbund",
        "network:guid": "DE-BW-KVV",
        "network:short": "KVV",
        "network:wikidata": "Q1733986",
        "network:wikipedia": "de:Karlsruher Verkehrsverbund",
        "operator": "Verkehrsbetriebe Karlsruhe GmbH",
        "passenger_information_display": "no",
        "public_transport": "platform",
        "shelter": "no",
        "tactile_paving": "no",
        "wheelchair": "no"
      },
      "geometry": {
        "type": "Point",
        "coordinates": [
          8.4571278,
          49.0292669
        ]
      },
      "id": "node/4014639414"
    },
    {
      "type": "Feature",
      "properties": {
        "@id": "node/4014639416",
        "bench": "no",
        "bin": "no",
        "bus": "yes",
        "highway": "bus_stop",
        "lit": "yes",
        "name": "Ochsentorstraße",
        "network": "Karlsruher Verkehrsverbund",
        "network:guid": "DE-BW-KVV",
        "network:short": "KVV",
        "network:wikidata": "Q1733986",
        "operator": "Verkehrsbetriebe Karlsruhe GmbH",
        "public_transport": "platform",
        "ref:IFOPT": "de:08212:3114:0:2",
        "shelter": "no",
        "source": "extrapolation",
        "tactile_paving": "yes"
      },
      "geometry": {
        "type": "Point",
        "coordinates": [
          8.4736908,
          49.0012513
        ]
      },
      "id": "node/4014639416"
    },
    {
      "type": "Feature",
      "properties": {
        "@id": "node/4014639417",
        "bench": "no",
        "bin": "no",
        "bus": "yes",
        "highway": "bus_stop",
        "lit": "no",
        "name": "Ochsentorstraße",
        "network": "Karlsruher Verkehrsverbund",
        "network:guid": "DE-BW-KVV",
        "network:short": "KVV",
        "network:wikidata": "Q1733986",
        "operator": "Verkehrsbetriebe Karlsruhe GmbH",
        "public_transport": "platform",
        "ref:IFOPT": "de:08212:3114:0:1",
        "shelter": "no",
        "source": "extrapolation",
        "tactile_paving": "yes",
        "wheelchair": "yes"
      },
      "geometry": {
        "type": "Point",
        "coordinates": [
          8.4733733,
          49.0013152
        ]
      },
      "id": "node/4014639417"
    },
    {
      "type": "Feature",
      "properties": {
        "@id": "node/4014639418",
        "bench": "yes",
        "bin": "yes",
        "bus": "yes",
        "highway": "bus_stop",
        "lit": "yes",
        "name": "Pfizer",
        "network": "Karlsruher Verkehrsverbund",
        "network:guid": "DE-BW-KVV",
        "network:short": "KVV",
        "network:wikidata": "Q1733986",
        "network:wikipedia": "de:Karlsruher Verkehrsverbund",
        "operator": "Verkehrsbetriebe Karlsruhe GmbH",
        "public_transport": "platform",
        "shelter": "yes",
        "tactile_paving": "no"
      },
      "geometry": {
        "type": "Point",
        "coordinates": [
          8.4533243,
          49.0235563
        ]
      },
      "id": "node/4014639418"
    },
    {
      "type": "Feature",
      "properties": {
        "@id": "node/4014639420",
        "bench": "yes",
        "bin": "yes",
        "bus": "yes",
        "covered": "no",
        "highway": "bus_stop",
        "lit": "yes",
        "name": "Pfizer",
        "network": "Karlsruher Verkehrsverbund",
        "network:guid": "DE-BW-KVV",
        "network:short": "KVV",
        "network:wikidata": "Q1733986",
        "network:wikipedia": "de:Karlsruher Verkehrsverbund",
        "operator": "Verkehrsbetriebe Karlsruhe GmbH",
        "public_transport": "platform",
        "shelter": "yes",
        "tactile_paving": "no",
        "wheelchair": "no"
      },
      "geometry": {
        "type": "Point",
        "coordinates": [
          8.4533195,
          49.0240601
        ]
      },
      "id": "node/4014639420"
    },
    {
      "type": "Feature",
      "properties": {
        "@id": "node/4014639421",
        "bench": "yes",
        "bin": "yes",
        "highway": "bus_stop",
        "lit": "no",
        "name": "Schwetzinger Straße",
        "network": "Karlsruher Verkehrsverbund",
        "operator": "Verkehrsbetriebe Karlsruhe GmbH",
        "shelter": "no",
        "tactile_paving": "yes",
        "wheelchair": "yes"
      },
      "geometry": {
        "type": "Point",
        "coordinates": [
          8.4588511,
          49.0310766
        ]
      },
      "id": "node/4014639421"
    },
    {
      "type": "Feature",
      "properties": {
        "@id": "node/4014639423",
        "bench": "yes",
        "bin": "yes",
        "bus": "yes",
        "highway": "bus_stop",
        "lit": "no",
        "local_ref": "A",
        "name": "Storrenacker Mitte",
        "network": "Karlsruher Verkehrsverbund",
        "network:guid": "DE-BW-KVV",
        "network:short": "KVV",
        "network:wikidata": "Q1733986",
        "network:wikipedia": "de:Karlsruher Verkehrsverbund",
        "operator": "Verkehrsbetriebe Karlsruhe GmbH",
        "public_transport": "platform",
        "shelter": "yes",
        "surface": "paving_stones",
        "tactile_paving": "yes",
        "wheelchair": "yes"
      },
      "geometry": {
        "type": "Point",
        "coordinates": [
          8.4679335,
          49.0208528
        ]
      },
      "id": "node/4014639423"
    },
    {
      "type": "Feature",
      "properties": {
        "@id": "node/4014639424",
        "bench": "yes",
        "bin": "yes",
        "bus": "yes",
        "highway": "bus_stop",
        "lit": "no",
        "local_ref": "B",
        "name": "Storrenacker Mitte",
        "network": "Karlsruher Verkehrsverbund",
        "network:guid": "DE-BW-KVV",
        "network:short": "KVV",
        "network:wikidata": "Q1733986",
        "network:wikipedia": "de:Karlsruher Verkehrsverbund",
        "operator": "Verkehrsbetriebe Karlsruhe GmbH",
        "public_transport": "platform",
        "shelter": "yes",
        "surface": "paving_stones",
        "tactile_paving": "yes",
        "wheelchair": "yes"
      },
      "geometry": {
        "type": "Point",
        "coordinates": [
          8.4682571,
          49.0211379
        ]
      },
      "id": "node/4014639424"
    },
    {
      "type": "Feature",
      "properties": {
        "@id": "node/4014639426",
        "bench": "yes",
        "bin": "yes",
        "bus": "yes",
        "highway": "bus_stop",
        "lit": "no",
        "name": "Storrenacker Nord",
        "network": "Karlsruher Verkehrsverbund",
        "network:guid": "DE-BW-KVV",
        "network:short": "KVV",
        "network:wikidata": "Q1733986",
        "network:wikipedia": "de:Karlsruher Verkehrsverbund",
        "operator": "Verkehrsbetriebe Karlsruhe GmbH",
        "public_transport": "platform",
        "shelter": "yes",
        "surface": "paving_stones",
        "tactile_paving": "no",
        "wheelchair": "yes"
      },
      "geometry": {
        "type": "Point",
        "coordinates": [
          8.4706576,
          49.0252232
        ]
      },
      "id": "node/4014639426"
    },
    {
      "type": "Feature",
      "properties": {
        "@id": "node/4014639427",
        "bench": "yes",
        "bin": "yes",
        "bus": "yes",
        "highway": "bus_stop",
        "lit": "yes",
        "name": "Storrenacker Nord",
        "network": "Karlsruher Verkehrsverbund",
        "network:guid": "DE-BW-KVV",
        "network:short": "KVV",
        "network:wikidata": "Q1733986",
        "network:wikipedia": "de:Karlsruher Verkehrsverbund",
        "operator": "Verkehrsbetriebe Karlsruhe GmbH",
        "public_transport": "platform",
        "shelter": "yes",
        "surface": "paving_stones",
        "tactile_paving": "no",
        "wheelchair": "yes"
      },
      "geometry": {
        "type": "Point",
        "coordinates": [
          8.4704576,
          49.0253379
        ]
      },
      "id": "node/4014639427"
    },
    {
      "type": "Feature",
      "properties": {
        "@id": "node/4014639428",
        "bench": "no",
        "bin": "no",
        "bus": "yes",
        "highway": "bus_stop",
        "lit": "no",
        "local_ref": "B",
        "name": "Storrenacker Süd",
        "network": "Karlsruher Verkehrsverbund",
        "network:guid": "DE-BW-KVV",
        "network:short": "KVV",
        "network:wikidata": "Q1733986",
        "network:wikipedia": "de:Karlsruher Verkehrsverbund",
        "operator": "Verkehrsbetriebe Karlsruhe GmbH",
        "public_transport": "platform",
        "shelter": "no",
        "tactile_paving": "no"
      },
      "geometry": {
        "type": "Point",
        "coordinates": [
          8.4670148,
          49.0188877
        ]
      },
      "id": "node/4014639428"
    },
    {
      "type": "Feature",
      "properties": {
        "@id": "node/4014639429",
        "bench": "no",
        "bin": "no",
        "bus": "yes",
        "highway": "bus_stop",
        "lit": "no",
        "local_ref": "A",
        "name": "Storrenacker Süd",
        "network": "Karlsruher Verkehrsverbund",
        "network:guid": "DE-BW-KVV",
        "network:short": "KVV",
        "network:wikidata": "Q1733986",
        "network:wikipedia": "de:Karlsruher Verkehrsverbund",
        "operator": "Verkehrsbetriebe Karlsruhe GmbH",
        "public_transport": "platform",
        "shelter": "no",
        "tactile_paving": "no"
      },
      "geometry": {
        "type": "Point",
        "coordinates": [
          8.4669029,
          49.0189134
        ]
      },
      "id": "node/4014639429"
    },
    {
      "type": "Feature",
      "properties": {
        "@id": "node/4014739641",
        "bench": "yes",
        "bin": "yes",
        "highway": "bus_stop",
        "lit": "yes",
        "local_ref": "B",
        "name": "Brückenstraße",
        "network": "Karlsruher Verkehrsverbund",
        "network:guid": "DE-BW-KVV",
        "network:short": "KVV",
        "network:wikidata": "Q1733986",
        "network:wikipedia": "de:Karlsruher Verkehrsverbund",
        "operator": "Verkehrsbetriebe Karlsruhe GmbH",
        "passenger_information_display": "no",
        "shelter": "yes",
        "tactile_paving": "yes",
        "wheelchair": "yes",
        "wheelchair:description": "Erhöhter Bordstein, die meisten Busse haben eine Rampe oder können geneigt werden."
      },
      "geometry": {
        "type": "Point",
        "coordinates": [
          8.4634817,
          49.0265955
        ]
      },
      "id": "node/4014739641"
    },
    {
      "type": "Feature",
      "properties": {
        "@id": "node/4014739642",
        "highway": "bus_stop",
        "name": "Brückenstraße",
        "network": "Karlsruher Verkehrsverbund",
        "network:guid": "DE-BW-KVV",
        "network:short": "KVV",
        "network:wikidata": "Q1733986",
        "network:wikipedia": "de:Karlsruher Verkehrsverbund",
        "operator": "Verkehrsbetriebe Karlsruhe GmbH",
        "tactile_paving": "yes",
        "wheelchair": "yes",
        "wheelchair:description": "Erhöhter Bordstein, die meisten Busse haben eine Rampe oder können geneigt werden."
      },
      "geometry": {
        "type": "Point",
        "coordinates": [
          8.4639969,
          49.0269855
        ]
      },
      "id": "node/4014739642"
    },
    {
      "type": "Feature",
      "properties": {
        "@id": "node/4014739645",
        "bench": "no",
        "bin": "no",
        "bus": "yes",
        "highway": "bus_stop",
        "lit": "yes",
        "name": "Greschbachstraße",
        "network": "Karlsruher Verkehrsverbund",
        "network:guid": "DE-BW-KVV",
        "network:short": "KVV",
        "network:wikidata": "Q1733986",
        "network:wikipedia": "de:Karlsruher Verkehrsverbund",
        "operator": "Verkehrsbetriebe Karlsruhe GmbH",
        "public_transport": "platform",
        "shelter": "no",
        "tactile_paving": "no"
      },
      "geometry": {
        "type": "Point",
        "coordinates": [
          8.4730782,
          49.0296806
        ]
      },
      "id": "node/4014739645"
    },
    {
      "type": "Feature",
      "properties": {
        "@id": "node/4014739646",
        "bench": "no",
        "bin": "no",
        "bus": "yes",
        "highway": "bus_stop",
        "lit": "yes",
        "name": "Greschbachstraße",
        "network": "Karlsruher Verkehrsverbund",
        "network:guid": "DE-BW-KVV",
        "network:short": "KVV",
        "network:wikidata": "Q1733986",
        "network:wikipedia": "de:Karlsruher Verkehrsverbund",
        "operator": "Verkehrsbetriebe Karlsruhe GmbH",
        "public_transport": "platform",
        "shelter": "no",
        "tactile_paving": "no"
      },
      "geometry": {
        "type": "Point",
        "coordinates": [
          8.473138,
          49.0297685
        ]
      },
      "id": "node/4014739646"
    },
    {
      "type": "Feature",
      "properties": {
        "@id": "node/4014739647",
        "bench": "no",
        "bin": "yes",
        "bus": "yes",
        "highway": "bus_stop",
        "lit": "yes",
        "local_ref": "A",
        "name": "Neue Wiesen",
        "network": "Karlsruher Verkehrsverbund",
        "network:guid": "DE-BW-KVV",
        "network:short": "KVV",
        "network:wikidata": "Q1733986",
        "operator": "Verkehrsbetriebe Karlsruhe GmbH",
        "public_transport": "platform",
        "shelter": "no",
        "tactile_paving": "no",
        "wheelchair": "no"
      },
      "geometry": {
        "type": "Point",
        "coordinates": [
          8.4609934,
          49.0204596
        ]
      },
      "id": "node/4014739647"
    },
    {
      "type": "Feature",
      "properties": {
        "@id": "node/4014739648",
        "bench": "no",
        "bin": "yes",
        "bus": "yes",
        "highway": "bus_stop",
        "lit": "yes",
        "local_ref": "B",
        "name": "Neue Wiesen",
        "network": "Karlsruher Verkehrsverbund",
        "network:guid": "DE-BW-KVV",
        "network:short": "KVV",
        "network:wikidata": "Q1733986",
        "operator": "Verkehrsbetriebe Karlsruhe GmbH",
        "public_transport": "platform",
        "shelter": "no",
        "tactile_paving": "no",
        "wheelchair": "no"
      },
      "geometry": {
        "type": "Point",
        "coordinates": [
          8.4608688,
          49.0205244
        ]
      },
      "id": "node/4014739648"
    },
    {
      "type": "Feature",
      "properties": {
        "@id": "node/4014739649",
        "bench": "yes",
        "bin": "yes",
        "bus": "yes",
        "highway": "bus_stop",
        "lit": "yes",
        "local_ref": "B",
        "name": "Oberdorfstraße",
        "network": "Karlsruher Verkehrsverbund",
        "network:guid": "DE-BW-KVV",
        "network:short": "KVV",
        "network:wikidata": "Q1733986",
        "operator": "Verkehrsbetriebe Karlsruhe GmbH",
        "shelter": "yes",
        "tactile_paving": "no",
        "wheelchair": "no"
      },
      "geometry": {
        "type": "Point",
        "coordinates": [
          8.4559142,
          49.0282438
        ]
      },
      "id": "node/4014739649"
    },
    {
      "type": "Feature",
      "properties": {
        "@id": "node/4014739650",
        "bench": "yes",
        "bin": "yes",
        "bus": "yes",
        "highway": "bus_stop",
        "lit": "yes",
        "local_ref": "A",
        "name": "Oberdorfstraße",
        "network": "Karlsruher Verkehrsverbund",
        "network:guid": "DE-BW-KVV",
        "network:short": "KVV",
        "network:wikidata": "Q1733986",
        "operator": "Verkehrsbetriebe Karlsruhe GmbH",
        "shelter": "yes",
        "tactile_paving": "no",
        "wheelchair": "no"
      },
      "geometry": {
        "type": "Point",
        "coordinates": [
          8.4558367,
          49.0282768
        ]
      },
      "id": "node/4014739650"
    },
    {
      "type": "Feature",
      "properties": {
        "@id": "node/4014739651",
        "bench": "no",
        "bin": "no",
        "bus": "yes",
        "highway": "bus_stop",
        "lit": "yes",
        "name": "Ohmstraße",
        "network": "Karlsruher Verkehrsverbund",
        "network:guid": "DE-BW-KVV",
        "network:short": "KVV",
        "network:wikidata": "Q1733986",
        "network:wikipedia": "de:Karlsruher Verkehrsverbund",
        "operator": "Verkehrsbetriebe Karlsruhe GmbH",
        "public_transport": "platform",
        "shelter": "no",
        "tactile_paving": "no"
      },
      "geometry": {
        "type": "Point",
        "coordinates": [
          8.4722978,
          49.027086
        ]
      },
      "id": "node/4014739651"
    },
    {
      "type": "Feature",
      "properties": {
        "@id": "node/4014739652",
        "bench": "no",
        "bin": "no",
        "bus": "yes",
        "highway": "bus_stop",
        "lit": "yes",
        "name": "Ohmstraße",
        "network": "Karlsruher Verkehrsverbund",
        "network:guid": "DE-BW-KVV",
        "network:short": "KVV",
        "network:wikidata": "Q1733986",
        "network:wikipedia": "de:Karlsruher Verkehrsverbund",
        "operator": "Verkehrsbetriebe Karlsruhe GmbH",
        "public_transport": "platform",
        "shelter": "no",
        "tactile_paving": "no"
      },
      "geometry": {
        "type": "Point",
        "coordinates": [
          8.472941,
          49.0272951
        ]
      },
      "id": "node/4014739652"
    },
    {
      "type": "Feature",
      "properties": {
        "@id": "node/4014739653",
        "bench": "no",
        "bin": "no",
        "bus": "yes",
        "highway": "bus_stop",
        "lit": "yes",
        "name": "Pfinzhof",
        "network": "Karlsruher Verkehrsverbund",
        "network:guid": "DE-BW-KVV",
        "network:short": "KVV",
        "network:wikidata": "Q1733986",
        "network:wikipedia": "de:Karlsruher Verkehrsverbund",
        "operator": "Verkehrsbetriebe Karlsruhe GmbH",
        "public_transport": "platform",
        "shelter": "no",
        "tactile_paving": "no"
      },
      "geometry": {
        "type": "Point",
        "coordinates": [
          8.4717106,
          49.0323093
        ]
      },
      "id": "node/4014739653"
    },
    {
      "type": "Feature",
      "properties": {
        "@id": "node/4014739654",
        "bench": "no",
        "bin": "no",
        "bus": "yes",
        "check_date:tactile_paving": "2023-11-07",
        "highway": "bus_stop",
        "lit": "yes",
        "name": "Pfinzhof",
        "network": "Karlsruher Verkehrsverbund",
        "network:guid": "DE-BW-KVV",
        "network:short": "KVV",
        "network:wikidata": "Q1733986",
        "network:wikipedia": "de:Karlsruher Verkehrsverbund",
        "operator": "Verkehrsbetriebe Karlsruhe GmbH",
        "public_transport": "platform",
        "shelter": "no",
        "tactile_paving": "no"
      },
      "geometry": {
        "type": "Point",
        "coordinates": [
          8.4715904,
          49.0323259
        ]
      },
      "id": "node/4014739654"
    },
    {
      "type": "Feature",
      "properties": {
        "@id": "node/4014739655",
        "bench": "no",
        "bin": "no",
        "bus": "yes",
        "highway": "bus_stop",
        "lit": "yes",
        "name": "Printzstraße",
        "network": "Karlsruher Verkehrsverbund",
        "operator": "Verkehrsbetriebe Karlsruhe GmbH",
        "public_transport": "platform",
        "shelter": "no",
        "tactile_paving": "no",
        "wheelchair": "no"
      },
      "geometry": {
        "type": "Point",
        "coordinates": [
          8.4630448,
          49.0236548
        ]
      },
      "id": "node/4014739655"
    },
    {
      "type": "Feature",
      "properties": {
        "@id": "node/4014739657",
        "bench": "no",
        "bin": "no",
        "bus": "yes",
        "highway": "bus_stop",
        "lit": "yes",
        "name": "Printzstraße",
        "network": "Karlsruher Verkehrsverbund",
        "operator": "Verkehrsbetriebe Karlsruhe GmbH",
        "public_transport": "platform",
        "shelter": "no",
        "tactile_paving": "no",
        "wheelchair": "no"
      },
      "geometry": {
        "type": "Point",
        "coordinates": [
          8.4630416,
          49.0237661
        ]
      },
      "id": "node/4014739657"
    },
    {
      "type": "Feature",
      "properties": {
        "@id": "node/4014739659",
        "bench": "no",
        "bin": "no",
        "highway": "bus_stop",
        "lit": "no",
        "local_ref": "C",
        "name": "Printzstraße",
        "network": "Karlsruher Verkehrsverbund",
        "network:guid": "DE-BW-KVV",
        "network:short": "KVV",
        "network:wikidata": "Q1733986",
        "note": "nur für Busse Richtung Neue Wiesen",
        "operator": "Verkehrsbetriebe Karlsruhe GmbH",
        "shelter": "no",
        "tactile_paving": "no"
      },
      "geometry": {
        "type": "Point",
        "coordinates": [
          8.4614191,
          49.0244815
        ]
      },
      "id": "node/4014739659"
    },
    {
      "type": "Feature",
      "properties": {
        "@id": "node/4014739660",
        "bench": "no",
        "bin": "yes",
        "bus": "yes",
        "highway": "bus_stop",
        "lit": "yes",
        "local_ref": "A",
        "name": "Rossweid",
        "network": "Karlsruher Verkehrsverbund",
        "network:guid": "DE-BW-KVV",
        "network:short": "KVV",
        "network:wikidata": "Q1733986",
        "network:wikipedia": "de:Karlsruher Verkehrsverbund",
        "operator": "Verkehrsbetriebe Karlsruhe GmbH",
        "public_transport": "platform",
        "shelter": "no",
        "tactile_paving": "no"
      },
      "geometry": {
        "type": "Point",
        "coordinates": [
          8.4721195,
          49.0353082
        ]
      },
      "id": "node/4014739660"
    },
    {
      "type": "Feature",
      "properties": {
        "@id": "node/4014739661",
        "bench": "no",
        "bin": "no",
        "bus": "yes",
        "covered": "no",
        "highway": "bus_stop",
        "lit": "yes",
        "name": "Weidbruch",
        "network": "Karlsruher Verkehrsverbund",
        "network:guid": "DE-BW-KVV",
        "network:short": "KVV",
        "network:wikidata": "Q1733986",
        "network:wikipedia": "de:Karlsruher Verkehrsverbund",
        "operator": "Verkehrsbetriebe Karlsruhe GmbH",
        "public_transport": "platform",
        "shelter": "no",
        "tactile_paving": "no",
        "wheelchair": "no"
      },
      "geometry": {
        "type": "Point",
        "coordinates": [
          8.4738927,
          49.0340354
        ]
      },
      "id": "node/4014739661"
    },
    {
      "type": "Feature",
      "properties": {
        "@id": "node/4014739662",
        "bench": "no",
        "bin": "yes",
        "bus": "yes",
        "covered": "no",
        "highway": "bus_stop",
        "lit": "yes",
        "name": "Weidbruch",
        "network": "Karlsruher Verkehrsverbund",
        "network:guid": "DE-BW-KVV",
        "network:short": "KVV",
        "network:wikidata": "Q1733986",
        "network:wikipedia": "de:Karlsruher Verkehrsverbund",
        "operator": "Verkehrsbetriebe Karlsruhe GmbH",
        "public_transport": "platform",
        "shelter": "no",
        "tactile_paving": "no",
        "wheelchair": "no"
      },
      "geometry": {
        "type": "Point",
        "coordinates": [
          8.4737128,
          49.0338602
        ]
      },
      "id": "node/4014739662"
    },
    {
      "type": "Feature",
      "properties": {
        "@id": "node/4016099629",
        "bench": "yes",
        "bin": "yes",
        "covered": "yes",
        "highway": "bus_stop",
        "lit": "no",
        "name": "Ottostraße",
        "network": "Karlsruher Verkehrsverbund",
        "shelter": "yes",
        "tactile_paving": "no"
      },
      "geometry": {
        "type": "Point",
        "coordinates": [
          8.4501192,
          48.9956169
        ]
      },
      "id": "node/4016099629"
    },
    {
      "type": "Feature",
      "properties": {
        "@id": "node/4016099630",
        "bench": "yes",
        "bin": "yes",
        "covered": "yes",
        "highway": "bus_stop",
        "lit": "yes",
        "name": "Ottostraße",
        "network": "Karlsruher Verkehrsverbund",
        "shelter": "yes",
        "tactile_paving": "no"
      },
      "geometry": {
        "type": "Point",
        "coordinates": [
          8.4503562,
          48.9956789
        ]
      },
      "id": "node/4016099630"
    },
    {
      "type": "Feature",
      "properties": {
        "@id": "node/4016643237",
        "bus": "yes",
        "highway": "bus_stop",
        "name": "Badeniaplatz",
        "network": "Karlsruher Verkehrsverbund",
        "network:guid": "DE-BW-KVV",
        "network:short": "KVV",
        "network:wikidata": "Q1733986",
        "network:wikipedia": "de:Karlsruher Verkehrsverbund",
        "operator": "Verkehrsbetriebe Karlsruhe GmbH",
        "public_transport": "stop_position"
      },
      "geometry": {
        "type": "Point",
        "coordinates": [
          8.3682212,
          48.9823498
        ]
      },
      "id": "node/4016643237"
    },
    {
      "type": "Feature",
      "properties": {
        "@id": "node/4016643242",
        "bench": "yes",
        "bin": "yes",
        "bus": "yes",
        "highway": "bus_stop",
        "lit": "yes",
        "name": "Oberreut Zentrum",
        "public_transport": "platform",
        "shelter": "yes",
        "tactile_paving": "yes"
      },
      "geometry": {
        "type": "Point",
        "coordinates": [
          8.3623728,
          48.9855681
        ]
      },
      "id": "node/4016643242"
    },
    {
      "type": "Feature",
      "properties": {
        "@id": "node/4016643244",
        "bench": "yes",
        "bin": "yes",
        "bus": "yes",
        "highway": "bus_stop",
        "lit": "yes",
        "name": "Wilhelm-Leuschner-Straße",
        "network": "Karlsruher Verkehrsverbund",
        "network:guid": "DE-BW-KVV",
        "network:short": "KVV",
        "network:wikidata": "Q1733986",
        "network:wikipedia": "de:Karlsruher Verkehrsverbund",
        "operator": "Verkehrsbetriebe Karlsruhe GmbH",
        "public_transport": "platform",
        "shelter": "no",
        "tactile_paving": "yes",
        "wheelchair": "no"
      },
      "geometry": {
        "type": "Point",
        "coordinates": [
          8.3652168,
          48.9834055
        ]
      },
      "id": "node/4016643244"
    },
    {
      "type": "Feature",
      "properties": {
        "@id": "node/4017143281",
        "bench": "no",
        "bin": "yes",
        "bus": "yes",
        "highway": "bus_stop",
        "lit": "no",
        "name": "Benzstraße",
        "network": "Karlsruher Verkehrsverbund",
        "operator": "Verkehrsbetriebe Karlsruhe GmbH",
        "public_transport": "platform",
        "shelter": "no",
        "tactile_paving": "no"
      },
      "geometry": {
        "type": "Point",
        "coordinates": [
          8.3660777,
          49.0006227
        ]
      },
      "id": "node/4017143281"
    },
    {
      "type": "Feature",
      "properties": {
        "@id": "node/4017143288",
        "bus": "yes",
        "highway": "bus_stop",
        "name": "Entenfang",
        "network": "Karlsruher Verkehrsverbund",
        "network:guid": "DE-BW-KVV",
        "network:short": "KVV",
        "network:wikidata": "Q1733986",
        "note": "Linien 60 und 62",
        "operator": "Verkehrsbetriebe Karlsruhe GmbH",
        "public_transport": "stop_position",
        "wheelchair": "yes",
        "wikidata": "Q124608493"
      },
      "geometry": {
        "type": "Point",
        "coordinates": [
          8.3599388,
          49.0109213
        ]
      },
      "id": "node/4017143288"
    },
    {
      "type": "Feature",
      "properties": {
        "@id": "node/4017146589",
        "bench": "no",
        "bin": "yes",
        "highway": "bus_stop",
        "lit": "yes",
        "name": "Kolpingplatz",
        "shelter": "yes",
        "tactile_paving": "yes"
      },
      "geometry": {
        "type": "Point",
        "coordinates": [
          8.3938624,
          48.9979203
        ]
      },
      "id": "node/4017146589"
    },
    {
      "type": "Feature",
      "properties": {
        "@id": "node/4017146590",
        "bench": "no",
        "bin": "yes",
        "highway": "bus_stop",
        "lit": "yes",
        "name": "Kolpingplatz",
        "shelter": "no",
        "tactile_paving": "yes"
      },
      "geometry": {
        "type": "Point",
        "coordinates": [
          8.3937402,
          48.9979273
        ]
      },
      "id": "node/4017146590"
    },
    {
      "type": "Feature",
      "properties": {
        "@id": "node/4017983421",
        "bench": "no",
        "bin": "no",
        "bus": "yes",
        "highway": "bus_stop",
        "lit": "no",
        "name": "Am Bachkanal",
        "network": "Karlsruher Verkehrsverbund",
        "operator": "Verkehrsbetriebe Karlsruhe GmbH",
        "public_transport": "platform",
        "tactile_paving": "no"
      },
      "geometry": {
        "type": "Point",
        "coordinates": [
          8.3733508,
          49.0637223
        ]
      },
      "id": "node/4017983421"
    },
    {
      "type": "Feature",
      "properties": {
        "@id": "node/4017983426",
        "bench": "no",
        "bin": "yes",
        "bus": "yes",
        "highway": "bus_stop",
        "lit": "yes",
        "name": "Bachenweg",
        "network": "Karlsruher Verkehrsverbund",
        "network:guid": "DE-BW-KVV",
        "network:short": "KVV",
        "network:wikidata": "Q1733986",
        "operator": "Verkehrsbetriebe Karlsruhe GmbH",
        "public_transport": "platform",
        "shelter": "no",
        "tactile_paving": "no"
      },
      "geometry": {
        "type": "Point",
        "coordinates": [
          8.3750639,
          49.0502969
        ]
      },
      "id": "node/4017983426"
    },
    {
      "type": "Feature",
      "properties": {
        "@id": "node/4017983427",
        "bench": "no",
        "bin": "yes",
        "bus": "yes",
        "highway": "bus_stop",
        "lit": "yes",
        "name": "Bärenweg",
        "network": "Karlsruher Verkehrsverbund",
        "network:guid": "DE-BW-KVV",
        "network:short": "KVV",
        "network:wikidata": "Q1733986",
        "operator": "Verkehrsbetriebe Karlsruhe GmbH",
        "public_transport": "platform",
        "shelter": "no",
        "tactile_paving": "yes"
      },
      "geometry": {
        "type": "Point",
        "coordinates": [
          8.3791581,
          49.0471813
        ]
      },
      "id": "node/4017983427"
    },
    {
      "type": "Feature",
      "properties": {
        "@id": "node/4017983429",
        "bench": "no",
        "bin": "no",
        "bus": "yes",
        "highway": "bus_stop",
        "name": "Dammweg",
        "network": "Karlsruher Verkehrsverbund",
        "operator": "Verkehrsbetriebe Karlsruhe GmbH",
        "public_transport": "platform",
        "shelter": "no",
        "tactile_paving": "yes",
        "wheelchair": "yes"
      },
      "geometry": {
        "type": "Point",
        "coordinates": [
          8.3700645,
          49.0641746
        ]
      },
      "id": "node/4017983429"
    },
    {
      "type": "Feature",
      "properties": {
        "@id": "node/4017983430",
        "bench": "no",
        "bin": "yes",
        "bus": "yes",
        "highway": "bus_stop",
        "lit": "yes",
        "name": "Duale Hochschule",
        "network": "Karlsruher Verkehrsverbund",
        "network:guid": "DE-BW-KVV",
        "network:short": "KVV",
        "network:wikidata": "Q1733986",
        "operator": "Verkehrsbetriebe Karlsruhe GmbH",
        "public_transport": "platform",
        "shelter": "no",
        "tactile_paving": "no",
        "wheelchair": "yes"
      },
      "geometry": {
        "type": "Point",
        "coordinates": [
          8.3864394,
          49.0269487
        ]
      },
      "id": "node/4017983430"
    },
    {
      "type": "Feature",
      "properties": {
        "@id": "node/4017983432",
        "bench": "no",
        "bin": "yes",
        "bus": "yes",
        "fixme": "position estimated",
        "highway": "bus_stop",
        "lit": "yes",
        "name": "Grünewaldstraße",
        "network": "Karlsruher Verkehrsverbund",
        "operator": "Verkehrsbetriebe Karlsruhe GmbH",
        "public_transport": "platform",
        "shelter": "no",
        "tactile_paving": "no"
      },
      "geometry": {
        "type": "Point",
        "coordinates": [
          8.3815731,
          49.0456059
        ]
      },
      "id": "node/4017983432"
    },
    {
      "type": "Feature",
      "properties": {
        "@id": "node/4017983436",
        "bench": "no",
        "bin": "yes",
        "bus": "yes",
        "highway": "bus_stop",
        "kerb": "raised",
        "kerb:approach_aid": "no",
        "lit": "yes",
        "name": "Kirchfeld Nord",
        "network": "Karlsruher Verkehrsverbund",
        "network:guid": "DE-BW-KVV",
        "network:short": "KVV",
        "network:wikidata": "Q1733986",
        "operator": "Verkehrsbetriebe Karlsruhe GmbH",
        "passenger_information_display": "no",
        "public_transport": "platform",
        "shelter": "no",
        "tactile_paving": "yes"
      },
      "geometry": {
        "type": "Point",
        "coordinates": [
          8.3999884,
          49.0586412
        ]
      },
      "id": "node/4017983436"
    },
    {
      "type": "Feature",
      "properties": {
        "@id": "node/4017983443",
        "bench": "no",
        "bin": "no",
        "bus": "yes",
        "highway": "bus_stop",
        "name": "Südschule",
        "network": "Karlsruher Verkehrsverbund",
        "network:guid": "DE-BW-KVV",
        "network:short": "KVV",
        "network:wikidata": "Q1733986",
        "operator": "Verkehrsbetriebe Karlsruhe GmbH",
        "public_transport": "platform",
        "shelter": "no",
        "tactile_paving": "no"
      },
      "geometry": {
        "type": "Point",
        "coordinates": [
          8.3709887,
          49.0456212
        ]
      },
      "id": "node/4017983443"
    },
    {
      "type": "Feature",
      "properties": {
        "@id": "node/4018014252",
        "bench": "no",
        "bin": "no",
        "bus": "yes",
        "check_date:shelter": "2023-01-27",
        "highway": "bus_stop",
        "lit": "yes",
        "name": "Herweghstraße",
        "network": "Karlsruher Verkehrsverbund",
        "network:guid": "DE-BW-KVV",
        "network:short": "KVV",
        "network:wikidata": "Q1733986",
        "operator": "Verkehrsbetriebe Karlsruhe GmbH",
        "public_transport": "platform",
        "shelter": "no",
        "tactile_paving": "no"
      },
      "geometry": {
        "type": "Point",
        "coordinates": [
          8.34183,
          49.031272
        ]
      },
      "id": "node/4018014252"
    },
    {
      "type": "Feature",
      "properties": {
        "@id": "node/4018014254",
        "bench": "no",
        "bin": "no",
        "bus": "yes",
        "departures_board": "timetable",
        "highway": "bus_stop",
        "lit": "no",
        "local_ref": "B",
        "name": "Jakob-Dörr-Straße",
        "network": "Karlsruher Verkehrsverbund",
        "network:guid": "DE-BW-KVV",
        "network:short": "KVV",
        "network:wikidata": "Q1733986",
        "operator": "Verkehrsbetriebe Karlsruhe GmbH",
        "passenger_information_display": "no",
        "public_transport": "platform",
        "shelter": "no",
        "tactile_paving": "no"
      },
      "geometry": {
        "type": "Point",
        "coordinates": [
          8.3371481,
          49.0368017
        ]
      },
      "id": "node/4018014254"
    },
    {
      "type": "Feature",
      "properties": {
        "@id": "node/4018014255",
        "bench": "no",
        "bin": "no",
        "bus": "yes",
        "departures_board": "timetable",
        "highway": "bus_stop",
        "lit": "yes",
        "local_ref": "A",
        "name": "Jakob-Dörr-Straße",
        "network": "Karlsruher Verkehrsverbund",
        "network:guid": "DE-BW-KVV",
        "network:short": "KVV",
        "network:wikidata": "Q1733986",
        "operator": "Verkehrsbetriebe Karlsruhe GmbH",
        "passenger_information_display": "no",
        "public_transport": "platform",
        "shelter": "no",
        "tactile_paving": "no"
      },
      "geometry": {
        "type": "Point",
        "coordinates": [
          8.3368729,
          49.0368342
        ]
      },
      "id": "node/4018014255"
    },
    {
      "type": "Feature",
      "properties": {
        "@id": "node/4018014256",
        "bench": "yes",
        "bin": "no",
        "bus": "yes",
        "highway": "bus_stop",
        "lit": "yes",
        "local_ref": "A",
        "name": "Kolbengärten",
        "network": "Karlsruher Verkehrsverbund",
        "network:guid": "DE-BW-KVV",
        "network:short": "KVV",
        "network:wikidata": "Q1733986",
        "operator": "Verkehrsbetriebe Karlsruhe GmbH",
        "public_transport": "platform",
        "shelter": "yes",
        "tactile_paving": "no",
        "wheelchair": "no"
      },
      "geometry": {
        "type": "Point",
        "coordinates": [
          8.3417668,
          49.0397454
        ]
      },
      "id": "node/4018014256"
    },
    {
      "type": "Feature",
      "properties": {
        "@id": "node/4024004644",
        "bus": "yes",
        "highway": "bus_stop",
        "name": "Holtzstraße",
        "network": "Karlsruher Verkehrsverbund",
        "operator": "Verkehrsbetriebe Karlsruhe GmbH",
        "public_transport": "stop_position",
        "shelter": "yes"
      },
      "geometry": {
        "type": "Point",
        "coordinates": [
          8.3810963,
          49.0016336
        ]
      },
      "id": "node/4024004644"
    },
    {
      "type": "Feature",
      "properties": {
        "@id": "node/4040364258",
        "bench": "no",
        "bin": "no",
        "bus": "yes",
        "highway": "bus_stop",
        "lit": "yes",
        "name": "Egon-Eiermann-Allee",
        "network": "Karlsruher Verkehrsverbund",
        "network:guid": "DE-BW-KVV",
        "network:short": "KVV",
        "network:wikidata": "Q1733986",
        "operator": "Verkehrsbetriebe Karlsruhe GmbH",
        "passenger_information_display": "no",
        "public_transport": "platform",
        "shelter": "no",
        "tactile_paving": "no",
        "wheelchair": "no"
      },
      "geometry": {
        "type": "Point",
        "coordinates": [
          8.3499593,
          49.0362896
        ]
      },
      "id": "node/4040364258"
    },
    {
      "type": "Feature",
      "properties": {
        "@id": "node/4040364265",
        "bench": "no",
        "bin": "yes",
        "bus": "yes",
        "check_date:shelter": "2023-01-25",
        "highway": "bus_stop",
        "lit": "yes",
        "name": "Pionierstraße",
        "network": "Karlsruher Verkehrsverbund",
        "network:guid": "DE-BW-KVV",
        "network:short": "KVV",
        "network:wikidata": "Q1733986",
        "operator": "Verkehrsbetriebe Karlsruhe GmbH",
        "public_transport": "platform",
        "shelter": "no",
        "tactile_paving": "no",
        "wheelchair": "no"
      },
      "geometry": {
        "type": "Point",
        "coordinates": [
          8.3472157,
          49.0326372
        ]
      },
      "id": "node/4040364265"
    },
    {
      "type": "Feature",
      "properties": {
        "@id": "node/4040364268",
        "bench": "no",
        "bin": "no",
        "bus": "yes",
        "departures_board": "timetable",
        "highway": "bus_stop",
        "lit": "yes",
        "name": "Pionierstraße",
        "network": "Karlsruher Verkehrsverbund",
        "network:guid": "DE-BW-KVV",
        "network:short": "KVV",
        "network:wikidata": "Q1733986",
        "operator": "Verkehrsbetriebe Karlsruhe GmbH",
        "public_transport": "platform",
        "shelter": "no",
        "tactile_paving": "no",
        "wheelchair": "no"
      },
      "geometry": {
        "type": "Point",
        "coordinates": [
          8.3478153,
          49.0334377
        ]
      },
      "id": "node/4040364268"
    },
    {
      "type": "Feature",
      "properties": {
        "@id": "node/4040364269",
        "bench": "no",
        "bin": "no",
        "bus": "yes",
        "highway": "bus_stop",
        "lit": "yes",
        "name": "Sudetenstraße",
        "network": "Karlsruher Verkehrsverbund",
        "network:guid": "DE-BW-KVV",
        "network:short": "KVV",
        "network:wikidata": "Q1733986",
        "operator": "Verkehrsbetriebe Karlsruhe GmbH",
        "public_transport": "platform",
        "shelter": "no",
        "tactile_paving": "no"
      },
      "geometry": {
        "type": "Point",
        "coordinates": [
          8.3450478,
          49.0304201
        ]
      },
      "id": "node/4040364269"
    },
    {
      "type": "Feature",
      "properties": {
        "@id": "node/4040364272",
        "bench": "no",
        "bin": "no",
        "bus": "yes",
        "highway": "bus_stop",
        "lit": "yes",
        "name": "Sudetenstraße",
        "network": "Karlsruher Verkehrsverbund",
        "operator": "Verkehrsbetriebe Karlsruhe GmbH",
        "passenger_information_display": "no",
        "public_transport": "platform",
        "shelter": "no",
        "tactile_paving": "no",
        "wheelchair": "no"
      },
      "geometry": {
        "type": "Point",
        "coordinates": [
          8.3453766,
          49.0305503
        ]
      },
      "id": "node/4040364272"
    },
    {
      "type": "Feature",
      "properties": {
        "@id": "node/4057042016",
        "access": "private",
        "description": "Busbahnhof für Flüchtlinge",
        "highway": "bus_stop",
        "operator": "Landeserstaufnahmeeinrichtung für Flüchtlinge",
        "start_date": "2016-03-11"
      },
      "geometry": {
        "type": "Point",
        "coordinates": [
          8.4348305,
          49.0024616
        ]
      },
      "id": "node/4057042016"
    },
    {
      "type": "Feature",
      "properties": {
        "@id": "node/4066625698",
        "bench": "no",
        "bin": "no",
        "bus": "yes",
        "check_date:shelter": "2021-12-07",
        "construction:public_transport": "platform",
        "construction:railway": "platform",
        "departures_board": "timetable",
        "highway": "bus_stop",
        "lit": "no",
        "name": "Altrheinbrücke",
        "network": "Karlsruher Verkehrsverbund",
        "network:guid": "DE-BW-KVV",
        "network:short": "KVV",
        "network:wikidata": "Q1733986",
        "operator": "Verkehrsbetriebe Karlsruhe GmbH",
        "public_transport": "platform",
        "shelter": "no",
        "tactile_paving": "no",
        "tram": "yes"
      },
      "geometry": {
        "type": "Point",
        "coordinates": [
          8.312046,
          49.0009426
        ]
      },
      "id": "node/4066625698"
    },
    {
      "type": "Feature",
      "properties": {
        "@id": "node/4098007779",
        "amenity": "car_sharing",
        "brand": "Stadtmobil",
        "brand:wikidata": "Q2327629",
        "car_sharing": "parking",
        "layer": "-1",
        "level": "-1",
        "network": "Stadtmobil Karlsruhe",
        "note": "Parkplatz für Stadtmobil Elektrofahrzeug",
        "operator": "Stadtmobil CarSharing GmbH & Co. KG",
        "operator:type": "public",
        "payment:electronic_purses": "yes",
        "ref": "Hauptbahnhof-KA Parkhaus",
        "supervised": "yes",
        "website": "https://karlsruhe.stadtmobil.de/"
      },
      "geometry": {
        "type": "Point",
        "coordinates": [
          8.4028211,
          48.9929993
        ]
      },
      "id": "node/4098007779"
    },
    {
      "type": "Feature",
      "properties": {
        "@id": "node/4098008897",
        "amenity": "car_sharing",
        "brand": "Stadtmobil",
        "brand:wikidata": "Q2327629",
        "car_sharing": "parking",
        "layer": "-1",
        "level": "-2",
        "network": "Stadtmobil Karlsruhe",
        "operator": "Stadtmobil CarSharing GmbH & Co. KG",
        "ref": "Hauptbahnhof-KA Parkhaus",
        "website": "https://karlsruhe.stadtmobil.de/"
      },
      "geometry": {
        "type": "Point",
        "coordinates": [
          8.4039528,
          48.9931385
        ]
      },
      "id": "node/4098008897"
    },
    {
      "type": "Feature",
      "properties": {
        "@id": "node/4098008903",
        "amenity": "car_sharing",
        "brand": "Flinkster",
        "layer": "-1",
        "level": "0",
        "network": "Flinkster",
        "operator": "Deutsche Bahn Connect GmbH"
      },
      "geometry": {
        "type": "Point",
        "coordinates": [
          8.4041862,
          48.9931931
        ]
      },
      "id": "node/4098008903"
    },
    {
      "type": "Feature",
      "properties": {
        "@id": "node/4098101573",
        "amenity": "car_sharing",
        "brand": "Stadtmobil",
        "car_sharing": "safe",
        "check_date": "2024-04-06",
        "layer": "-1",
        "level": "0",
        "network": "Stadtmobil Karlsruhe",
        "note": "Schlüsseltresor",
        "operator": "Stadtmobil CarSharing GmbH & Co. KG",
        "ref": "Parkhaus-Hauptbahnhof-KA",
        "website": "https://karlsruhe.stadtmobil.de/"
      },
      "geometry": {
        "type": "Point",
        "coordinates": [
          8.4028328,
          48.9930815
        ]
      },
      "id": "node/4098101573"
    },
    {
      "type": "Feature",
      "properties": {
        "@id": "node/4171917629",
        "bench": "no",
        "description": "Schulbus-Haltestellen",
        "highway": "bus_stop",
        "service": "school",
        "shelter": "no"
      },
      "geometry": {
        "type": "Point",
        "coordinates": [
          8.4465611,
          49.0119366
        ]
      },
      "id": "node/4171917629"
    },
    {
      "type": "Feature",
      "properties": {
        "@id": "node/4187492051",
        "amenity": "car_sharing",
        "brand": "Stadtmobil",
        "brand:wikidata": "Q2327629",
        "brand:wikipedia": "de:Stadtmobil",
        "capacity": "6",
        "car_sharing": "parking",
        "description": "keine festen Parkplätze",
        "network": "Stadtmobil Karlsruhe",
        "opening_hours": "24/7",
        "operator": "Stadtmobil CarSharing GmbH & Co. KG",
        "ref": "Am Fächerbad",
        "website": "https://karlsruhe.stadtmobil.de/"
      },
      "geometry": {
        "type": "Point",
        "coordinates": [
          8.4467526,
          49.0255738
        ]
      },
      "id": "node/4187492051"
    },
    {
      "type": "Feature",
      "properties": {
        "@id": "node/4189216589",
        "bench": "no",
        "bin": "no",
        "bus": "yes",
        "description": "Haltestelle für NightLiner Bus",
        "highway": "bus_stop",
        "lit": "no",
        "name": "Waldstadt Zentrum",
        "network": "Karlsruher Verkehrsverbund",
        "network:guid": "DE-BW-KVV",
        "network:short": "KVV",
        "network:wikidata": "Q1733986",
        "operator": "Verkehrsbetriebe Karlsruhe GmbH",
        "public_transport": "platform",
        "shelter": "no",
        "tactile_paving": "no"
      },
      "geometry": {
        "type": "Point",
        "coordinates": [
          8.4450545,
          49.0346008
        ]
      },
      "id": "node/4189216589"
    },
    {
      "type": "Feature",
      "properties": {
        "@id": "node/4189216592",
        "bench": "yes",
        "bin": "yes",
        "bus": "yes",
        "description": "Haltestelle für NightLiner Bus",
        "highway": "bus_stop",
        "lit": "yes",
        "name": "Waldstadt Zentrum",
        "network": "Karlsruher Verkehrsverbund",
        "network:guid": "DE-BW-KVV",
        "network:short": "KVV",
        "network:wikidata": "Q1733986",
        "operator": "Verkehrsbetriebe Karlsruhe GmbH",
        "public_transport": "platform",
        "shelter": "no",
        "tactile_paving": "no"
      },
      "geometry": {
        "type": "Point",
        "coordinates": [
          8.4451155,
          49.0348
        ]
      },
      "id": "node/4189216592"
    },
    {
      "type": "Feature",
      "properties": {
        "@id": "node/4257401254",
        "bench": "yes",
        "bin": "no",
        "bus": "yes",
        "highway": "bus_stop",
        "lit": "yes",
        "name": "Breslauer Straße",
        "network": "Karlsruher Verkehrsverbund",
        "network:guid": "DE-BW-KVV",
        "network:short": "KVV",
        "network:wikidata": "Q1733986",
        "operator": "Verkehrsbetriebe Karlsruhe GmbH",
        "public_transport": "platform",
        "shelter": "yes",
        "tactile_paving": "no"
      },
      "geometry": {
        "type": "Point",
        "coordinates": [
          8.4304591,
          49.0290811
        ]
      },
      "id": "node/4257401254"
    },
    {
      "type": "Feature",
      "properties": {
        "@id": "node/4257401267",
        "bench": "yes",
        "bin": "yes",
        "bus": "yes",
        "highway": "bus_stop",
        "lit": "no",
        "name": "Schneidemühler Straße",
        "network": "Karlsruher Verkehrsverbund",
        "network:guid": "DE-BW-KVV",
        "network:short": "KVV",
        "network:wikidata": "Q1733986",
        "operator": "Verkehrsbetriebe Karlsruhe GmbH",
        "public_transport": "platform",
        "shelter": "yes",
        "tactile_paving": "no"
      },
      "geometry": {
        "type": "Point",
        "coordinates": [
          8.4309039,
          49.0349036
        ]
      },
      "id": "node/4257401267"
    },
    {
      "type": "Feature",
      "properties": {
        "@id": "node/4257401291",
        "bench": "yes",
        "bin": "yes",
        "bus": "yes",
        "highway": "bus_stop",
        "lit": "yes",
        "name": "Elbinger Straße (West)",
        "network": "Karlsruher Verkehrsverbund",
        "network:guid": "DE-BW-KVV",
        "network:short": "KVV",
        "network:wikidata": "Q1733986",
        "operator": "Verkehrsbetriebe Karlsruhe GmbH",
        "public_transport": "platform",
        "shelter": "yes",
        "tactile_paving": "no"
      },
      "geometry": {
        "type": "Point",
        "coordinates": [
          8.4379171,
          49.0409427
        ]
      },
      "id": "node/4257401291"
    },
    {
      "type": "Feature",
      "properties": {
        "@id": "node/4326077238",
        "bench": "yes",
        "check_date:bench": "2022-08-10",
        "covered": "yes",
        "highway": "bus_stop",
        "name": "Durlach Breit",
        "network": "Karlsruher Verkehrsverbund",
        "shelter": "yes"
      },
      "geometry": {
        "type": "Point",
        "coordinates": [
          8.4788851,
          49.0203782
        ]
      },
      "id": "node/4326077238"
    },
    {
      "type": "Feature",
      "properties": {
        "@id": "node/4326077239",
        "bench": "yes",
        "check_date:bench": "2022-08-10",
        "covered": "yes",
        "highway": "bus_stop",
        "name": "Durlach Breit",
        "network": "Karlsruher Verkehrsverbund",
        "shelter": "yes"
      },
      "geometry": {
        "type": "Point",
        "coordinates": [
          8.4789519,
          49.0205136
        ]
      },
      "id": "node/4326077239"
    },
    {
      "type": "Feature",
      "properties": {
        "@id": "node/4328210280",
        "amenity": "car_sharing",
        "brand": "Stadtmobil",
        "brand:wikidata": "Q2327629",
        "car_sharing": "parking",
        "network": "Stadtmobil Karlsruhe",
        "note": "kein fester Stellplatz, Fahrzeug soll möglich nahe an der Stuttgarter Streße 33 geparkt werden. Offizieller Name der Station wirklich mit Bindestrich.",
        "operator": "Stadtmobil CarSharing GmbH & Co. KG",
        "ref": "Stuttgarter-Straße",
        "website": "https://karlsruhe.stadtmobil.de/"
      },
      "geometry": {
        "type": "Point",
        "coordinates": [
          8.4204505,
          49.0002787
        ]
      },
      "id": "node/4328210280"
    },
    {
      "type": "Feature",
      "properties": {
        "@id": "node/4338239089",
        "amenity": "car_sharing",
        "brand": "Stadtmobil",
        "brand:wikidata": "Q2327629",
        "brand:wikipedia": "de:Stadtmobil",
        "check_date": "2024-10-09",
        "network": "Stadtmobil Karlsruhe",
        "opening_hours": "24/7",
        "operator": "Stadtmobil CarSharing GmbH & Co. KG",
        "ref": "Rintheimer-Hauptstraße",
        "website": "https://karlsruhe.stadtmobil.de/"
      },
      "geometry": {
        "type": "Point",
        "coordinates": [
          8.4395801,
          49.0115613
        ]
      },
      "id": "node/4338239089"
    },
    {
      "type": "Feature",
      "properties": {
        "@id": "node/4348572875",
        "bench": "no",
        "bin": "no",
        "bus": "yes",
        "highway": "bus_stop",
        "lit": "yes",
        "name": "Kreativpark Ost",
        "network": "CityTour Karlsruhe",
        "note": "Haltestelle für Hop-On-Hop-Off-Stadtrundfahrten, mit offiziellem Haltestellenschild gekennzeichnet",
        "operator": "WILLMS Touristik GmbH & Co.KG",
        "public_transport": "platform",
        "ref": "7",
        "shelter": "no",
        "tactile_paving": "no",
        "wheelchair": "yes"
      },
      "geometry": {
        "type": "Point",
        "coordinates": [
          8.4291511,
          49.0049976
        ]
      },
      "id": "node/4348572875"
    },
    {
      "type": "Feature",
      "properties": {
        "@id": "node/4361866518",
        "amenity": "fuel",
        "description": "mit Tankautomat",
        "fixme": "bin mir nicht sicher wie öffentlich diese Tankstelle ist und ob LKW-Diesel oder PKW-Diesel angeboten wird",
        "fuel:diesel": "yes",
        "fuel:e10": "no",
        "fuel:octane_95": "no",
        "fuel:octane_98": "no",
        "fuel:others": "no",
        "opening_hours": "24/7",
        "shop": "no"
      },
      "geometry": {
        "type": "Point",
        "coordinates": [
          8.4456015,
          49.0053384
        ]
      },
      "id": "node/4361866518"
    },
    {
      "type": "Feature",
      "properties": {
        "@id": "node/4427971976",
        "bench": "no",
        "bin": "no",
        "bus": "yes",
        "covered": "no",
        "description": "nur für Sonderbusse bei Veranstaltungen",
        "highway": "bus_stop",
        "lit": "yes",
        "local_ref": "Steig B",
        "name": "BBBank Wildpark",
        "passenger_information_display": "no",
        "public_transport": "platform",
        "shelter": "no",
        "tactile_paving": "no",
        "wheelchair": "no"
      },
      "geometry": {
        "type": "Point",
        "coordinates": [
          8.4141726,
          49.0209775
        ]
      },
      "id": "node/4427971976"
    },
    {
      "type": "Feature",
      "properties": {
        "@id": "node/4469688870",
        "amenity": "car_sharing",
        "brand": "Stadtmobil",
        "car_sharing": "parking",
        "check_date": "2024-04-07",
        "level": "-1",
        "network": "Stadtmobil Karlsruhe",
        "note": "Parkplätze, nur zugänglich über Schlüssel aus Schlüsseltresor",
        "operator": "Stadtmobil CarSharing GmbH & Co. KG",
        "ref": "Rintheimer Straße",
        "website": "https://karlsruhe.stadtmobil.de/"
      },
      "geometry": {
        "type": "Point",
        "coordinates": [
          8.4247199,
          49.0113784
        ]
      },
      "id": "node/4469688870"
    },
    {
      "type": "Feature",
      "properties": {
        "@id": "node/4470465711",
        "bench": "no",
        "bin": "no",
        "bus": "yes",
        "highway": "bus_stop",
        "lit": "yes",
        "name": "Schloss/Bad. Landesmuseum",
        "name:note": "steht abgekürzt auf dem Haltestellenschild",
        "network": "CityTour Karlsruhe",
        "note": "Haltestelle für Hop-On-Hop-Off-Stadtrundfahrten, mit offiziellem Haltestellenschild gekennzeichnet",
        "operator": "WILLMS Touristik GmbH & Co.KG",
        "public_transport": "platform",
        "ref": "7",
        "shelter": "no",
        "tactile_paving": "no"
      },
      "geometry": {
        "type": "Point",
        "coordinates": [
          8.4070579,
          49.0119079
        ]
      },
      "id": "node/4470465711"
    },
    {
      "type": "Feature",
      "properties": {
        "@id": "node/4515086619",
        "amenity": "car_sharing",
        "comment": "No fixed place",
        "name": "Lindenallee",
        "operator": "Stadtmobil",
        "website": "https://karlsruhe.stadtmobil.de/"
      },
      "geometry": {
        "type": "Point",
        "coordinates": [
          8.3345031,
          48.9994724
        ]
      },
      "id": "node/4515086619"
    },
    {
      "type": "Feature",
      "properties": {
        "@id": "node/4532601960",
        "bus": "yes",
        "highway": "bus_stop",
        "name": "Weingarten Bahnhof Ost",
        "network": "Karlsruher Verkehrsverbund",
        "network:guid": "DE-BW-KVV",
        "network:short": "KVV",
        "network:wikidata": "Q1733986",
        "network:wikipedia": "de:Karlsruher Verkehrsverbund",
        "public_transport": "stop_position"
      },
      "geometry": {
        "type": "Point",
        "coordinates": [
          8.5216045,
          49.0577176
        ]
      },
      "id": "node/4532601960"
    },
    {
      "type": "Feature",
      "properties": {
        "@id": "node/4573697486",
        "bench": "yes",
        "bin": "yes",
        "bus": "yes",
        "check_date:shelter": "2024-07-06",
        "coach": "yes",
        "highway": "bus_stop",
        "lit": "yes",
        "name": "Karlsruhe Hauptbahnhof Süd",
        "public_transport": "platform",
        "shelter": "yes",
        "tactile_paving": "no"
      },
      "geometry": {
        "type": "Point",
        "coordinates": [
          8.4011534,
          48.9916632
        ]
      },
      "id": "node/4573697486"
    },
    {
      "type": "Feature",
      "properties": {
        "@id": "node/4732848521",
        "bench": "no",
        "bin": "no",
        "bus": "yes",
        "highway": "bus_stop",
        "lit": "no",
        "name": "Europaplatz",
        "network": "CityTour Karlsruhe",
        "note": "Haltestelle für Hop-On-Hop-Off-Stadtrundfahrten, mit offiziellem Haltestellenschild gekennzeichnet",
        "operator": "WILLMS Touristik GmbH & Co.KG",
        "public_transport": "platform",
        "ref": "5",
        "shelter": "no",
        "tactile_paving": "no"
      },
      "geometry": {
        "type": "Point",
        "coordinates": [
          8.3952314,
          49.0105637
        ]
      },
      "id": "node/4732848521"
    },
    {
      "type": "Feature",
      "properties": {
        "@id": "node/4741605150",
        "bench": "no",
        "bin": "no",
        "bus": "yes",
        "departures_board": "timetable",
        "highway": "bus_stop",
        "lit": "no",
        "name": "Weingarten Tabakschopf",
        "network": "Karlsruher Verkehrsverbund",
        "network:guid": "DE-BW-KVV",
        "network:short": "KVV",
        "network:wikidata": "Q1733986",
        "network:wikipedia": "de:Karlsruher Verkehrsverbund",
        "public_transport": "platform",
        "ref:IFOPT": "de:08215:32247:0:2",
        "shelter": "no",
        "tactile_paving": "no",
        "wheelchair": "no"
      },
      "geometry": {
        "type": "Point",
        "coordinates": [
          8.5244666,
          49.047936
        ]
      },
      "id": "node/4741605150"
    },
    {
      "type": "Feature",
      "properties": {
        "@id": "node/4743895301",
        "amenity": "car_sharing",
        "brand": "Stadtmobil",
        "capacity": "4",
        "car_sharing": "parking",
        "network": "Stadtmobil Karlsruhe",
        "note": "station has been moved in 2020",
        "opening_hours": "24/7",
        "operator": "Stadtmobil CarSharing GmbH & Co. KG",
        "ref": "Leipziger Allee",
        "start_date": "2020",
        "website": "https://karlsruhe.stadtmobil.de/"
      },
      "geometry": {
        "type": "Point",
        "coordinates": [
          8.454071,
          49.0331512
        ]
      },
      "id": "node/4743895301"
    },
    {
      "type": "Feature",
      "properties": {
        "@id": "node/4751386115",
        "amenity": "car_sharing",
        "brand": "Stadtmobil",
        "car_sharing": "key_safe",
        "check_date": "2024-03-11",
        "covered": "yes",
        "description": "im Parkhaus Fasanengarten",
        "layer": "-1",
        "level": "-1",
        "network": "Stadtmobil Karlsruhe",
        "opening_hours": "24/7",
        "operator": "Stadtmobil CarSharing GmbH & Co. KG",
        "ref": "Fasanengarten",
        "start_date": "2017-03",
        "website": "https://karlsruhe.stadtmobil.de/",
        "wheelchair": "no",
        "wheelchair:description": "Zugang zur Tiefgarage nur über Treppe"
      },
      "geometry": {
        "type": "Point",
        "coordinates": [
          8.4203471,
          49.014042
        ]
      },
      "id": "node/4751386115"
    },
    {
      "type": "Feature",
      "properties": {
        "@id": "node/4771469101",
        "amenity": "car_sharing",
        "brand": "Stadtmobil",
        "capacity": "2",
        "check_date": "2024-09-09",
        "network": "Stadtmobil Karlsruhe",
        "operator": "Stadtmobil CarSharing GmbH & Co. KG",
        "ref": "Sozialhaus-Landratsamt",
        "website": "https://karlsruhe.stadtmobil.de/"
      },
      "geometry": {
        "type": "Point",
        "coordinates": [
          8.4251035,
          49.0053437
        ]
      },
      "id": "node/4771469101"
    },
    {
      "type": "Feature",
      "properties": {
        "@id": "node/4792326915",
        "amenity": "car_sharing",
        "brand": "Stadtmobil",
        "car_sharing": "parking",
        "covered": "yes",
        "description": "im Parkhaus Fasanengarten auf Ebene A",
        "layer": "-1",
        "level": "-1",
        "network": "Stadtmobil Karlsruhe",
        "opening_hours": "24/7",
        "operator": "Stadtmobil CarSharing GmbH & Co. KG",
        "ref": "Fasanengarten",
        "start_date": "2017-03",
        "website": "https://karlsruhe.stadtmobil.de/"
      },
      "geometry": {
        "type": "Point",
        "coordinates": [
          8.4199732,
          49.0140072
        ]
      },
      "id": "node/4792326915"
    },
    {
      "type": "Feature",
      "properties": {
        "@id": "node/4793460915",
        "amenity": "car_sharing",
        "brand": "Stadtmobil",
        "brand:wikidata": "Q2327629",
        "capacity": "26",
        "capacity:charging": "1",
        "car_sharing": "key_safe",
        "level": "3",
        "network": "Stadtmobil Karlsruhe",
        "opening_hours": "24/7",
        "operator": "Stadtmobil CarSharing GmbH & Co. KG",
        "ref": "Fritz-Erler-Straße",
        "website": "https://karlsruhe.stadtmobil.de/"
      },
      "geometry": {
        "type": "Point",
        "coordinates": [
          8.4109239,
          49.0083216
        ]
      },
      "id": "node/4793460915"
    },
    {
      "type": "Feature",
      "properties": {
        "@id": "node/4825738794",
        "amenity": "car_sharing",
        "brand": "Stadtmobil",
        "car_sharing": "key_safe",
        "check_date": "2024-03-13",
        "network": "Stadtmobil Karlsruhe",
        "operator": "Stadtmobil CarSharing GmbH & Co. KG",
        "ref": "Bahnhofstraße",
        "website": "https://karlsruhe.stadtmobil.de/"
      },
      "geometry": {
        "type": "Point",
        "coordinates": [
          8.3991592,
          48.9981969
        ]
      },
      "id": "node/4825738794"
    },
    {
      "type": "Feature",
      "properties": {
        "@id": "node/4850293847",
        "amenity": "car_sharing",
        "brand": "Stadtmobil",
        "car_sharing": "parking",
        "description": "keine festen Parkplätze",
        "network": "Stadtmobil Karlsruhe",
        "opening_hours": "24/7",
        "operator": "Stadtmobil CarSharing GmbH & Co. KG",
        "ref": "Breslauer Straße",
        "website": "https://karlsruhe.stadtmobil.de/"
      },
      "geometry": {
        "type": "Point",
        "coordinates": [
          8.4413785,
          49.0284247
        ]
      },
      "id": "node/4850293847"
    },
    {
      "type": "Feature",
      "properties": {
        "@id": "node/4870555633",
        "bench": "yes",
        "bin": "yes",
        "bus": "yes",
        "check_date:shelter": "2024-11-10",
        "highway": "bus_stop",
        "lit": "yes",
        "name": "Untergrombach Bahnhof",
        "public_transport": "platform",
        "shelter": "yes",
        "tactile_paving": "yes"
      },
      "geometry": {
        "type": "Point",
        "coordinates": [
          8.547955,
          49.0874919
        ]
      },
      "id": "node/4870555633"
    },
    {
      "type": "Feature",
      "properties": {
        "@id": "node/4876495926",
        "amenity": "car_sharing",
        "brand": "Stadtmobil",
        "car_sharing": "parking",
        "check_date": "2024-04-23",
        "network": "Stadtmobil Karlsruhe",
        "note": "keine festen Parkplätze,",
        "opening_hours": "24/7",
        "operator": "Stadtmobil CarSharing GmbH & Co. KG",
        "ref": "Insterburger Straße",
        "website": "https://karlsruhe.stadtmobil.de/"
      },
      "geometry": {
        "type": "Point",
        "coordinates": [
          8.4358692,
          49.0369026
        ]
      },
      "id": "node/4876495926"
    },
    {
      "type": "Feature",
      "properties": {
        "@id": "node/4876495927",
        "amenity": "car_sharing",
        "brand": "Stadtmobil",
        "car_sharing": "parking",
        "network": "Stadtmobil Karlsruhe",
        "note": "keine festen Parkplätze,",
        "opening_hours": "24/7",
        "operator": "Stadtmobil CarSharing GmbH & Co. KG",
        "ref": "Schweidnitzer Straße",
        "website": "https://karlsruhe.stadtmobil.de/"
      },
      "geometry": {
        "type": "Point",
        "coordinates": [
          8.4478922,
          49.0291031
        ]
      },
      "id": "node/4876495927"
    },
    {
      "type": "Feature",
      "properties": {
        "@id": "node/4879074970",
        "bench": "no",
        "bin": "no",
        "bus": "yes",
        "description": "Haltestelle für Schienenersatzverkehr",
        "highway": "bus_stop",
        "lit": "yes",
        "name": "Reitschulschlag",
        "shelter": "no",
        "tactile_paving": "no"
      },
      "geometry": {
        "type": "Point",
        "coordinates": [
          8.4604691,
          49.0432904
        ]
      },
      "id": "node/4879074970"
    },
    {
      "type": "Feature",
      "properties": {
        "@id": "node/4896116052",
        "bench": "no",
        "bus": "yes",
        "check_date:shelter": "2023-03-11",
        "highway": "bus_stop",
        "lit": "yes",
        "name": "Georgstraße",
        "public_transport": "platform",
        "shelter": "no",
        "tactile_paving": "no"
      },
      "geometry": {
        "type": "Point",
        "coordinates": [
          8.5186489,
          49.0047868
        ]
      },
      "id": "node/4896116052"
    },
    {
      "type": "Feature",
      "properties": {
        "@id": "node/4896116056",
        "bench": "no",
        "bin": "no",
        "bus": "yes",
        "highway": "bus_stop",
        "lit": "yes",
        "name": "Georgstraße",
        "public_transport": "platform",
        "shelter": "no",
        "tactile_paving": "no"
      },
      "geometry": {
        "type": "Point",
        "coordinates": [
          8.5205452,
          49.0044129
        ]
      },
      "id": "node/4896116056"
    },
    {
      "type": "Feature",
      "properties": {
        "@id": "node/4896116075",
        "bench": "no",
        "bin": "yes",
        "bus": "yes",
        "highway": "bus_stop",
        "name": "Berghausen Kirche",
        "public_transport": "platform",
        "shelter": "no"
      },
      "geometry": {
        "type": "Point",
        "coordinates": [
          8.5274667,
          49.0042845
        ]
      },
      "id": "node/4896116075"
    },
    {
      "type": "Feature",
      "properties": {
        "@id": "node/4933222682",
        "name": "Mewlana Markt",
        "opening_hours": "Mo-Sa 08:00-20:00; Su,PH off",
        "shop": "supermarket",
        "wheelchair": "yes"
      },
      "geometry": {
        "type": "Point",
        "coordinates": [
          8.3613534,
          49.0117426
        ]
      },
      "id": "node/4933222682"
    },
    {
      "type": "Feature",
      "properties": {
        "@id": "node/4972375852",
        "addr:city": "Karlsruhe",
        "addr:country": "DE",
        "addr:housenumber": "21",
        "addr:postcode": "76131",
        "addr:street": "Forststraße",
        "addr:suburb": "Rintheim",
        "branch": "Rintheim",
        "brand": "CAP-Markt",
        "brand:wikidata": "Q1022827",
        "brand:wikipedia": "de:CAP (Markt)",
        "cash_withdrawal": "girocard",
        "cash_withdrawal:fee": "no",
        "cash_withdrawal:limit": "200",
        "cash_withdrawal:purchase_minimum": "10",
        "cash_withdrawal:purchase_required": "yes",
        "cash_withdrawal:type": "checkout",
        "check_date": "2023-04",
        "contact:phone": "+49 721 40243518",
        "contact:website": "http://www.cap-markt.de/",
        "delivery:covid19": "yes",
        "dog": "no",
        "level": "0",
        "name": "CAP-Markt Rintheim",
        "official_name": "CAP-Markt Rintheim",
        "old_operator": "Beschäftigungszentrum Karlsruhe gGmbH",
        "opening_hours": "Mo-Fr 07:30-20:00; Sa 07:30-18:00; Su,PH off",
        "operator": "WorKA gGmbH",
        "operator:type": "private_non_profit",
        "payment:alipay": "yes",
        "payment:american_express": "yes",
        "payment:cash": "yes",
        "payment:contactless": "yes",
        "payment:diners_club": "yes",
        "payment:discover_card": "yes",
        "payment:girocard": "yes",
        "payment:jcb": "yes",
        "payment:maestro": "yes",
        "payment:mastercard": "yes",
        "payment:operator": "Concardis GmbH",
        "payment:others": "no",
        "payment:unionpay": "yes",
        "payment:v_pay": "yes",
        "payment:visa": "yes",
        "shop": "supermarket",
        "short_name": "CAP-Markt",
        "smoking": "no",
        "start_date": "2017-07-20",
        "surveillance": "indoor",
        "takeaway:covid19": "no",
        "wheelchair": "yes"
      },
      "geometry": {
        "type": "Point",
        "coordinates": [
          8.4414724,
          49.0143884
        ]
      },
      "id": "node/4972375852"
    },
    {
      "type": "Feature",
      "properties": {
        "@id": "node/4973853616",
        "addr:city": "Karlsruhe",
        "addr:country": "DE",
        "addr:housenumber": "2f",
        "addr:postcode": "76139",
        "addr:street": "Königsberger Straße",
        "addr:suburb": "Waldstadt",
        "name": "Mini Markt Emo",
        "opening_hours": "Mo-Fr 09:00-19:00; Sa 09:30-19:00",
        "shop": "supermarket"
      },
      "geometry": {
        "type": "Point",
        "coordinates": [
          8.4332286,
          49.0334095
        ]
      },
      "id": "node/4973853616"
    },
    {
      "type": "Feature",
      "properties": {
        "@id": "node/5062623802",
        "amenity": "car_sharing",
        "brand": "Stadtmobil",
        "brand:wikidata": "Q2327629",
        "car_sharing": "parking",
        "network": "Stadtmobil Karlsruhe",
        "note": "keine festen Parkplätze",
        "opening_hours": "24/7",
        "operator": "Stadtmobil CarSharing GmbH & Co. KG",
        "operator:type": "private",
        "ref": "Elbinger Straße",
        "website": "https://karlsruhe.stadtmobil.de/"
      },
      "geometry": {
        "type": "Point",
        "coordinates": [
          8.4444684,
          49.0422697
        ]
      },
      "id": "node/5062623802"
    },
    {
      "type": "Feature",
      "properties": {
        "@id": "node/5090385747",
        "contact:email": "info@gruenkern-gruenwettersbach.de",
        "contact:phone": "+49 721 9453130",
        "contact:website": "https://www.gruenkern-gruenwettersbach.de/",
        "name": "Grünkern Naturkost",
        "opening_hours": "Mo-Fr 09:00-13:00,15:00-18:30; Sa 09:00-13:00; Su,PH off",
        "organic": "only",
        "shop": "supermarket"
      },
      "geometry": {
        "type": "Point",
        "coordinates": [
          8.47098,
          48.9566259
        ]
      },
      "id": "node/5090385747"
    },
    {
      "type": "Feature",
      "properties": {
        "@id": "node/5167923313",
        "bench": "no",
        "bin": "no",
        "bus": "yes",
        "highway": "bus_stop",
        "lit": "yes",
        "name": "Siemensallee",
        "network": "Karlsruher Verkehrsverbund",
        "network:guid": "DE-BW-KVV",
        "network:short": "KVV",
        "network:wikidata": "Q1733986",
        "operator": "Verkehrsbetriebe Karlsruhe GmbH",
        "public_transport": "platform",
        "shelter": "no",
        "tactile_paving": "no",
        "wheelchair": "no"
      },
      "geometry": {
        "type": "Point",
        "coordinates": [
          8.3498071,
          49.0276747
        ]
      },
      "id": "node/5167923313"
    },
    {
      "type": "Feature",
      "properties": {
        "@id": "node/5186564374",
        "bench": "no",
        "bin": "no",
        "bus": "yes",
        "highway": "bus_stop",
        "lit": "yes",
        "name": "Untergrombach Bhf Ost",
        "public_transport": "platform",
        "shelter": "no",
        "tactile_paving": "no",
        "wheelchair": "yes"
      },
      "geometry": {
        "type": "Point",
        "coordinates": [
          8.5496874,
          49.0866022
        ]
      },
      "id": "node/5186564374"
    },
    {
      "type": "Feature",
      "properties": {
        "@id": "node/5196248584",
        "bench": "no",
        "bin": "no",
        "bus": "yes",
        "description": "Ersatzhaltestelle",
        "highway": "bus_stop",
        "lit": "no",
        "name": "Hirtenweg - Technologiepark",
        "network": "Karlsruher Verkehrsverbund",
        "note": "mit permanentem Haltestellenschild",
        "operator": "Verkehrsbetriebe Karlsruhe GmbH",
        "public_transport": "platform",
        "ref_name": "Karlsruhe Hirtenweg - Technologiepark",
        "shelter": "no",
        "tactile_paving": "no",
        "wheelchair": "no"
      },
      "geometry": {
        "type": "Point",
        "coordinates": [
          8.4381974,
          49.0165161
        ]
      },
      "id": "node/5196248584"
    },
    {
      "type": "Feature",
      "properties": {
        "@id": "node/5198082810",
        "amenity": "car_sharing",
        "brand": "Stadtmobil",
        "brand:wikidata": "Q2327629",
        "car_sharing": "key_safe",
        "network": "Stadtmobil Karlsruhe",
        "operator": "Stadtmobil CarSharing GmbH & Co. KG",
        "ref": "Benzstraße",
        "website": "https://karlsruhe.stadtmobil.de/"
      },
      "geometry": {
        "type": "Point",
        "coordinates": [
          8.3650689,
          49.0010449
        ]
      },
      "id": "node/5198082810"
    },
    {
      "type": "Feature",
      "properties": {
        "@id": "node/5198712116",
        "bench": "no",
        "bin": "no",
        "bus": "yes",
        "check_date:shelter": "2024-05-03",
        "highway": "bus_stop",
        "lit": "no",
        "name": "Battstraße",
        "network": "Karlsruher Verkehrsverbund",
        "note": "Haltestelle für ALT 54",
        "public_transport": "platform",
        "shelter": "no",
        "tactile_paving": "no"
      },
      "geometry": {
        "type": "Point",
        "coordinates": [
          8.4044163,
          48.9656802
        ]
      },
      "id": "node/5198712116"
    },
    {
      "type": "Feature",
      "properties": {
        "@id": "node/5202597216",
        "bench": "no",
        "bin": "no",
        "bus": "yes",
        "covered": "no",
        "description": "Haltestelle für NightLiner Bus",
        "highway": "bus_stop",
        "name": "Fächerbad",
        "network": "Karlsruher Verkehrsverbund",
        "network:guid": "DE-BW-KVV",
        "network:short": "KVV",
        "network:wikidata": "Q1733986",
        "network:wikipedia": "de:Karlsruher Verkehrsverbund",
        "operator": "Verkehrsbetriebe Karlsruhe GmbH",
        "public_transport": "platform",
        "ref_name": "Hagsfeld Fächerbad",
        "shelter": "no",
        "tactile_paving": "no",
        "wheelchair": "yes"
      },
      "geometry": {
        "type": "Point",
        "coordinates": [
          8.4475576,
          49.0261353
        ]
      },
      "id": "node/5202597216"
    },
    {
      "type": "Feature",
      "properties": {
        "@id": "node/5212659910",
        "bench": "no",
        "bin": "no",
        "bus": "yes",
        "highway": "bus_stop",
        "lit": "yes",
        "name": "Glogauer Straße",
        "note": "Haltestelle für Nightliner NL 4",
        "public_transport": "platform",
        "ref_name": "Waldstadt Glogauer Straße",
        "shelter": "no",
        "tactile_paving": "no",
        "wheelchair": "no"
      },
      "geometry": {
        "type": "Point",
        "coordinates": [
          8.4422958,
          49.0319701
        ]
      },
      "id": "node/5212659910"
    },
    {
      "type": "Feature",
      "properties": {
        "@id": "node/5212659911",
        "bench": "yes",
        "bin": "yes",
        "bus": "yes",
        "check_date:shelter": "2023-06-29",
        "highway": "bus_stop",
        "lit": "yes",
        "name": "Glogauer Straße",
        "note": "Haltestelle für Bus 124 nach Graben-Neudorf",
        "public_transport": "platform",
        "ref_name": "Waldstadt Glogauer Straße",
        "shelter": "no",
        "tactile_paving": "no",
        "wheelchair": "no"
      },
      "geometry": {
        "type": "Point",
        "coordinates": [
          8.4421121,
          49.0319314
        ]
      },
      "id": "node/5212659911"
    },
    {
      "type": "Feature",
      "properties": {
        "@id": "node/5212659912",
        "bench": "yes",
        "bin": "yes",
        "bus": "yes",
        "highway": "bus_stop",
        "lit": "yes",
        "name": "Glogauer Straße",
        "note": "Haltestelle für Nightliner NL 4",
        "public_transport": "platform",
        "ref_name": "Waldstadt Glogauer Straße",
        "shelter": "no",
        "tactile_paving": "no",
        "wheelchair": "no"
      },
      "geometry": {
        "type": "Point",
        "coordinates": [
          8.4418881,
          49.0316667
        ]
      },
      "id": "node/5212659912"
    },
    {
      "type": "Feature",
      "properties": {
        "@id": "node/5275115818",
        "bench": "no",
        "bin": "no",
        "bus": "yes",
        "departures_board": "timetable",
        "highway": "bus_stop",
        "lit": "no",
        "name": "Weingarten Bruchsaler Straße",
        "network": "Karlsruher Verkehrsverbund",
        "network:guid": "DE-BW-KVV",
        "network:short": "KVV",
        "network:wikidata": "Q1733986",
        "network:wikipedia": "de:Karlsruher Verkehrsverbund",
        "public_transport": "platform",
        "ref:IFOPT": "de:08215:30822:0:2",
        "shelter": "no",
        "tactile_paving": "no",
        "wheelchair": "no"
      },
      "geometry": {
        "type": "Point",
        "coordinates": [
          8.5317193,
          49.0546925
        ]
      },
      "id": "node/5275115818"
    },
    {
      "type": "Feature",
      "properties": {
        "@id": "node/5308063203",
        "addr:city": "Karlsruhe",
        "addr:country": "DE",
        "addr:housenumber": "46",
        "addr:postcode": "76137",
        "addr:street": "Wolfartsweierer Straße",
        "addr:suburb": "Südstadt",
        "amenity": "fuel",
        "brand": "bft",
        "compressed_air": "yes",
        "contact:fax": "+49 721 78809660",
        "contact:phone": "+49 721 96142927",
        "fuel:adblue": "yes",
        "fuel:diesel": "yes",
        "fuel:e10": "yes",
        "fuel:lpg": "yes",
        "fuel:octane_95": "yes",
        "fuel:octane_98": "yes",
        "name": "bft",
        "opening_hours": "Mo-Fr 06:00-22:00; Sa, Su, Ph 08:00-22:00",
        "operator": "Beate App-Herbich",
        "payment:efa_kundenkarte": "yes",
        "payment:girocard": "yes",
        "payment:mastercard": "yes",
        "payment:novofleet": "yes",
        "payment:visa": "yes",
        "start_date": "2016-08-30"
      },
      "geometry": {
        "type": "Point",
        "coordinates": [
          8.428066,
          48.999332
        ]
      },
      "id": "node/5308063203"
    },
    {
      "type": "Feature",
      "properties": {
        "@id": "node/5339570975",
        "bench": "no",
        "bin": "no",
        "bus": "private",
        "highway": "bus_stop",
        "lit": "no",
        "name:signed": "no",
        "note": "Bushaltestelle nicht für Linienbusse, vermutlich für Busse der HWK",
        "public_transport": "platform",
        "shelter": "no",
        "surface": "paving_stones",
        "tactile_paving": "no"
      },
      "geometry": {
        "type": "Point",
        "coordinates": [
          8.468096,
          49.0211679
        ]
      },
      "id": "node/5339570975"
    },
    {
      "type": "Feature",
      "properties": {
        "@id": "node/5352754522",
        "amenity": "car_sharing",
        "brand": "Stadtmobil",
        "brand:wikidata": "Q2327629",
        "car_sharing": "parking",
        "network": "Stadtmobil Karlsruhe",
        "opening_hours": "24/7",
        "operator": "Stadtmobil CarSharing GmbH & Co. KG",
        "ref": "Studentenwohnheim-Insterburg",
        "supervised": "no",
        "website": "https://karlsruhe.stadtmobil.de/"
      },
      "geometry": {
        "type": "Point",
        "coordinates": [
          8.4333567,
          49.0365289
        ]
      },
      "id": "node/5352754522"
    },
    {
      "type": "Feature",
      "properties": {
        "@id": "node/5389991539",
        "bench": "yes",
        "bin": "no",
        "bus": "yes",
        "highway": "bus_stop",
        "lit": "yes",
        "name": "Weingarten Tabakschopf",
        "network": "Karlsruher Verkehrsverbund",
        "network:guid": "DE-BW-KVV",
        "network:short": "KVV",
        "network:wikidata": "Q1733986",
        "public_transport": "platform",
        "ref:IFOPT": "de:08215:32247:0:1",
        "shelter": "yes",
        "tactile_paving": "yes",
        "wheelchair": "yes"
      },
      "geometry": {
        "type": "Point",
        "coordinates": [
          8.5261732,
          49.0475225
        ]
      },
      "id": "node/5389991539"
    },
    {
      "type": "Feature",
      "properties": {
        "@id": "node/5395942375",
        "bench": "no",
        "bin": "no",
        "bus": "yes",
        "departures_board": "timetable",
        "highway": "bus_stop",
        "lit": "yes",
        "name": "Weingarten Jöhlinger Straße",
        "network": "Karlsruher Verkehrsverbund",
        "network:guid": "DE-BW-KVV",
        "network:short": "KVV",
        "network:wikidata": "Q1733986",
        "network:wikipedia": "de:Karlsruher Verkehrsverbund",
        "public_transport": "platform",
        "ref:IFOPT": "de:08215:32253:0:1",
        "shelter": "no",
        "tactile_paving": "yes",
        "wheelchair": "yes"
      },
      "geometry": {
        "type": "Point",
        "coordinates": [
          8.5360535,
          49.0521625
        ]
      },
      "id": "node/5395942375"
    },
    {
      "type": "Feature",
      "properties": {
        "@id": "node/5555138140",
        "bench": "no",
        "bin": "no",
        "bus": "yes",
        "description": "Haltestelle für Nightliner-Busse",
        "highway": "bus_stop",
        "lit": "no",
        "name": "Knielingen Nord",
        "public_transport": "platform",
        "shelter": "no",
        "tactile_paving": "no"
      },
      "geometry": {
        "type": "Point",
        "coordinates": [
          8.3471816,
          49.0383932
        ]
      },
      "id": "node/5555138140"
    },
    {
      "type": "Feature",
      "properties": {
        "@id": "node/5555231589",
        "addr:city": "Karlsruhe",
        "addr:country": "DE",
        "addr:housenumber": "1",
        "addr:postcode": "76187",
        "addr:street": "Grünhutstraße",
        "addr:suburb": "Knielingen",
        "brand": "EDEKA",
        "brand:wikidata": "Q701755",
        "name": "EDEKA",
        "opening_hours": "Mo-Sa 08:00-21:00; Su,PH off",
        "operator": "Rees",
        "shop": "supermarket",
        "toilets:wheelchair": "yes",
        "wheelchair": "yes"
      },
      "geometry": {
        "type": "Point",
        "coordinates": [
          8.3522889,
          49.0366459
        ]
      },
      "id": "node/5555231589"
    },
    {
      "type": "Feature",
      "properties": {
        "@id": "node/5584610299",
        "bench": "no",
        "bin": "no",
        "bus": "yes",
        "highway": "bus_stop",
        "lit": "yes",
        "name": "Mona",
        "network": "Karlsruher Verkehrsverbund",
        "public_transport": "platform",
        "shelter": "yes",
        "tactile_paving": "no"
      },
      "geometry": {
        "type": "Point",
        "coordinates": [
          8.468847,
          49.0207659
        ]
      },
      "id": "node/5584610299"
    },
    {
      "type": "Feature",
      "properties": {
        "@id": "node/5590612869",
        "bench": "no",
        "bin": "yes",
        "bus": "yes",
        "by_night": "only",
        "description": "Nightliner",
        "highway": "bus_stop",
        "lit": "yes",
        "name": "Synagoge",
        "public_transport": "platform",
        "shelter": "no",
        "tactile_paving": "no"
      },
      "geometry": {
        "type": "Point",
        "coordinates": [
          8.3853216,
          49.017459
        ]
      },
      "id": "node/5590612869"
    },
    {
      "type": "Feature",
      "properties": {
        "@id": "node/5590612877",
        "amenity": "car_sharing",
        "brand": "Stadtmobil",
        "brand:wikidata": "Q2327629",
        "capacity": "2",
        "car_sharing": "parking",
        "network": "Stadtmobil Karlsruhe",
        "operator": "Stadtmobil CarSharing GmbH & Co. KG",
        "website": "https://karlsruhe.stadtmobil.de/"
      },
      "geometry": {
        "type": "Point",
        "coordinates": [
          8.3926561,
          49.0146981
        ]
      },
      "id": "node/5590612877"
    },
    {
      "type": "Feature",
      "properties": {
        "@id": "node/5609726426",
        "bench": "no",
        "bin": "yes",
        "bus": "yes",
        "highway": "bus_stop",
        "lit": "no",
        "name": "Messering Süd",
        "network": "Karlsruher Verkehrsverbund",
        "network:guid": "DE-BW-KVV",
        "network:short": "KVV",
        "network:wikidata": "Q1733986",
        "panoramax": "0f31f610-0ba5-4c19-9507-4ccc28a043a4",
        "public_transport": "platform",
        "shelter": "no",
        "wheelchair": "limited"
      },
      "geometry": {
        "type": "Point",
        "coordinates": [
          8.3359444,
          48.9772819
        ]
      },
      "id": "node/5609726426"
    },
    {
      "type": "Feature",
      "properties": {
        "@id": "node/5615143936",
        "bench": "no",
        "bin": "yes",
        "bus": "yes",
        "check_date:shelter": "2025-04-15",
        "highway": "bus_stop",
        "lit": "no",
        "name": "Forchheim Messe Nord",
        "network": "Karlsruher Verkehrsverbund",
        "public_transport": "platform",
        "ref": "1",
        "shelter": "no",
        "tactile_paving": "no"
      },
      "geometry": {
        "type": "Point",
        "coordinates": [
          8.3333278,
          48.9840323
        ]
      },
      "id": "node/5615143936"
    },
    {
      "type": "Feature",
      "properties": {
        "@id": "node/5643714649",
        "bench": "no",
        "bus": "yes",
        "highway": "bus_stop",
        "lit": "no",
        "name": "Messering Mitte",
        "public_transport": "platform",
        "shelter": "no"
      },
      "geometry": {
        "type": "Point",
        "coordinates": [
          8.3371405,
          48.9796096
        ]
      },
      "id": "node/5643714649"
    },
    {
      "type": "Feature",
      "properties": {
        "@id": "node/5643714650",
        "bench": "no",
        "bin": "yes",
        "bus": "yes",
        "highway": "bus_stop",
        "lit": "no",
        "name": "Messering Mitte",
        "public_transport": "platform",
        "shelter": "no"
      },
      "geometry": {
        "type": "Point",
        "coordinates": [
          8.337051,
          48.9796918
        ]
      },
      "id": "node/5643714650"
    },
    {
      "type": "Feature",
      "properties": {
        "@id": "node/5661553202",
        "amenity": "car_sharing",
        "brand": "Stadtmobil",
        "brand:wikidata": "Q2327629",
        "capacity": "9",
        "car_sharing": "key_safe",
        "check_date": "2024-01-23",
        "network": "Stadtmobil Karlsruhe",
        "operator": "Stadtmobil CarSharing GmbH & Co. KG",
        "ref": "Indianaring",
        "website": "https://karlsruhe.stadtmobil.de/"
      },
      "geometry": {
        "type": "Point",
        "coordinates": [
          8.3912735,
          49.033092
        ]
      },
      "id": "node/5661553202"
    },
    {
      "type": "Feature",
      "properties": {
        "@id": "node/5692380123",
        "addr:city": "Ettlingen",
        "addr:housenumber": "33a",
        "addr:postcode": "76275",
        "addr:street": "Buchenweg",
        "name": "Krakus",
        "note": "Schlesische, Polnische & Internationale Spezialitäten",
        "shop": "supermarket"
      },
      "geometry": {
        "type": "Point",
        "coordinates": [
          8.381388,
          48.9526246
        ]
      },
      "id": "node/5692380123"
    },
    {
      "type": "Feature",
      "properties": {
        "@id": "node/5692472621",
        "addr:city": "Ettlingen",
        "addr:housenumber": "68",
        "addr:postcode": "76275",
        "addr:street": "Pappelweg",
        "name": "Rana Market",
        "shop": "supermarket"
      },
      "geometry": {
        "type": "Point",
        "coordinates": [
          8.3833119,
          48.9513908
        ]
      },
      "id": "node/5692472621"
    },
    {
      "type": "Feature",
      "properties": {
        "@id": "node/5708840177",
        "amenity": "fuel",
        "name": "LPG"
      },
      "geometry": {
        "type": "Point",
        "coordinates": [
          8.3332714,
          48.9872876
        ]
      },
      "id": "node/5708840177"
    },
    {
      "type": "Feature",
      "properties": {
        "@id": "node/5729905820",
        "bench": "no",
        "bin": "yes",
        "bus": "yes",
        "check_date:shelter": "2024-06-16",
        "highway": "bus_stop",
        "lit": "no",
        "name": "Forchheim Schwarzwaldschule",
        "public_transport": "platform",
        "shelter": "yes",
        "tactile_paving": "yes",
        "wheelchair": "limited"
      },
      "geometry": {
        "type": "Point",
        "coordinates": [
          8.3156503,
          48.9785185
        ]
      },
      "id": "node/5729905820"
    },
    {
      "type": "Feature",
      "properties": {
        "@id": "node/5731038695",
        "amenity": "car_sharing",
        "brand": "Stadtmobil",
        "capacity": "1",
        "car_sharing": "parking",
        "description": "keine festen Stellpätze, Fahrzeuge parken in der Nähe der Kreuzung",
        "network": "Stadtmobil Karlsruhe",
        "opening_hours": "24/7",
        "operator": "Stadtmobil CarSharing GmbH & Co. KG",
        "ref": "Eppingerstraße",
        "start_date": "2018-06",
        "website": "https://karlsruhe.stadtmobil.de/",
        "wheelchair": "no"
      },
      "geometry": {
        "type": "Point",
        "coordinates": [
          8.4435309,
          49.0189278
        ]
      },
      "id": "node/5731038695"
    },
    {
      "type": "Feature",
      "properties": {
        "@id": "node/5738963865",
        "bus": "yes",
        "highway": "bus_stop",
        "name": "Weinbrennerplatz",
        "network": "Karlsruher Verkehrsverbund",
        "network:guid": "DE-BW-KVV",
        "network:short": "KVV",
        "network:wikidata": "Q1733986",
        "operator": "Verkehrsbetriebe Karlsruhe GmbH",
        "public_transport": "stop_position",
        "wheelchair": "limited",
        "wikidata": "Q126912180"
      },
      "geometry": {
        "type": "Point",
        "coordinates": [
          8.3769883,
          49.0056722
        ]
      },
      "id": "node/5738963865"
    },
    {
      "type": "Feature",
      "properties": {
        "@id": "node/5782635777",
        "bench": "no",
        "bin": "no",
        "bus": "yes",
        "highway": "bus_stop",
        "lit": "yes",
        "name": "Karlsburg",
        "network": "CityTour Karlsruhe",
        "note": "Haltestelle für Hop-On-Hop-Off-Stadtrundfahrten, mit offiziellem Haltestellenschild gekennzeichnet",
        "operator": "WILLMS Touristik GmbH & Co.KG",
        "public_transport": "platform",
        "ref": "9",
        "shelter": "no",
        "tactile_paving": "no"
      },
      "geometry": {
        "type": "Point",
        "coordinates": [
          8.4744796,
          48.998607
        ]
      },
      "id": "node/5782635777"
    },
    {
      "type": "Feature",
      "properties": {
        "@id": "node/5782925163",
        "bench": "no",
        "bin": "no",
        "bus": "yes",
        "highway": "bus_stop",
        "lit": "yes",
        "name": "Ettlinger Tor (Finterstraße)",
        "network": "CityTour Karlsruhe",
        "note": "Haltestelle für Hop-On-Hop-Off-Stadtrundfahrten, mit offiziellem Haltestellenschild gekennzeichnet",
        "operator": "WILLMS Touristik GmbH & Co.KG",
        "public_transport": "platform",
        "shelter": "no",
        "start_date": "2018-07-16",
        "tactile_paving": "no"
      },
      "geometry": {
        "type": "Point",
        "coordinates": [
          8.4037103,
          49.0049341
        ]
      },
      "id": "node/5782925163"
    },
    {
      "type": "Feature",
      "properties": {
        "@id": "node/5812666399",
        "bench": "no",
        "bin": "no",
        "bus": "yes",
        "description": "reine Schulbushaltestelle",
        "highway": "bus_stop",
        "lit": "yes",
        "name": "Grazer Straße",
        "public_transport": "platform",
        "shelter": "no",
        "tactile_paving": "no"
      },
      "geometry": {
        "type": "Point",
        "coordinates": [
          8.455277,
          48.9911468
        ]
      },
      "id": "node/5812666399"
    },
    {
      "type": "Feature",
      "properties": {
        "@id": "node/5824890607",
        "bench": "no",
        "bin": "yes",
        "bus": "yes",
        "check_date:shelter": "2024-05-24",
        "highway": "bus_stop",
        "lit": "yes",
        "name": "Bahnhofsvorplatz",
        "network": "CityTour Karlsruhe",
        "note": "Haltestelle für Hop-On-Hop-Off-Stadtrundfahrten, mit offiziellem Haltestellenschild gekennzeichnet",
        "operator": "WILLMS Touristik GmbH & Co.KG",
        "public_transport": "platform",
        "ref": "1",
        "shelter": "yes",
        "tactile_paving": "no"
      },
      "geometry": {
        "type": "Point",
        "coordinates": [
          8.3990867,
          48.9944763
        ]
      },
      "id": "node/5824890607"
    },
    {
      "type": "Feature",
      "properties": {
        "@id": "node/5840177566",
        "bench": "no",
        "bin": "no",
        "bus": "yes",
        "departures_board": "timetable",
        "highway": "bus_stop",
        "lit": "yes",
        "name": "Efeustraße",
        "network": "Karlsruher Verkehrsverbund",
        "network:guid": "DE-BW-KVV",
        "network:short": "KVV",
        "network:wikidata": "Q1733986",
        "operator": "Verkehrsbetriebe Karlsruhe GmbH",
        "public_transport": "platform",
        "ref_name": "Stupferich, Efeustraße",
        "shelter": "no",
        "tactile_paving": "no",
        "uic_ref": "722537"
      },
      "geometry": {
        "type": "Point",
        "coordinates": [
          8.5126307,
          48.9566171
        ]
      },
      "id": "node/5840177566"
    },
    {
      "type": "Feature",
      "properties": {
        "@id": "node/5840633290",
        "bench": "no",
        "bin": "yes",
        "bus": "yes",
        "highway": "bus_stop",
        "lit": "yes",
        "name": "Pfefferäcker",
        "network": "Karlsruher Verkehrsverbund",
        "network:guid": "DE-BW-KVV",
        "network:short": "KVV",
        "network:wikidata": "Q1733986",
        "operator": "Verkehrsbetriebe Karlsruhe GmbH",
        "public_transport": "platform",
        "ref_name": "Stupferich, Pfefferäcker",
        "shelter": "no",
        "tactile_paving": "no",
        "uic_ref": "722536"
      },
      "geometry": {
        "type": "Point",
        "coordinates": [
          8.5041288,
          48.9523757
        ]
      },
      "id": "node/5840633290"
    },
    {
      "type": "Feature",
      "properties": {
        "@id": "node/5841700191",
        "bench": "no",
        "bin": "no",
        "bus": "yes",
        "highway": "bus_stop",
        "name": "Efeustraße",
        "network": "Karlsruher Verkehrsverbund",
        "network:guid": "DE-BW-KVV",
        "network:short": "KVV",
        "network:wikidata": "Q1733986",
        "operator": "Verkehrsbetriebe Karlsruhe GmbH",
        "public_transport": "platform",
        "ref_name": "Stupferich, Efeustraße",
        "shelter": "no",
        "tactile_paving": "no",
        "uic_ref": "722537"
      },
      "geometry": {
        "type": "Point",
        "coordinates": [
          8.5124892,
          48.9566592
        ]
      },
      "id": "node/5841700191"
    },
    {
      "type": "Feature",
      "properties": {
        "@id": "node/5905997178",
        "bench": "no",
        "bin": "no",
        "bus": "yes",
        "departures_board": "timetable",
        "highway": "bus_stop",
        "lit": "no",
        "name": "Weingarten Rudolf-Diesel-Straße",
        "network": "Karlsruher Verkehrsverbund",
        "network:guid": "DE-BW-KVV",
        "network:short": "KVV",
        "network:wikidata": "Q1733986",
        "public_transport": "platform",
        "ref:IFOPT": "de:08215:31038:0:1",
        "shelter": "no",
        "tactile_paving": "no",
        "wheelchair": "no"
      },
      "geometry": {
        "type": "Point",
        "coordinates": [
          8.519343,
          49.0573452
        ]
      },
      "id": "node/5905997178"
    },
    {
      "type": "Feature",
      "properties": {
        "@id": "node/5905997179",
        "bench": "no",
        "bin": "no",
        "bus": "yes",
        "highway": "bus_stop",
        "lit": "yes",
        "name": "Weingarten Rudolf-Diesel-Straße",
        "network": "Karlsruher Verkehrsverbund",
        "network:guid": "DE-BW-KVV",
        "network:short": "KVV",
        "network:wikidata": "Q1733986",
        "public_transport": "platform",
        "ref:IFOPT": "de:08215:32244:0:2",
        "shelter": "no",
        "tactile_paving": "no",
        "wheelchair": "no"
      },
      "geometry": {
        "type": "Point",
        "coordinates": [
          8.5191994,
          49.0573699
        ]
      },
      "id": "node/5905997179"
    },
    {
      "type": "Feature",
      "properties": {
        "@id": "node/5908313090",
        "bench": "no",
        "bin": "no",
        "bus": "yes",
        "highway": "bus_stop",
        "lit": "yes",
        "name": "ZKM/Städtische Galerie",
        "network": "CityTour Karlsruhe",
        "note": "Haltestelle für Hop-On-Hop-Off-Stadtrundfahrten, mit offiziellem Haltestellenschild gekennzeichnet",
        "operator": "WILLMS Touristik GmbH & Co.KG",
        "public_transport": "platform",
        "ref": "2",
        "shelter": "no",
        "start_date": "2018-07-16",
        "tactile_paving": "no"
      },
      "geometry": {
        "type": "Point",
        "coordinates": [
          8.3830545,
          49.000309
        ]
      },
      "id": "node/5908313090"
    },
    {
      "type": "Feature",
      "properties": {
        "@id": "node/5940950642",
        "amenity": "car_sharing",
        "brand": "Stadtmobil",
        "brand:wikidata": "Q2327629",
        "car_sharing": "key_safe",
        "network": "Stadtmobil Karlsruhe",
        "operator": "Stadtmobil CarSharing GmbH & Co. KG",
        "website": "https://karlsruhe.stadtmobil.de/"
      },
      "geometry": {
        "type": "Point",
        "coordinates": [
          8.3935815,
          49.053847
        ]
      },
      "id": "node/5940950642"
    },
    {
      "type": "Feature",
      "properties": {
        "@id": "node/5964515851",
        "amenity": "car_sharing",
        "brand": "Stadtmobil",
        "brand:wikidata": "Q2327629",
        "car_sharing": "parking",
        "network": "Stadtmobil Karlsruhe",
        "opening_hours": "24/7",
        "operator": "Stadtmobil CarSharing GmbH & Co. KG",
        "ref": "Liebensteinstraße",
        "website": "https://karlsruhe.stadtmobil.de/"
      },
      "geometry": {
        "type": "Point",
        "coordinates": [
          8.4802008,
          49.0019011
        ]
      },
      "id": "node/5964515851"
    },
    {
      "type": "Feature",
      "properties": {
        "@id": "node/5971950782",
        "bus": "yes",
        "highway": "bus_stop",
        "name": "Mühlburger Tor (Grashofstraße)",
        "network": "Karlsruher Verkehrsverbund",
        "network:guid": "DE-BW-KVV",
        "network:short": "KVV",
        "network:wikidata": "Q1733986",
        "operator": "Verkehrsbetriebe Karlsruhe GmbH",
        "public_transport": "stop_position",
        "ref_name": "Karlsruhe Mühlburger Tor (Grashofstraße)",
        "tram": "no",
        "wheelchair": "yes"
      },
      "geometry": {
        "type": "Point",
        "coordinates": [
          8.3845993,
          49.0112985
        ]
      },
      "id": "node/5971950782"
    },
    {
      "type": "Feature",
      "properties": {
        "@id": "node/6018439504",
        "addr:city": "Karlsruhe",
        "addr:country": "DE",
        "addr:housenumber": "1-3",
        "addr:postcode": "76133",
        "addr:street": "Fritz-Erler-Straße",
        "check_date:opening_hours": "2024-10-28",
        "description": "Asiatischer Supermarkt",
        "fixme": "supermarket or convenience?",
        "level": "-1",
        "name": "Xiong Di Asia Supermarkt",
        "opening_hours": "Mo-Sa 10:00-20:00; Su,PH off",
        "origin": "asian",
        "shop": "supermarket",
        "supermarket": "asian"
      },
      "geometry": {
        "type": "Point",
        "coordinates": [
          8.4104218,
          49.0088854
        ]
      },
      "id": "node/6018439504"
    },
    {
      "type": "Feature",
      "properties": {
        "@id": "node/6032175010",
        "bench": "no",
        "bin": "no",
        "bus": "yes",
        "description": "Haltestelle für ALT 64",
        "highway": "bus_stop",
        "lit": "yes",
        "name": "Lameyplatz",
        "network": "Karlsruher Verkehrsverbund",
        "network:guid": "DE-BW-KVV",
        "network:short": "KVV",
        "network:wikidata": "Q1733986",
        "operator": "Verkehrsbetriebe Karlsruhe GmbH",
        "public_transport": "platform",
        "shelter": "no",
        "tactile_paving": "no",
        "wheelchair": "no"
      },
      "geometry": {
        "type": "Point",
        "coordinates": [
          8.3545071,
          49.013427
        ]
      },
      "id": "node/6032175010"
    },
    {
      "type": "Feature",
      "properties": {
        "@id": "node/6125058679",
        "bench": "yes",
        "bin": "yes",
        "bus": "yes",
        "highway": "bus_stop",
        "lit": "yes",
        "name": "Insterburger / Kolberger Straße",
        "network": "Karlsruher Verkehrsverbund",
        "network:guid": "DE-BW-KVV",
        "network:short": "KVV",
        "network:wikidata": "Q1733986",
        "note": "auf Haltestellenschild steht \"Insterburger / Kolberger Straße\", in Online-Fahrplan nur Kolberger Straße",
        "official_name": "Kolberger Straße",
        "operator": "Verkehrsbetriebe Karlsruhe GmbH",
        "public_transport": "platform",
        "ref_name": "Waldstadt Kolberger Straße",
        "shelter": "yes",
        "tactile_paving": "no"
      },
      "geometry": {
        "type": "Point",
        "coordinates": [
          8.43531,
          49.0385203
        ]
      },
      "id": "node/6125058679"
    },
    {
      "type": "Feature",
      "properties": {
        "@id": "node/6125058680",
        "bench": "yes",
        "bin": "yes",
        "bus": "yes",
        "highway": "bus_stop",
        "lit": "yes",
        "name": "Insterburger / Kolberger Straße",
        "network": "Karlsruher Verkehrsverbund",
        "network:guid": "DE-BW-KVV",
        "network:short": "KVV",
        "network:wikidata": "Q1733986",
        "note": "auf Haltestellenschild steht \"Insterburger / Kolberger Straße\", in Online-Fahrplan nur Kolberger Straße",
        "official_name": "Kolberger Straße",
        "operator": "Verkehrsbetriebe Karlsruhe GmbH",
        "public_transport": "platform",
        "ref_name": "Waldstadt Kolberger Straße",
        "shelter": "yes",
        "tactile_paving": "no"
      },
      "geometry": {
        "type": "Point",
        "coordinates": [
          8.4347668,
          49.038231
        ]
      },
      "id": "node/6125058680"
    },
    {
      "type": "Feature",
      "properties": {
        "@id": "node/6133400933",
        "amenity": "car_sharing",
        "brand": "Stadtmobil",
        "brand:wikidata": "Q2327629",
        "capacity": "1",
        "car_sharing": "parking",
        "network": "Stadtmobil Karlsruhe",
        "opening_hours": "24/7",
        "operator": "Stadtmobil CarSharing GmbH & Co. KG",
        "ref": "BGV Durlacher Allee",
        "start_date": "2018-12",
        "website": "https://karlsruhe.stadtmobil.de/"
      },
      "geometry": {
        "type": "Point",
        "coordinates": [
          8.4264959,
          49.0069123
        ]
      },
      "id": "node/6133400933"
    },
    {
      "type": "Feature",
      "properties": {
        "@id": "node/6133449132",
        "bench": "no",
        "bin": "no",
        "bus": "yes",
        "highway": "bus_stop",
        "lit": "yes",
        "name": "Hauptfriedhof",
        "network": "Karlsruher Verkehrsverbund",
        "public_transport": "platform",
        "ref:IFOPT": "de:08212:402:2:5",
        "shelter": "no",
        "tactile_paving": "no",
        "wheelchair": "no"
      },
      "geometry": {
        "type": "Point",
        "coordinates": [
          8.4278379,
          49.0131702
        ]
      },
      "id": "node/6133449132"
    },
    {
      "type": "Feature",
      "properties": {
        "@id": "node/6140664194",
        "bus": "yes",
        "highway": "bus_stop",
        "name": "Weinbrennerplatz",
        "network": "Karlsruher Verkehrsverbund",
        "operator": "Verkehrsbetriebe Karlsruhe GmbH",
        "public_transport": "stop_position"
      },
      "geometry": {
        "type": "Point",
        "coordinates": [
          8.3777173,
          49.0055673
        ]
      },
      "id": "node/6140664194"
    },
    {
      "type": "Feature",
      "properties": {
        "@id": "node/6206106796",
        "bench": "yes",
        "bin": "yes",
        "bus": "yes",
        "highway": "bus_stop",
        "lit": "yes",
        "name": "Hagsfeld Süd",
        "ref_name": "Karlsruhe Hagsfeld Süd",
        "shelter": "yes",
        "tactile_paving": "yes"
      },
      "geometry": {
        "type": "Point",
        "coordinates": [
          8.4499837,
          49.0248694
        ]
      },
      "id": "node/6206106796"
    },
    {
      "type": "Feature",
      "properties": {
        "@id": "node/6221740826",
        "addr:city": "Karlsruhe",
        "addr:country": "DE",
        "addr:housenumber": "8",
        "addr:postcode": "76189",
        "addr:street": "Fettweisstraße",
        "addr:suburb": "Daxlanden",
        "amenity": "fuel",
        "brand": "bft;EFA",
        "compressed_air": "yes",
        "fuel:adblue": "yes",
        "fuel:diesel": "yes",
        "fuel:e10": "yes",
        "fuel:octane_95": "yes",
        "fuel:octane_98": "yes",
        "opening_hours": "Mo-Fr 05:45-20:00; Sa 07:00-16:00",
        "operator": "Kohl & Rössler GbR",
        "payment:dkv": "yes",
        "payment:novofleet": "yes",
        "payment:uta": "yes",
        "wheelchair": "yes"
      },
      "geometry": {
        "type": "Point",
        "coordinates": [
          8.3267979,
          49.0082239
        ]
      },
      "id": "node/6221740826"
    },
    {
      "type": "Feature",
      "properties": {
        "@id": "node/6267113763",
        "bus": "yes",
        "fixme": "Position estimated",
        "highway": "bus_stop",
        "name": "Aussichtsplattform Turmberg",
        "network": "CityTour Karlsruhe",
        "note": "Haltestelle für Hop-On-Hop-Off-Stadtrundfahrten, mit offiziellem Haltestellenschild gekennzeichnet",
        "operator": "WILLMS Touristik GmbH & Co.KG",
        "public_transport": "platform",
        "ref": "8"
      },
      "geometry": {
        "type": "Point",
        "coordinates": [
          8.4857372,
          48.9976073
        ]
      },
      "id": "node/6267113763"
    },
    {
      "type": "Feature",
      "properties": {
        "@id": "node/6283474268",
        "amenity": "car_sharing",
        "brand": "Stadtmobil",
        "brand:wikidata": "Q2327629",
        "capacity": "2",
        "car_sharing": "parking",
        "check_date": "2024-02-13",
        "network": "Stadtmobil Karlsruhe",
        "operator": "Stadtmobil CarSharing GmbH & Co. KG",
        "ref": "Heide-Bocksdornweg",
        "start_date": "2019-02",
        "website": "https://karlsruhe.stadtmobil.de/"
      },
      "geometry": {
        "type": "Point",
        "coordinates": [
          8.3890908,
          49.0375194
        ]
      },
      "id": "node/6283474268"
    },
    {
      "type": "Feature",
      "properties": {
        "@id": "node/6284029142",
        "bench": "no",
        "bin": "no",
        "bus": "yes",
        "covered": "no",
        "description": "KSC-Bus",
        "highway": "bus_stop",
        "lit": "yes",
        "name": "Durlacher Tor - KIT Campus Süd",
        "network": "Karlsruher Verkehrsverbund",
        "network:guid": "DE-BW-KVV",
        "network:short": "KVV",
        "network:wikidata": "Q1733986",
        "operator": "Verkehrsbetriebe Karlsruhe GmbH",
        "public_transport": "platform",
        "ref_name": "Karlsruhe Durlacher Tor - KIT Campus Süd",
        "shelter": "no",
        "start_date": "2019-02-04",
        "tactile_paving": "yes"
      },
      "geometry": {
        "type": "Point",
        "coordinates": [
          8.4180396,
          49.0100638
        ]
      },
      "id": "node/6284029142"
    },
    {
      "type": "Feature",
      "properties": {
        "@id": "node/6342888127",
        "bench": "yes",
        "bin": "yes",
        "bus": "yes",
        "check_date:shelter": "2024-11-14",
        "highway": "bus_stop",
        "lit": "yes",
        "name": "FlixBus Karlsruhe",
        "network": "Flixbus",
        "network:wikidata": "Q15712258",
        "operator": "FlixBus",
        "public_transport": "platform",
        "shelter": "yes",
        "tactile_paving": "no"
      },
      "geometry": {
        "type": "Point",
        "coordinates": [
          8.4009951,
          48.9916142
        ]
      },
      "id": "node/6342888127"
    },
    {
      "type": "Feature",
      "properties": {
        "@id": "node/6352265166",
        "amenity": "fuel",
        "automated": "yes",
        "brand": "tankpool24",
        "contact:website": "https://www.tankpool24.eu/",
        "fuel:HGV_diesel": "yes",
        "fuel:adblue": "yes",
        "fuel:diesel": "yes",
        "name": "Domesle",
        "opening_hours": "24/7",
        "operator": "Walter Domesle Mineralölgroßhandlung GmbH",
        "payment:others": "no",
        "payment:tankpool24": "yes",
        "ref": "262401",
        "shop": "no"
      },
      "geometry": {
        "type": "Point",
        "coordinates": [
          8.4485883,
          49.0107868
        ]
      },
      "id": "node/6352265166"
    },
    {
      "type": "Feature",
      "properties": {
        "@id": "node/6392023070",
        "bench": "no",
        "bin": "no",
        "bus": "yes",
        "description": "Haltestelle stillgelegt aber Schild noch vorhanden",
        "highway": "bus_stop",
        "lit": "yes",
        "name": "Ankerstraße",
        "network": "Karlsruher Verkehrsverbund",
        "network:guid": "DE-BW-KVV",
        "network:short": "KVV",
        "network:wikidata": "Q1733986",
        "operator": "Verkehrsbetriebe Karlsruhe GmbH",
        "public_transport": "platform",
        "shelter": "no",
        "tactile_paving": "no",
        "wheelchair": "no"
      },
      "geometry": {
        "type": "Point",
        "coordinates": [
          8.3351389,
          49.0068304
        ]
      },
      "id": "node/6392023070"
    },
    {
      "type": "Feature",
      "properties": {
        "@id": "node/6392023072",
        "bench": "no",
        "bin": "no",
        "bus": "yes",
        "highway": "bus_stop",
        "lit": "yes",
        "name": "August-Dosenbach-Straße",
        "public_transport": "platform",
        "shelter": "no",
        "tactile_paving": "no",
        "wheelchair": "no"
      },
      "geometry": {
        "type": "Point",
        "coordinates": [
          8.3429528,
          49.0020397
        ]
      },
      "id": "node/6392023072"
    },
    {
      "type": "Feature",
      "properties": {
        "@id": "node/6399335523",
        "bench": "no",
        "bin": "yes",
        "bus": "yes",
        "check_date:shelter": "2024-07-22",
        "highway": "bus_stop",
        "lit": "no",
        "name": "Oberreut Zentrum",
        "public_transport": "platform",
        "shelter": "no",
        "tactile_paving": "no",
        "wheelchair": "no"
      },
      "geometry": {
        "type": "Point",
        "coordinates": [
          8.3625248,
          48.9859969
        ]
      },
      "id": "node/6399335523"
    },
    {
      "type": "Feature",
      "properties": {
        "@id": "node/6404051281",
        "bench": "no",
        "bin": "yes",
        "bus": "yes",
        "highway": "bus_stop",
        "lit": "yes",
        "name": "Synagoge",
        "network": "Karlsruher Verkehrsverbund",
        "network:guid": "DE-BW-KVV",
        "network:short": "KVV",
        "network:wikidata": "Q1733986",
        "operator": "Verkehrsbetriebe Karlsruhe GmbH",
        "public_transport": "platform",
        "shelter": "no",
        "tactile_paving": "no",
        "wheelchair": "no"
      },
      "geometry": {
        "type": "Point",
        "coordinates": [
          8.3847651,
          49.0175953
        ]
      },
      "id": "node/6404051281"
    },
    {
      "type": "Feature",
      "properties": {
        "@id": "node/6404051282",
        "bench": "no",
        "bin": "yes",
        "bus": "yes",
        "check_date:shelter": "2024-01-03",
        "highway": "bus_stop",
        "lit": "yes",
        "name": "Duale Hochschule",
        "network": "Karlsruher Verkehrsverbund",
        "operator": "Verkehrsbetriebe Karlsruhe GmbH",
        "public_transport": "platform",
        "shelter": "no",
        "tactile_paving": "no"
      },
      "geometry": {
        "type": "Point",
        "coordinates": [
          8.3858561,
          49.0265684
        ]
      },
      "id": "node/6404051282"
    },
    {
      "type": "Feature",
      "properties": {
        "@id": "node/6404051283",
        "bench": "no",
        "bin": "no",
        "bus": "yes",
        "highway": "bus_stop",
        "lit": "yes",
        "name": "Feierabendweg",
        "network": "Karlsruher Verkehrsverbund",
        "network:guid": "DE-BW-KVV",
        "network:short": "KVV",
        "network:wikidata": "Q1733986",
        "operator": "Verkehrsbetriebe Karlsruhe GmbH",
        "public_transport": "platform",
        "shelter": "no",
        "tactile_paving": "no"
      },
      "geometry": {
        "type": "Point",
        "coordinates": [
          8.3604515,
          49.0219013
        ]
      },
      "id": "node/6404051283"
    },
    {
      "type": "Feature",
      "properties": {
        "@id": "node/6404051284",
        "bench": "no",
        "bin": "no",
        "bus": "yes",
        "highway": "bus_stop",
        "lit": "yes",
        "name": "Siemensallee",
        "network": "Karlsruher Verkehrsverbund",
        "operator": "Verkehrsbetriebe Karlsruhe GmbH",
        "public_transport": "platform",
        "shelter": "no",
        "tactile_paving": "no"
      },
      "geometry": {
        "type": "Point",
        "coordinates": [
          8.3507969,
          49.0274029
        ]
      },
      "id": "node/6404051284"
    },
    {
      "type": "Feature",
      "properties": {
        "@id": "node/6404052086",
        "bench": "no",
        "bin": "no",
        "bus": "yes",
        "highway": "bus_stop",
        "lit": "yes",
        "name": "Neureuter Straße",
        "network": "Karlsruher Verkehrsverbund",
        "operator": "Verkehrsbetriebe Karlsruhe GmbH",
        "public_transport": "platform",
        "shelter": "no",
        "tactile_paving": "no"
      },
      "geometry": {
        "type": "Point",
        "coordinates": [
          8.3580778,
          49.0234716
        ]
      },
      "id": "node/6404052086"
    },
    {
      "type": "Feature",
      "properties": {
        "@id": "node/6404822374",
        "bench": "no",
        "bin": "no",
        "bus": "yes",
        "highway": "bus_stop",
        "lit": "yes",
        "name": "Stadtwerke",
        "network": "Karlsruher Verkehrsverbund",
        "network:guid": "DE-BW-KVV",
        "network:short": "KVV",
        "network:wikidata": "Q1733986",
        "operator": "Verkehrsbetriebe Karlsruhe GmbH",
        "public_transport": "platform",
        "shelter": "no",
        "tactile_paving": "no",
        "wheelchair": "no"
      },
      "geometry": {
        "type": "Point",
        "coordinates": [
          8.3443278,
          49.0075206
        ]
      },
      "id": "node/6404822374"
    },
    {
      "type": "Feature",
      "properties": {
        "@id": "node/6426730836",
        "amenity": "car_sharing",
        "brand": "Stadtmobil",
        "car_sharing": "key_safe",
        "network": "Stadtmobil Karlsruhe",
        "opening_hours": "24/7",
        "operator": "Stadtmobil CarSharing GmbH & Co. KG",
        "ref": "Erdinger Straße Süd",
        "website": "https://karlsruhe.stadtmobil.de/"
      },
      "geometry": {
        "type": "Point",
        "coordinates": [
          8.4517425,
          48.9929861
        ]
      },
      "id": "node/6426730836"
    },
    {
      "type": "Feature",
      "properties": {
        "@id": "node/6426730837",
        "amenity": "car_sharing",
        "brand": "Stadtmobil",
        "network": "Stadtmobil Karlsruhe",
        "opening_hours": "24/7",
        "operator": "Stadtmobil CarSharing GmbH & Co. KG",
        "ref": "Erdinger Straße Nord",
        "website": "https://karlsruhe.stadtmobil.de/"
      },
      "geometry": {
        "type": "Point",
        "coordinates": [
          8.4519538,
          48.993577
        ]
      },
      "id": "node/6426730837"
    },
    {
      "type": "Feature",
      "properties": {
        "@id": "node/6461144391",
        "amenity": "car_sharing",
        "brand": "Stadtmobil",
        "brand:wikidata": "Q2327629",
        "network": "Stadtmobil Karlsruhe",
        "operator": "Stadtmobil CarSharing GmbH & Co. KG",
        "ref": "Spöcker Weg",
        "website": "https://karlsruhe.stadtmobil.de/"
      },
      "geometry": {
        "type": "Point",
        "coordinates": [
          8.3923101,
          49.0803318
        ]
      },
      "id": "node/6461144391"
    },
    {
      "type": "Feature",
      "properties": {
        "@id": "node/6591771896",
        "amenity": "car_sharing",
        "brand": "Stadtmobil",
        "network": "Stadtmobil Karlsruhe",
        "operator": "Stadtmobil CarSharing GmbH & Co. KG",
        "ref": "Bahnhof Weingarten",
        "website": "https://karlsruhe.stadtmobil.de/privatkunden/stationen/station/bahnhof-weingarten"
      },
      "geometry": {
        "type": "Point",
        "coordinates": [
          8.521889,
          49.0590532
        ]
      },
      "id": "node/6591771896"
    },
    {
      "type": "Feature",
      "properties": {
        "@id": "node/6591771897",
        "addr:city": "Weingarten (Baden)",
        "addr:country": "DE",
        "addr:housenumber": "11",
        "addr:postcode": "76356",
        "addr:street": "Goethestraße",
        "addr:suburb": "Ortsmitte",
        "amenity": "car_sharing",
        "brand": "Stadtmobil",
        "network": "Stadtmobil Karlsruhe",
        "operator": "Stadtmobil CarSharing GmbH & Co. KG",
        "ref": "Goethestraße",
        "website": "https://karlsruhe.stadtmobil.de/privatkunden/stationen/station/goethestrasse"
      },
      "geometry": {
        "type": "Point",
        "coordinates": [
          8.5189609,
          49.0542208
        ]
      },
      "id": "node/6591771897"
    },
    {
      "type": "Feature",
      "properties": {
        "@id": "node/6591771899",
        "addr:city": "Weingarten (Baden)",
        "addr:country": "DE",
        "addr:housenumber": "0",
        "addr:postcode": "76356",
        "addr:street": "Kanalstraße",
        "addr:suburb": "Ortsmitte",
        "amenity": "car_sharing",
        "brand": "Stadtmobil",
        "network": "Stadtmobil Karlsruhe",
        "operator": "Stadtmobil CarSharing GmbH & Co. KG",
        "ref": "Kanalstraße",
        "website": "https://karlsruhe.stadtmobil.de/privatkunden/stationen/station/kanalstrasse"
      },
      "geometry": {
        "type": "Point",
        "coordinates": [
          8.524886,
          49.0508
        ]
      },
      "id": "node/6591771899"
    },
    {
      "type": "Feature",
      "properties": {
        "@id": "node/6591771900",
        "amenity": "car_sharing",
        "brand": "Stadtmobil",
        "network": "Stadtmobil Karlsruhe",
        "operator": "Stadtmobil CarSharing GmbH & Co. KG",
        "ref": "Königsberger Straße",
        "website": "https://karlsruhe.stadtmobil.de/privatkunden/stationen/station/koenigsberger-strasse"
      },
      "geometry": {
        "type": "Point",
        "coordinates": [
          8.523597,
          49.046028
        ]
      },
      "id": "node/6591771900"
    },
    {
      "type": "Feature",
      "properties": {
        "@id": "node/6591771901",
        "amenity": "car_sharing",
        "brand": "Stadtmobil",
        "brand:wikidata": "Q2327629",
        "car_sharing": "parking",
        "check_date": "2024-10-13",
        "description": "keine festen Parkplätze",
        "network": "Stadtmobil Karlsruhe",
        "opening_hours": "24/7",
        "operator": "Stadtmobil CarSharing GmbH & Co. KG",
        "operator:type": "private",
        "ref": "Bertha-von-Suttner-Straße",
        "website": "https://karlsruhe.stadtmobil.de/privatkunden/stationen/station/bertha-von-suttner-strasse"
      },
      "geometry": {
        "type": "Point",
        "coordinates": [
          8.448362,
          49.045176
        ]
      },
      "id": "node/6591771901"
    },
    {
      "type": "Feature",
      "properties": {
        "@id": "node/6591771902",
        "addr:city": "Karlsruhe",
        "addr:country": "DE",
        "addr:housenumber": "30",
        "addr:postcode": "76149",
        "addr:street": "Bärenweg",
        "addr:suburb": "Neureut",
        "amenity": "car_sharing",
        "brand": "Stadtmobil",
        "name": "Grünewaldstraße",
        "network": "cambio_stadtmobil",
        "operator": "Stadtmobil CarSharing GmbH & Co. KG",
        "website": "https://karlsruhe.stadtmobil.de/privatkunden/stationen/station/gruenewaldstrasse"
      },
      "geometry": {
        "type": "Point",
        "coordinates": [
          8.380766,
          49.04479
        ]
      },
      "id": "node/6591771902"
    },
    {
      "type": "Feature",
      "properties": {
        "@id": "node/6591771904",
        "amenity": "car_sharing",
        "brand": "Stadtmobil",
        "name": "Egon-Eiermann-Allee",
        "network": "Stadtmobil Karlsruhe",
        "operator": "Stadtmobil CarSharing GmbH & Co. KG",
        "website": "https://karlsruhe.stadtmobil.de/privatkunden/stationen/station/egon-eiermann-allee"
      },
      "geometry": {
        "type": "Point",
        "coordinates": [
          8.3477301,
          49.0383993
        ]
      },
      "id": "node/6591771904"
    },
    {
      "type": "Feature",
      "properties": {
        "@id": "node/6591771905",
        "amenity": "car_sharing",
        "brand": "Stadtmobil",
        "brand:wikidata": "Q2327629",
        "network": "Stadtmobil Karlsruhe",
        "operator": "Stadtmobil CarSharing GmbH & Co. KG",
        "ref": "Kaiserslauterner Straße",
        "website": "https://karlsruhe.stadtmobil.de/privatkunden/stationen/station/kaiserslauterner-strasse"
      },
      "geometry": {
        "type": "Point",
        "coordinates": [
          8.3732558,
          49.0356003
        ]
      },
      "id": "node/6591771905"
    },
    {
      "type": "Feature",
      "properties": {
        "@id": "node/6591771906",
        "addr:city": "Karlsruhe",
        "addr:country": "DE",
        "addr:housenumber": "0",
        "addr:postcode": "76187",
        "addr:street": "Pionierstraße",
        "addr:suburb": "Knielingen",
        "amenity": "car_sharing",
        "brand": "Stadtmobil",
        "name": "Pionierstraße",
        "network": "cambio_stadtmobil",
        "operator": "Stadtmobil CarSharing GmbH & Co. KG",
        "website": "https://karlsruhe.stadtmobil.de/privatkunden/stationen/station/pionierstrasse"
      },
      "geometry": {
        "type": "Point",
        "coordinates": [
          8.3457198,
          49.0344536
        ]
      },
      "id": "node/6591771906"
    },
    {
      "type": "Feature",
      "properties": {
        "@id": "node/6591771908",
        "amenity": "car_sharing",
        "brand": "Stadtmobil",
        "brand:wikidata": "Q2327629",
        "capacity": "2",
        "car_sharing": "parking",
        "network": "Stadtmobil Karlsruhe",
        "operator": "Stadtmobil CarSharing GmbH & Co. KG",
        "ref": "Hertzstraße/Friedhof",
        "website": "https://karlsruhe.stadtmobil.de/"
      },
      "geometry": {
        "type": "Point",
        "coordinates": [
          8.3644768,
          49.0340034
        ]
      },
      "id": "node/6591771908"
    },
    {
      "type": "Feature",
      "properties": {
        "@id": "node/6591771909",
        "amenity": "car_sharing",
        "brand": "Stadtmobil",
        "network": "Stadtmobil Karlsruhe",
        "operator": "Stadtmobil CarSharing GmbH & Co. KG",
        "ref": "Petrus-Jakobus-Gemeinde",
        "website": "https://karlsruhe.stadtmobil.de/privatkunden/stationen/station/petrus-jakobus-gemeinde"
      },
      "geometry": {
        "type": "Point",
        "coordinates": [
          8.369012,
          49.02893
        ]
      },
      "id": "node/6591771909"
    },
    {
      "type": "Feature",
      "properties": {
        "@id": "node/6591771910",
        "addr:city": "Karlsruhe",
        "addr:country": "DE",
        "addr:housenumber": "83",
        "addr:postcode": "76185",
        "addr:street": "Zietenstraße",
        "addr:suburb": "Mühlburg",
        "amenity": "car_sharing",
        "brand": "Stadtmobil",
        "name": "Zietenstraße",
        "network": "cambio_stadtmobil",
        "operator": "Stadtmobil CarSharing GmbH & Co. KG",
        "website": "https://karlsruhe.stadtmobil.de/privatkunden/stationen/station/zietenstrasse"
      },
      "geometry": {
        "type": "Point",
        "coordinates": [
          8.362352,
          49.020829
        ]
      },
      "id": "node/6591771910"
    },
    {
      "type": "Feature",
      "properties": {
        "@id": "node/6591771911",
        "amenity": "car_sharing",
        "brand": "Stadtmobil",
        "check_date": "2024-06-03",
        "name": "Nancystraße",
        "network": "Stadtmobil Karlsruhe",
        "operator": "Stadtmobil CarSharing GmbH & Co. KG",
        "website": "https://karlsruhe.stadtmobil.de/privatkunden/stationen/station/nancystrasse"
      },
      "geometry": {
        "type": "Point",
        "coordinates": [
          8.3712355,
          49.0210516
        ]
      },
      "id": "node/6591771911"
    },
    {
      "type": "Feature",
      "properties": {
        "@id": "node/6591771912",
        "addr:city": "Karlsruhe",
        "addr:country": "DE",
        "addr:housenumber": "8",
        "addr:postcode": "76149",
        "addr:street": "Tennesseeallee",
        "addr:suburb": "Nordstadt",
        "amenity": "car_sharing",
        "brand": "Stadtmobil",
        "check_date": "2024-01-06",
        "name": "Michiganstraße-Tennesseeallee",
        "network": "cambio_stadtmobil",
        "operator": "Stadtmobil CarSharing GmbH & Co. KG",
        "website": "https://karlsruhe.stadtmobil.de/privatkunden/stationen/station/michiganstrasse-tennesseeallee"
      },
      "geometry": {
        "type": "Point",
        "coordinates": [
          8.3884392,
          49.0201475
        ]
      },
      "id": "node/6591771912"
    },
    {
      "type": "Feature",
      "properties": {
        "@id": "node/6591771913",
        "addr:city": "Karlsruhe",
        "addr:country": "DE",
        "addr:housenumber": "26",
        "addr:postcode": "76185",
        "addr:street": "Kanonierstraße",
        "addr:suburb": "Mühlburg",
        "amenity": "car_sharing",
        "brand": "Stadtmobil",
        "brand:wikidata": "Q2327629",
        "name": "Kanonierstraße",
        "network": "Stadtmobil Karlsruhe",
        "operator": "Stadtmobil CarSharing GmbH & Co. KG",
        "website": "https://karlsruhe.stadtmobil.de/privatkunden/stationen/station/kanonierstrasse"
      },
      "geometry": {
        "type": "Point",
        "coordinates": [
          8.364282,
          49.019031
        ]
      },
      "id": "node/6591771913"
    },
    {
      "type": "Feature",
      "properties": {
        "@id": "node/6591771914",
        "addr:city": "Karlsruhe",
        "addr:country": "DE",
        "addr:postcode": "76189",
        "addr:street": "Am Mühlburger Bahnhof",
        "addr:suburb": "Mühlburg",
        "amenity": "car_sharing",
        "brand": "Stadtmobil",
        "name": "Am Mühlburger Bahnhof",
        "network": "cambio_stadtmobil",
        "operator": "Stadtmobil CarSharing GmbH & Co. KG",
        "website": "https://karlsruhe.stadtmobil.de/privatkunden/stationen/station/am-muehlburger-bahnhof"
      },
      "geometry": {
        "type": "Point",
        "coordinates": [
          8.352076,
          49.015007
        ]
      },
      "id": "node/6591771914"
    },
    {
      "type": "Feature",
      "properties": {
        "@id": "node/6591771915",
        "addr:city": "Karlsruhe",
        "addr:country": "DE",
        "addr:housenumber": "53",
        "addr:postcode": "76229",
        "addr:street": "Weingartener Straße",
        "addr:suburb": "Grötzingen",
        "amenity": "car_sharing",
        "brand": "Stadtmobil",
        "brand:wikidata": "Q2327629",
        "name": "Weingartener Straße",
        "network": "cambio_stadtmobil",
        "operator": "Stadtmobil CarSharing GmbH & Co. KG",
        "website": "https://karlsruhe.stadtmobil.de/privatkunden/stationen/station/weingartener-strasse"
      },
      "geometry": {
        "type": "Point",
        "coordinates": [
          8.4974313,
          49.0145538
        ]
      },
      "id": "node/6591771915"
    },
    {
      "type": "Feature",
      "properties": {
        "@id": "node/6591771916",
        "amenity": "car_sharing",
        "brand": "Stadtmobil",
        "name": "Parkhaus-Passagehof",
        "network": "Stadtmobil Karlsruhe",
        "opening_hours": "24/7",
        "operator": "Stadtmobil CarSharing GmbH & Co. KG",
        "website": "https://karlsruhe.stadtmobil.de/privatkunden/stationen/station/parkhaus-passagehof"
      },
      "geometry": {
        "type": "Point",
        "coordinates": [
          8.3980271,
          49.0111447
        ]
      },
      "id": "node/6591771916"
    },
    {
      "type": "Feature",
      "properties": {
        "@id": "node/6591771917",
        "addr:city": "Karlsruhe",
        "addr:country": "DE",
        "addr:housenumber": "27",
        "addr:postcode": "76229",
        "addr:street": "Karl-Leopold-Straße",
        "addr:suburb": "Grötzingen",
        "amenity": "car_sharing",
        "brand": "Stadtmobil",
        "check_date": "2024-07-23",
        "name": "Karl-Leopold-Straße",
        "network": "cambio_stadtmobil",
        "operator": "Stadtmobil CarSharing GmbH & Co. KG",
        "website": "https://karlsruhe.stadtmobil.de/privatkunden/stationen/station/karl-leopold-strasse"
      },
      "geometry": {
        "type": "Point",
        "coordinates": [
          8.491139,
          49.010917
        ]
      },
      "id": "node/6591771917"
    },
    {
      "type": "Feature",
      "properties": {
        "@id": "node/6591771918",
        "amenity": "car_sharing",
        "brand": "Stadtmobil",
        "check_date": "2024-09-28",
        "network": "Stadtmobil Karlsruhe",
        "operator": "Stadtmobil CarSharing GmbH & Co. KG",
        "ref": "Zirkel",
        "website": "https://karlsruhe.stadtmobil.de/privatkunden/stationen/station/zirkel-1/"
      },
      "geometry": {
        "type": "Point",
        "coordinates": [
          8.408263,
          49.010719
        ]
      },
      "id": "node/6591771918"
    },
    {
      "type": "Feature",
      "properties": {
        "@id": "node/6591771920",
        "addr:city": "Karlsruhe",
        "addr:country": "DE",
        "addr:housenumber": "31",
        "addr:postcode": "76133",
        "addr:street": "Zirkel",
        "addr:suburb": "Innenstadt West",
        "amenity": "car_sharing",
        "brand": "Stadtmobil",
        "check_date": "2024-08-20",
        "name": "Herrenstraße-Parkhaus-am-Zirkel",
        "network": "cambio_stadtmobil",
        "operator": "Stadtmobil CarSharing GmbH & Co. KG",
        "website": "https://karlsruhe.stadtmobil.de/privatkunden/stationen/station/herrenstrasse-parkhaus-am-zirkel"
      },
      "geometry": {
        "type": "Point",
        "coordinates": [
          8.4008852,
          49.0106486
        ]
      },
      "id": "node/6591771920"
    },
    {
      "type": "Feature",
      "properties": {
        "@id": "node/6591771921",
        "addr:city": "Karlsruhe",
        "addr:country": "DE",
        "addr:housenumber": "25",
        "addr:postcode": "76131",
        "addr:street": "Essenweinstraße",
        "addr:suburb": "Oststadt",
        "amenity": "car_sharing",
        "brand": "Stadtmobil",
        "brand:wikidata": "Q2327629",
        "name": "KiGa-Essenweinstraße",
        "network": "Stadtmobil Karlsruhe",
        "operator": "Stadtmobil CarSharing GmbH & Co. KG",
        "website": "https://karlsruhe.stadtmobil.de/privatkunden/stationen/station/kiga-essenweinstrasse"
      },
      "geometry": {
        "type": "Point",
        "coordinates": [
          8.427183,
          49.01036
        ]
      },
      "id": "node/6591771921"
    },
    {
      "type": "Feature",
      "properties": {
        "@id": "node/6591771924",
        "addr:city": "Karlsruhe",
        "addr:country": "DE",
        "addr:housenumber": "64",
        "addr:postcode": "76135",
        "addr:street": "Lessingstraße",
        "addr:suburb": "Weststadt",
        "amenity": "car_sharing",
        "brand": "Stadtmobil",
        "check_date": "2024-08-08",
        "name": "Lessingstraße",
        "network": "cambio_stadtmobil",
        "operator": "Stadtmobil CarSharing GmbH & Co. KG",
        "website": "https://karlsruhe.stadtmobil.de/privatkunden/stationen/station/lessingstrasse"
      },
      "geometry": {
        "type": "Point",
        "coordinates": [
          8.3847189,
          49.0066509
        ]
      },
      "id": "node/6591771924"
    },
    {
      "type": "Feature",
      "properties": {
        "@id": "node/6591771925",
        "amenity": "car_sharing",
        "brand": "Stadtmobil",
        "check_date": "2024-09-30",
        "name": "Büchelbergstraße",
        "network": "Stadtmobil Karlsruhe",
        "operator": "Stadtmobil CarSharing GmbH & Co. KG",
        "ref": "Büchelbergstraße",
        "website": "https://karlsruhe.stadtmobil.de/privatkunden/stationen/station/buechelbergstrasse"
      },
      "geometry": {
        "type": "Point",
        "coordinates": [
          8.495739,
          49.006497
        ]
      },
      "id": "node/6591771925"
    },
    {
      "type": "Feature",
      "properties": {
        "@id": "node/6591771926",
        "addr:city": "Karlsruhe",
        "addr:country": "DE",
        "addr:housenumber": "1c",
        "addr:postcode": "76189",
        "addr:street": "Waidweg",
        "addr:suburb": "Daxlanden",
        "amenity": "car_sharing",
        "brand": "Stadtmobil",
        "brand:wikidata": "Q2327629",
        "name": "Waidweg / Caritas",
        "network": "Stadtmobil Karlsruhe",
        "operator": "Stadtmobil CarSharing GmbH & Co. KG",
        "website": "https://karlsruhe.stadtmobil.de/privatkunden/stationen/station/waidweg-caritas"
      },
      "geometry": {
        "type": "Point",
        "coordinates": [
          8.3233881,
          49.0050674
        ]
      },
      "id": "node/6591771926"
    },
    {
      "type": "Feature",
      "properties": {
        "@id": "node/6591771927",
        "addr:city": "Karlsruhe",
        "addr:country": "DE",
        "addr:housenumber": "24",
        "addr:postcode": "76189",
        "addr:street": "Kastenwörtstraße",
        "addr:suburb": "Daxlanden",
        "amenity": "car_sharing",
        "brand": "Stadtmobil",
        "name": "Kastenwörtstraße",
        "network": "cambio_stadtmobil",
        "operator": "Stadtmobil CarSharing GmbH & Co. KG",
        "website": "https://karlsruhe.stadtmobil.de/privatkunden/stationen/station/kastenwoertstrasse"
      },
      "geometry": {
        "type": "Point",
        "coordinates": [
          8.3319412,
          49.005018
        ]
      },
      "id": "node/6591771927"
    },
    {
      "type": "Feature",
      "properties": {
        "@id": "node/6591771930",
        "addr:city": "Karlsruhe",
        "addr:country": "DE",
        "addr:housenumber": "60",
        "addr:postcode": "76185",
        "addr:street": "Durmersheimer Straße",
        "addr:suburb": "Grünwinkel",
        "amenity": "car_sharing",
        "brand": "Stadtmobil",
        "check_date": "2024-12-06",
        "name": "Am Albgrün",
        "network": "cambio_stadtmobil",
        "operator": "Stadtmobil CarSharing GmbH & Co. KG",
        "website": "https://karlsruhe.stadtmobil.de/privatkunden/stationen/station/am-albgruen"
      },
      "geometry": {
        "type": "Point",
        "coordinates": [
          8.355529,
          49.0039807
        ]
      },
      "id": "node/6591771930"
    },
    {
      "type": "Feature",
      "properties": {
        "@id": "node/6591771931",
        "addr:city": "Karlsruhe",
        "addr:country": "DE",
        "addr:housenumber": "24",
        "addr:postcode": "76229",
        "addr:street": "Karl-Martin-Graff-Straße",
        "addr:suburb": "Grötzingen",
        "amenity": "car_sharing",
        "brand": "Stadtmobil",
        "check_date": "2025-02-26",
        "name": "Karl-Martin-Graff-Straße",
        "network": "cambio_stadtmobil",
        "operator": "Stadtmobil CarSharing GmbH & Co. KG",
        "website": "https://karlsruhe.stadtmobil.de/privatkunden/stationen/station/karl-martin-graff-strasse"
      },
      "geometry": {
        "type": "Point",
        "coordinates": [
          8.504037,
          49.00361
        ]
      },
      "id": "node/6591771931"
    },
    {
      "type": "Feature",
      "properties": {
        "@id": "node/6591771932",
        "addr:city": "Karlsruhe",
        "addr:country": "DE",
        "addr:housenumber": "8",
        "addr:postcode": "76189",
        "addr:street": "Hermann-Hesse-Straße",
        "addr:suburb": "Daxlanden",
        "amenity": "car_sharing",
        "brand": "Stadtmobil",
        "name": "Hermann-Hesse-Str",
        "network": "cambio_stadtmobil",
        "operator": "Stadtmobil CarSharing GmbH & Co. KG",
        "website": "https://karlsruhe.stadtmobil.de/privatkunden/stationen/station/hermann-hesse-str"
      },
      "geometry": {
        "type": "Point",
        "coordinates": [
          8.337438,
          49.002076
        ]
      },
      "id": "node/6591771932"
    },
    {
      "type": "Feature",
      "properties": {
        "@id": "node/6591771933",
        "addr:city": "Karlsruhe",
        "addr:country": "DE",
        "addr:housenumber": "56",
        "addr:postcode": "76137",
        "addr:street": "Rüppurrer Straße",
        "addr:suburb": "Südstadt",
        "amenity": "car_sharing",
        "brand": "Stadtmobil",
        "brand:wikidata": "Q2327629",
        "level": "-1",
        "network": "Stadtmobil Karlsruhe",
        "operator": "Stadtmobil CarSharing GmbH & Co. KG",
        "ref": "Rüppurrer Straße",
        "website": "https://karlsruhe.stadtmobil.de/privatkunden/stationen/station/rueppurrer-strasse"
      },
      "geometry": {
        "type": "Point",
        "coordinates": [
          8.4103882,
          49.0003729
        ]
      },
      "id": "node/6591771933"
    },
    {
      "type": "Feature",
      "properties": {
        "@id": "node/6591771934",
        "addr:city": "Karlsruhe",
        "addr:country": "DE",
        "addr:housenumber": "56",
        "addr:postcode": "76189",
        "addr:street": "Lindenallee",
        "addr:suburb": "Daxlanden",
        "amenity": "car_sharing",
        "brand": "Stadtmobil",
        "name": "Lindenallee",
        "network": "cambio_stadtmobil",
        "operator": "Stadtmobil CarSharing GmbH & Co. KG",
        "website": "https://karlsruhe.stadtmobil.de/privatkunden/stationen/station/lindenallee"
      },
      "geometry": {
        "type": "Point",
        "coordinates": [
          8.3365269,
          48.9987803
        ]
      },
      "id": "node/6591771934"
    },
    {
      "type": "Feature",
      "properties": {
        "@id": "node/6591771935",
        "addr:city": "Karlsruhe",
        "addr:country": "DE",
        "addr:housenumber": "9",
        "addr:postcode": "76189",
        "addr:street": "Thomas-Mann-Straße",
        "addr:suburb": "Daxlanden",
        "amenity": "car_sharing",
        "brand": "Stadtmobil",
        "name": "Thomas-Mann-Straße",
        "network": "cambio_stadtmobil",
        "operator": "Stadtmobil CarSharing GmbH & Co. KG",
        "website": "https://karlsruhe.stadtmobil.de/privatkunden/stationen/station/thomas-mann-strasse"
      },
      "geometry": {
        "type": "Point",
        "coordinates": [
          8.3419725,
          48.9982576
        ]
      },
      "id": "node/6591771935"
    },
    {
      "type": "Feature",
      "properties": {
        "@id": "node/6591771936",
        "addr:city": "Karlsruhe",
        "addr:country": "DE",
        "addr:housenumber": "12",
        "addr:postcode": "76189",
        "addr:street": "Weidenweg",
        "addr:suburb": "Daxlanden",
        "amenity": "car_sharing",
        "brand": "Stadtmobil",
        "name": "Weidenweg",
        "network": "cambio_stadtmobil",
        "operator": "Stadtmobil CarSharing GmbH & Co. KG",
        "website": "https://karlsruhe.stadtmobil.de/privatkunden/stationen/station/weidenweg"
      },
      "geometry": {
        "type": "Point",
        "coordinates": [
          8.334001,
          48.996452
        ]
      },
      "id": "node/6591771936"
    },
    {
      "type": "Feature",
      "properties": {
        "@id": "node/6591771938",
        "addr:city": "Karlsruhe",
        "addr:country": "DE",
        "addr:housenumber": "1",
        "addr:postcode": "76227",
        "addr:street": "Auf den Lohn",
        "addr:suburb": "Durlach",
        "amenity": "car_sharing",
        "brand": "Stadtmobil",
        "name": "Auf den Lohn",
        "network": "cambio_stadtmobil",
        "operator": "Stadtmobil CarSharing GmbH & Co. KG",
        "website": "https://karlsruhe.stadtmobil.de/privatkunden/stationen/station/auf-den-lohn"
      },
      "geometry": {
        "type": "Point",
        "coordinates": [
          8.453674,
          48.9947
        ]
      },
      "id": "node/6591771938"
    },
    {
      "type": "Feature",
      "properties": {
        "@id": "node/6591771939",
        "amenity": "car_sharing",
        "brand": "Stadtmobil",
        "brand:wikidata": "Q2327629",
        "capacity": "3",
        "car_sharing": "parking",
        "description": "nur Transporter",
        "name": "Hinterm Hauptbahnhof P6",
        "network": "Stadtmobil Karlsruhe",
        "object:addr:city": "Karlsruhe",
        "object:addr:country": "DE",
        "object:addr:housenumber": "53",
        "object:addr:postcode": "76137",
        "object:addr:street": "Fautenbruchstraße",
        "object:addr:suburb": "Südweststadt",
        "opening_hours": "24/7",
        "operator": "Stadtmobil CarSharing GmbH & Co. KG",
        "ref": "Hinterm Hauptbahnhof P6",
        "website": "https://karlsruhe.stadtmobil.de/privatkunden/stationen/station/hinterm-hauptbahnhof-p6/"
      },
      "geometry": {
        "type": "Point",
        "coordinates": [
          8.4062613,
          48.9926598
        ]
      },
      "id": "node/6591771939"
    },
    {
      "type": "Feature",
      "properties": {
        "@id": "node/6591771940",
        "addr:city": "Karlsruhe",
        "addr:country": "DE",
        "addr:housenumber": "1",
        "addr:postcode": "76227",
        "addr:street": "Westmarkstraße",
        "addr:suburb": "Durlach",
        "amenity": "car_sharing",
        "brand": "Stadtmobil",
        "check_date": "2024-03-11",
        "name": "Westmarkstraße / Volksbank",
        "network": "cambio_stadtmobil",
        "operator": "Stadtmobil CarSharing GmbH & Co. KG",
        "website": "https://karlsruhe.stadtmobil.de/privatkunden/stationen/station/westmarkstrasse-volksbank"
      },
      "geometry": {
        "type": "Point",
        "coordinates": [
          8.4615,
          48.992917
        ]
      },
      "id": "node/6591771940"
    },
    {
      "type": "Feature",
      "properties": {
        "@id": "node/6591771941",
        "amenity": "car_sharing",
        "brand": "Stadtmobil",
        "name": "Schlesier Straße",
        "network": "cambio_stadtmobil",
        "operator": "Stadtmobil CarSharing GmbH & Co. KG",
        "website": "https://karlsruhe.stadtmobil.de/privatkunden/stationen/station/schlesier-strasse"
      },
      "geometry": {
        "type": "Point",
        "coordinates": [
          8.451479,
          48.988624
        ]
      },
      "id": "node/6591771941"
    },
    {
      "type": "Feature",
      "properties": {
        "@id": "node/6591771942",
        "addr:city": "Karlsruhe",
        "addr:country": "DE",
        "addr:housenumber": "0",
        "addr:postcode": "76199",
        "addr:street": "Kehler Straße",
        "addr:suburb": "Dammerstock",
        "amenity": "car_sharing",
        "brand": "Stadtmobil",
        "brand:wikidata": "Q2327629",
        "name": "Kehler Straße",
        "network": "Stadtmobil Karlsruhe",
        "operator": "Stadtmobil CarSharing GmbH & Co. KG",
        "operator:type": "private",
        "website": "https://karlsruhe.stadtmobil.de/privatkunden/stationen/station/kehler-strasse"
      },
      "geometry": {
        "type": "Point",
        "coordinates": [
          8.398091,
          48.988221
        ]
      },
      "id": "node/6591771942"
    },
    {
      "type": "Feature",
      "properties": {
        "@id": "node/6591771943",
        "addr:city": "Karlsruhe",
        "addr:country": "DE",
        "addr:housenumber": "13",
        "addr:postcode": "76227",
        "addr:street": "Max-Beckmann-Straße",
        "addr:suburb": "Durlach",
        "amenity": "car_sharing",
        "brand": "Stadtmobil",
        "name": "Max-Beckmann-Straße",
        "network": "cambio_stadtmobil",
        "operator": "Stadtmobil CarSharing GmbH & Co. KG",
        "website": "https://karlsruhe.stadtmobil.de/privatkunden/stationen/station/max-beckmann-strasse"
      },
      "geometry": {
        "type": "Point",
        "coordinates": [
          8.4763813,
          48.9873425
        ]
      },
      "id": "node/6591771943"
    },
    {
      "type": "Feature",
      "properties": {
        "@id": "node/6591771944",
        "addr:city": "Karlsruhe",
        "addr:country": "DE",
        "addr:housenumber": "11",
        "addr:postcode": "76199",
        "addr:street": "Oosstraße",
        "addr:suburb": "Weiherfeld",
        "amenity": "car_sharing",
        "brand": "Stadtmobil",
        "name": "Oosstraße",
        "network": "cambio_stadtmobil",
        "operator": "Stadtmobil CarSharing GmbH & Co. KG",
        "website": "https://karlsruhe.stadtmobil.de/privatkunden/stationen/station/oosstrasse"
      },
      "geometry": {
        "type": "Point",
        "coordinates": [
          8.390971,
          48.986885
        ]
      },
      "id": "node/6591771944"
    },
    {
      "type": "Feature",
      "properties": {
        "@id": "node/6591771945",
        "addr:city": "Karlsruhe",
        "addr:country": "DE",
        "addr:housenumber": "8",
        "addr:postcode": "76199",
        "addr:street": "Dreisamstraße",
        "addr:suburb": "Weiherfeld",
        "amenity": "car_sharing",
        "brand": "Stadtmobil",
        "name": "Dreisamstraße",
        "network": "cambio_stadtmobil",
        "operator": "Stadtmobil CarSharing GmbH & Co. KG",
        "website": "https://karlsruhe.stadtmobil.de/privatkunden/stationen/station/dreisamstrasse"
      },
      "geometry": {
        "type": "Point",
        "coordinates": [
          8.394712,
          48.986453
        ]
      },
      "id": "node/6591771945"
    },
    {
      "type": "Feature",
      "properties": {
        "@id": "node/6591771946",
        "amenity": "car_sharing",
        "brand": "Stadtmobil",
        "car_sharing": "parking",
        "name": "Donaustraße",
        "network": "Stadtmobil Karlsruhe",
        "opening_hours": "24/7",
        "operator": "Stadtmobil CarSharing GmbH & Co. KG",
        "website": "https://karlsruhe.stadtmobil.de/privatkunden/stationen/station/donaustrasse"
      },
      "geometry": {
        "type": "Point",
        "coordinates": [
          8.3894529,
          48.9835513
        ]
      },
      "id": "node/6591771946"
    },
    {
      "type": "Feature",
      "properties": {
        "@id": "node/6591771947",
        "addr:city": "Karlsruhe",
        "addr:country": "DE",
        "addr:housenumber": "7",
        "addr:postcode": "76189",
        "addr:street": "Graf-Stauffenberg-Straße",
        "addr:suburb": "Oberreut",
        "amenity": "car_sharing",
        "brand": "Stadtmobil",
        "brand:wikidata": "Q2327629",
        "capacity": "3",
        "name": "Graf-Stauffenberg-Straße",
        "network": "Stadtmobil Karlsruhe",
        "note": "Die drei Stellplätze befinden sich vor den Häusern Nr. 9 und Nr. 15 (Parkplätze 6,7,16)",
        "operator": "Stadtmobil CarSharing GmbH & Co. KG",
        "operator:type": "private",
        "website": "https://karlsruhe.stadtmobil.de/privatkunden/stationen/station/graf-stauffenberg-strasse"
      },
      "geometry": {
        "type": "Point",
        "coordinates": [
          8.368192,
          48.9802157
        ]
      },
      "id": "node/6591771947"
    },
    {
      "type": "Feature",
      "properties": {
        "@id": "node/6591771949",
        "addr:city": "Rheinstetten",
        "addr:country": "DE",
        "addr:housenumber": "0",
        "addr:postcode": "76287",
        "addr:street": "Hauptstraße",
        "addr:suburb": "Forchheim",
        "amenity": "car_sharing",
        "brand": "Stadtmobil",
        "check_date": "2024-02-04",
        "name": "Rathaus Forchheim",
        "network": "cambio_stadtmobil",
        "operator": "Stadtmobil CarSharing GmbH & Co. KG",
        "website": "https://karlsruhe.stadtmobil.de/privatkunden/stationen/station/rathaus-forchheim"
      },
      "geometry": {
        "type": "Point",
        "coordinates": [
          8.308158,
          48.9758
        ]
      },
      "id": "node/6591771949"
    },
    {
      "type": "Feature",
      "properties": {
        "@id": "node/6591771950",
        "addr:city": "Karlsruhe",
        "addr:country": "DE",
        "addr:housenumber": "2",
        "addr:postcode": "76228",
        "addr:street": "Rathausstraße",
        "addr:suburb": "Wolfartsweier",
        "amenity": "car_sharing",
        "brand": "Stadtmobil",
        "check_date": "2024-10-10",
        "name": "Rathausstraße",
        "network": "cambio_stadtmobil",
        "operator": "Stadtmobil CarSharing GmbH & Co. KG",
        "website": "https://karlsruhe.stadtmobil.de/privatkunden/stationen/station/rathausstrasse"
      },
      "geometry": {
        "type": "Point",
        "coordinates": [
          8.4525655,
          48.9745621
        ]
      },
      "id": "node/6591771950"
    },
    {
      "type": "Feature",
      "properties": {
        "@id": "node/6591771951",
        "addr:city": "Karlsruhe",
        "addr:country": "DE",
        "addr:housenumber": "73",
        "addr:postcode": "76199",
        "addr:street": "Rastatter Straße",
        "addr:suburb": "Rüppurr",
        "amenity": "car_sharing",
        "brand": "Stadtmobil",
        "brand:wikidata": "Q2327629",
        "name": "Rastatter Straße",
        "network": "Stadtmobil Karlsruhe",
        "operator": "Stadtmobil CarSharing GmbH & Co. KG",
        "operator:type": "private",
        "website": "https://karlsruhe.stadtmobil.de/privatkunden/stationen/station/rastatter-strasse"
      },
      "geometry": {
        "type": "Point",
        "coordinates": [
          8.4046212,
          48.9743163
        ]
      },
      "id": "node/6591771951"
    },
    {
      "type": "Feature",
      "properties": {
        "@id": "node/6591771952",
        "amenity": "car_sharing",
        "brand": "Stadtmobil",
        "network": "Stadtmobil Karlsruhe",
        "opening_hours": "24/7",
        "operator": "Stadtmobil CarSharing GmbH & Co. KG",
        "ref": "Rösselsbrünnle",
        "website": "https://karlsruhe.stadtmobil.de/privatkunden/stationen/station/roesselsbruennle"
      },
      "geometry": {
        "type": "Point",
        "coordinates": [
          8.3054514,
          48.9685352
        ]
      },
      "id": "node/6591771952"
    },
    {
      "type": "Feature",
      "properties": {
        "@id": "node/6591771953",
        "addr:city": "Karlsruhe",
        "addr:country": "DE",
        "addr:housenumber": "6",
        "addr:postcode": "76199",
        "addr:street": "Allmendstraße",
        "addr:suburb": "Rüppurr",
        "amenity": "car_sharing",
        "brand": "Stadtmobil",
        "brand:wikidata": "Q2327629",
        "name": "Hinterm Dorf",
        "network": "Stadtmobil Karlsruhe",
        "operator": "Stadtmobil CarSharing GmbH & Co. KG",
        "operator:type": "private",
        "website": "https://karlsruhe.stadtmobil.de/privatkunden/stationen/station/hinterm-dorf"
      },
      "geometry": {
        "type": "Point",
        "coordinates": [
          8.4000523,
          48.9667531
        ]
      },
      "id": "node/6591771953"
    },
    {
      "type": "Feature",
      "properties": {
        "@id": "node/6591771954",
        "addr:city": "Rheinstetten",
        "addr:country": "DE",
        "addr:housenumber": "16",
        "addr:postcode": "76287",
        "addr:street": "Narzissenstraße",
        "addr:suburb": "Mörsch",
        "amenity": "car_sharing",
        "brand": "Stadtmobil",
        "capacity": "2",
        "check_date": "2024-10-18",
        "name": "Narzissenstraße",
        "network": "cambio_stadtmobil",
        "operator": "Stadtmobil CarSharing GmbH & Co. KG",
        "website": "https://karlsruhe.stadtmobil.de/privatkunden/stationen/station/narzissenstrasse"
      },
      "geometry": {
        "type": "Point",
        "coordinates": [
          8.3023094,
          48.9660801
        ]
      },
      "id": "node/6591771954"
    },
    {
      "type": "Feature",
      "properties": {
        "@id": "node/6591771955",
        "addr:city": "Ettlingen",
        "addr:country": "DE",
        "addr:housenumber": "2",
        "addr:postcode": "76275",
        "addr:street": "Odertalweg",
        "addr:suburb": "West",
        "amenity": "car_sharing",
        "brand": "Stadtmobil",
        "brand:wikidata": "Q2327629",
        "name": "Odertalweg",
        "network": "Stadtmobil Karlsruhe",
        "operator": "Stadtmobil CarSharing GmbH & Co. KG",
        "operator:type": "private",
        "operator:wikidata": "Q2327629",
        "operator:wikipedia": "de:Stadtmobil",
        "website": "https://karlsruhe.stadtmobil.de/privatkunden/stationen/station/odertalweg"
      },
      "geometry": {
        "type": "Point",
        "coordinates": [
          8.3850568,
          48.9501733
        ]
      },
      "id": "node/6591771955"
    },
    {
      "type": "Feature",
      "properties": {
        "@id": "node/6754126304",
        "addr:city": "Karlsruhe",
        "addr:housenumber": "46",
        "addr:postcode": "76227",
        "addr:street": "Killisfeldstraße",
        "brand": "ALDI Süd",
        "brand:wikidata": "Q41171672",
        "brand:wikipedia": "en:Aldi",
        "check_date:opening_hours": "2024-03-21",
        "name": "ALDI Süd",
        "opening_hours": "Mo-Sa 07:00-21:00; Su,PH off",
        "operator": "ALDI GmbH & Co. KG, Rastatt",
        "shop": "supermarket",
        "website": "https://www.aldi-sued.de/filialen/de-de/Search?SingleSlotGeo=Aldi%20killisfeld%20durlach&Mode=None"
      },
      "geometry": {
        "type": "Point",
        "coordinates": [
          8.4513779,
          48.9965025
        ]
      },
      "id": "node/6754126304"
    },
    {
      "type": "Feature",
      "properties": {
        "@id": "node/6757448809",
        "bench": "no",
        "bin": "yes",
        "bus": "yes",
        "highway": "bus_stop",
        "lit": "yes",
        "name": "Lilienthalstraße",
        "network": "Karlsruher Verkehrsverbund",
        "network:guid": "DE-BW-KVV",
        "network:short": "KVV",
        "network:wikidata": "Q1733986",
        "operator": "Verkehrsbetriebe Karlsruhe GmbH",
        "public_transport": "platform",
        "shelter": "no",
        "tactile_paving": "no"
      },
      "geometry": {
        "type": "Point",
        "coordinates": [
          8.3853617,
          49.0219105
        ]
      },
      "id": "node/6757448809"
    },
    {
      "type": "Feature",
      "properties": {
        "@id": "node/6780792037",
        "amenity": "car_sharing",
        "brand": "Stadtmobil",
        "capacity": "1",
        "check_date": "2024-12-05",
        "name": "Bahnhofstraße/Eggensteiner Straße",
        "network": "Stadtmobil Karlsruhe",
        "opening_hours": "24/7",
        "operator": "Stadtmobil CarSharing GmbH & Co. KG",
        "website": "https://karlsruhe.stadtmobil.de/",
        "wheelchair": "yes"
      },
      "geometry": {
        "type": "Point",
        "coordinates": [
          8.4648103,
          49.0657396
        ]
      },
      "id": "node/6780792037"
    },
    {
      "type": "Feature",
      "properties": {
        "@id": "node/6780792038",
        "amenity": "car_sharing",
        "brand": "Stadtmobil",
        "capacity": "1",
        "description": "Stellplatz für Elektrofahrzeug",
        "name": "Rathaus Blankenloch",
        "network": "Stadtmobil Karlsruhe",
        "opening_hours": "24/7",
        "operator": "Stadtmobil CarSharing GmbH & Co. KG",
        "website": "https://karlsruhe.stadtmobil.de/",
        "wheelchair": "yes"
      },
      "geometry": {
        "type": "Point",
        "coordinates": [
          8.4701784,
          49.0662974
        ]
      },
      "id": "node/6780792038"
    },
    {
      "type": "Feature",
      "properties": {
        "@id": "node/6780792039",
        "amenity": "car_sharing",
        "brand": "Stadtmobil",
        "capacity": "1",
        "car_sharing": "parking",
        "name": "Elsässer Straße",
        "network": "Stadtmobil Karlsruhe",
        "note": "Ohne festen Stellplatz",
        "opening_hours": "24/7",
        "operator": "Stadtmobil CarSharing GmbH & Co. KG",
        "website": "https://karlsruhe.stadtmobil.de/",
        "wheelchair": "yes"
      },
      "geometry": {
        "type": "Point",
        "coordinates": [
          8.4668253,
          49.0575699
        ]
      },
      "id": "node/6780792039"
    },
    {
      "type": "Feature",
      "properties": {
        "@id": "node/6801797283",
        "amenity": "fuel",
        "fuel:lpg": "yes"
      },
      "geometry": {
        "type": "Point",
        "coordinates": [
          8.351605,
          49.0164136
        ]
      },
      "id": "node/6801797283"
    },
    {
      "type": "Feature",
      "properties": {
        "@id": "node/6818447163",
        "amenity": "car_sharing",
        "brand": "Stadtmobil",
        "brand:wikidata": "Q2327629",
        "capacity": "2",
        "description": "Die Station befindet sich in der der offenen Tiefgarage unter dem Haus Willy-Andreas-Allee 17. Die Fahrzeuge werden auf den Stellplätzen Nr. 5 und Nr. 6 geparkt.",
        "network": "Stadtmobil Karlsruhe",
        "opening_hours": "24/7",
        "operator": "Stadtmobil CarSharing GmbH & Co. KG",
        "supervised": "no",
        "website": "https://karlsruhe.stadtmobil.de/privatkunden/stationen/station/studentenwohnheim-waa/"
      },
      "geometry": {
        "type": "Point",
        "coordinates": [
          8.3931129,
          49.0170966
        ]
      },
      "id": "node/6818447163"
    },
    {
      "type": "Feature",
      "properties": {
        "@id": "node/6841077335",
        "addr:city": "Karlsruhe",
        "addr:housenumber": "237",
        "addr:postcode": "76133",
        "addr:street": "Kaiserstraße",
        "branch": "Karlsruhe",
        "brand": "Go Asia",
        "check_date:opening_hours": "2025-01-13",
        "email": "info@goasia.net",
        "full_name": "Go Asia Asien Supermarkt",
        "level": "0",
        "name": "Go Asia",
        "opening_hours": "Mo-Sa 09:00-21:00",
        "phone": "+49 721 83082371",
        "shop": "supermarket",
        "start_date": "2019-09-30",
        "website": "https://goasia.net/de/store_list/karlsruhe",
        "wheelchair": "yes"
      },
      "geometry": {
        "type": "Point",
        "coordinates": [
          8.3909685,
          49.0100512
        ]
      },
      "id": "node/6841077335"
    },
    {
      "type": "Feature",
      "properties": {
        "@id": "node/6887254767",
        "bus": "yes",
        "highway": "bus_stop",
        "name": "Söllingen Rathaus",
        "network": "Karlsruher Verkehrsverbund",
        "network:guid": "DE-BW-KVV",
        "network:short": "KVV",
        "network:wikidata": "Q1733986",
        "operator": "AVG",
        "public_transport": "stop_position"
      },
      "geometry": {
        "type": "Point",
        "coordinates": [
          8.5407135,
          48.9864018
        ]
      },
      "id": "node/6887254767"
    },
    {
      "type": "Feature",
      "properties": {
        "@id": "node/7010030690",
        "check_date:opening_hours": "2024-09-08",
        "name": "supermarket Hanin AlCham",
        "opening_hours": "Mo-Sa 09:00-19:00; Su,PH off",
        "shop": "supermarket",
        "wheelchair": "yes"
      },
      "geometry": {
        "type": "Point",
        "coordinates": [
          8.3796853,
          49.0104709
        ]
      },
      "id": "node/7010030690"
    },
    {
      "type": "Feature",
      "properties": {
        "@id": "node/7057899965",
        "bench": "yes",
        "bin": "yes",
        "bus": "yes",
        "description": "Haltestelle der Linie 125",
        "highway": "bus_stop",
        "lit": "yes",
        "name": "Durlacher Tor - KIT Campus Süd",
        "network": "Karlsruher Verkehrsverbund",
        "network:guid": "DE-BW-KVV",
        "network:short": "KVV",
        "network:wikidata": "Q1733986",
        "operator": "Verkehrsbetriebe Karlsruhe GmbH",
        "public_transport": "platform",
        "ref_name": "Karlsruhe Durlacher Tor - KIT Campus Süd",
        "shelter": "yes",
        "start_date": "2018-12-09",
        "tactile_paving": "yes"
      },
      "geometry": {
        "type": "Point",
        "coordinates": [
          8.4183463,
          49.009364
        ]
      },
      "id": "node/7057899965"
    },
    {
      "type": "Feature",
      "properties": {
        "@id": "node/7091877932",
        "level": "0",
        "name": "Ugur",
        "opening_hours": "Mo-Sa 08:00-20:00; Su,PH off",
        "shop": "supermarket"
      },
      "geometry": {
        "type": "Point",
        "coordinates": [
          8.3594022,
          49.0109896
        ]
      },
      "id": "node/7091877932"
    },
    {
      "type": "Feature",
      "properties": {
        "@id": "node/7256171124",
        "amenity": "car_sharing",
        "brand": "Stadtmobil",
        "brand:wikidata": "Q2327629",
        "capacity": "1",
        "car_sharing": "parking",
        "fixme": "add ref",
        "network": "Stadtmobil Karlsruhe",
        "operator": "Stadtmobil CarSharing GmbH & Co. KG",
        "start_date": "2020-02",
        "website": "https://karlsruhe.stadtmobil.de/"
      },
      "geometry": {
        "type": "Point",
        "coordinates": [
          8.4247548,
          49.0157307
        ]
      },
      "id": "node/7256171124"
    },
    {
      "type": "Feature",
      "properties": {
        "@id": "node/7378952032",
        "addr:city": "Eggenstein-Leopoldshafen",
        "addr:housenumber": "23",
        "addr:postcode": "76344",
        "addr:street": "Hagsfelder Weg",
        "brand": "ALDI Süd",
        "brand:wikidata": "Q41171672",
        "brand:wikipedia": "en:Aldi",
        "check_date:opening_hours": "2021-04-13",
        "name": "ALDI Süd",
        "opening_hours": "Mo-Sa 08:00-20:00; Su,PH off",
        "operator": "ALDI SE & Co. KG",
        "shop": "supermarket",
        "website": "https://www.aldi-sued.de/filialen/de-de/Search?SingleSlotGeo=%20Hagsfelder%20Weg%2023%2076344%20Eggenstein-Leopoldshafen&Mode=None",
        "wheelchair": "yes"
      },
      "geometry": {
        "type": "Point",
        "coordinates": [
          8.3991973,
          49.067793
        ]
      },
      "id": "node/7378952032"
    },
    {
      "type": "Feature",
      "properties": {
        "@id": "node/7379557675",
        "addr:city": "Karlsruhe",
        "addr:housenumber": "1",
        "addr:postcode": "76149",
        "addr:street": "Lorbeerweg",
        "brand": "ALDI Süd",
        "brand:wikidata": "Q41171672",
        "brand:wikipedia": "en:Aldi",
        "check_date:opening_hours": "2025-04-29",
        "diet:halal": "no",
        "diet:kosher": "no",
        "name": "ALDI Süd",
        "opening_hours": "Mo-Sa 08:00-21:00; PH off",
        "operator": "ALDI SE & Co. KG",
        "shop": "supermarket",
        "website": "https://filialen.aldi-sued.de/baden-wuerttemberg/karlsruhe/lorbeerweg-3",
        "wheelchair": "yes"
      },
      "geometry": {
        "type": "Point",
        "coordinates": [
          8.3919034,
          49.0369144
        ]
      },
      "id": "node/7379557675"
    },
    {
      "type": "Feature",
      "properties": {
        "@id": "node/7379584819",
        "addr:city": "Karlsruhe",
        "addr:housenumber": "11",
        "addr:postcode": "76185",
        "addr:street": "Borsigstraße",
        "brand": "ALDI Süd",
        "brand:wikidata": "Q41171672",
        "brand:wikipedia": "en:Aldi",
        "name": "ALDI Süd",
        "opening_hours": "Mo-Sa 08:00-21:00; Su,PH off",
        "operator": "ALDI SE & Co. KG",
        "shop": "supermarket",
        "website": "https://www.aldi-sued.de/filialen/de-de/Search?SingleSlotGeo=%20Borsigstra%C3%9Fe%2011%2076185%20Karlsruhe-M%C3%BChlburg&Mode=None",
        "wheelchair": "yes"
      },
      "geometry": {
        "type": "Point",
        "coordinates": [
          8.3543115,
          49.0211142
        ]
      },
      "id": "node/7379584819"
    },
    {
      "type": "Feature",
      "properties": {
        "@id": "node/7379654201",
        "addr:city": "Stutensee",
        "addr:housenumber": "2",
        "addr:postcode": "76297",
        "addr:street": "Am Hasenbiel",
        "addr:suburb": "Blankenloch",
        "brand": "ALDI Süd",
        "brand:wikidata": "Q41171672",
        "brand:wikipedia": "en:Aldi",
        "name": "Aldi Süd",
        "opening_hours": "Mo-Sa 08:00-21:00; PH off",
        "operator": "ALDI SE & Co. KG",
        "shop": "supermarket",
        "website": "https://www.aldi-sued.de/filialen/de-de/Search?SingleSlotGeo=Am Hasenbiel 2 76297 Stutensee%2FBlankenloch&Mode=None",
        "wheelchair": "yes"
      },
      "geometry": {
        "type": "Point",
        "coordinates": [
          8.4617685,
          49.0796002
        ]
      },
      "id": "node/7379654201"
    },
    {
      "type": "Feature",
      "properties": {
        "@id": "node/7379681770",
        "addr:city": "Karlsruhe",
        "addr:housenumber": "1",
        "addr:postcode": "76185",
        "addr:street": "Kohlenstraße",
        "brand": "Aldi Süd",
        "brand:wikidata": "Q41171672",
        "brand:wikipedia": "en:Aldi",
        "name": "Aldi Süd",
        "opening_hours": "Mo-Sa 08:00-21:00; Su,PH off, Mo-Sa 08:00-20:00",
        "operator": "ALDI SE & Co. KG",
        "shop": "supermarket",
        "website": "https://www.aldi-sued.de/filialen/de-de/Search?SingleSlotGeo=Kohlenstraße 1 76185 Karlsruhe-Grünwinkel&Mode=None",
        "wheelchair": "yes"
      },
      "geometry": {
        "type": "Point",
        "coordinates": [
          8.360382,
          49.0062397
        ]
      },
      "id": "node/7379681770"
    },
    {
      "type": "Feature",
      "properties": {
        "@id": "node/7379684156",
        "addr:city": "Stutensee",
        "addr:housenumber": "2B",
        "addr:postcode": "76297",
        "addr:street": "Am Hasenbiel",
        "addr:suburb": "Blankenloch",
        "brand": "REWE",
        "brand:wikidata": "Q16968817",
        "brand:wikipedia": "en:REWE",
        "name": "REWE",
        "opening_hours": "Mo-Sa 07:00-22:00; PH off",
        "operator": "Rewe Markt GmbH",
        "phone": "+49 7244 7413201",
        "ref:vatin": "DE812706034",
        "shop": "supermarket",
        "website": "https://www.rewe.de/marktseite/stutensee/562271/rewe-markt-am-hasenbiel-2b/",
        "wheelchair": "yes"
      },
      "geometry": {
        "type": "Point",
        "coordinates": [
          8.4629809,
          49.0800201
        ]
      },
      "id": "node/7379684156"
    },
    {
      "type": "Feature",
      "properties": {
        "@id": "node/7379814388",
        "addr:city": "Karlsruhe",
        "addr:housenumber": "11",
        "addr:postcode": "76185",
        "addr:street": "Herrmann-Leichtlin-Straße",
        "brand": "ALDI Süd",
        "brand:wikidata": "Q41171672",
        "brand:wikipedia": "en:Aldi",
        "check_date": "2023-05-26",
        "internet_access": "no",
        "name": "ALDI Süd",
        "opening_hours": "Mo-Sa 08:00-21:00; Su,PH off",
        "operator": "ALDI SE & Co. KG",
        "organic": "yes",
        "payment:mastercard": "yes",
        "payment:visa": "yes",
        "shop": "supermarket",
        "website": "https://www.aldi-sued.de/filialen/de-de/Search?SingleSlotGeo=Herrmann-Leichtlin-Straße 11 76185 Karlsruhe&Mode=None",
        "wheelchair": "yes"
      },
      "geometry": {
        "type": "Point",
        "coordinates": [
          8.3597632,
          48.9983554
        ]
      },
      "id": "node/7379814388"
    },
    {
      "type": "Feature",
      "properties": {
        "@id": "node/7379894301",
        "addr:city": "Karlsruhe",
        "addr:housenumber": "143",
        "addr:postcode": "76189",
        "addr:street": "Durmersheimer Straße",
        "brand": "ALDI Süd",
        "brand:wikidata": "Q41171672",
        "brand:wikipedia": "en:Aldi",
        "name": "Aldi Süd",
        "opening_hours": "Mo-Sa 08:00-21:00; Su,PH off",
        "operator": "ALDI SE & Co. KG",
        "shop": "supermarket",
        "website": "https://www.aldi-sued.de/filialen/de-de/Search?SingleSlotGeo=Durmersheimer Straße 143 76189 Karlsruhe&Mode=None",
        "wheelchair": "yes"
      },
      "geometry": {
        "type": "Point",
        "coordinates": [
          8.3485787,
          48.9976068
        ]
      },
      "id": "node/7379894301"
    },
    {
      "type": "Feature",
      "properties": {
        "@id": "node/7379979241",
        "addr:city": "Karlsruhe",
        "addr:country": "DE",
        "addr:housenumber": "8",
        "addr:postcode": "76135",
        "addr:street": "Ortenbergstraße",
        "brand": "Kaufland",
        "brand:wikidata": "Q685967",
        "brand:wikipedia": "de:Kaufland",
        "level": "0",
        "name": "Kaufland",
        "old_name": "Real",
        "opening_hours": "Mo-Sa 07:00-22:00; Su,PH off",
        "payment:american_express": "yes",
        "payment:cash": "yes",
        "payment:contactless": "yes",
        "payment:diners_club": "yes",
        "payment:discover_card": "yes",
        "payment:girocard": "yes",
        "payment:maestro": "yes",
        "payment:mastercard": "yes",
        "payment:v_pay": "yes",
        "payment:visa": "yes",
        "shop": "supermarket",
        "start_date": "2025-02-20",
        "toilets:wheelchair": "yes",
        "wheelchair": "yes"
      },
      "geometry": {
        "type": "Point",
        "coordinates": [
          8.375943,
          48.9913766
        ]
      },
      "id": "node/7379979241"
    },
    {
      "type": "Feature",
      "properties": {
        "@id": "node/7381029670",
        "addr:city": "Karlsruhe",
        "addr:housenumber": "69",
        "addr:postcode": "76135",
        "addr:street": "Hohenzollernstraße",
        "brand": "ALDI Süd",
        "brand:wikidata": "Q41171672",
        "brand:wikipedia": "en:Aldi",
        "check_date:opening_hours": "2023-12-07",
        "name": "Aldi Süd",
        "opening_hours": "Mo-Sa 07:00-21:00; Su,PH off",
        "shop": "supermarket",
        "website": "https://www.aldi-sued.de/filialen/de-de/Search?SingleSlotGeo=Hohenzollernstra%C3%9Fe%2069%2076135%20Karlsruhe&Mode=None",
        "wheelchair": "yes"
      },
      "geometry": {
        "type": "Point",
        "coordinates": [
          8.3852088,
          48.9932753
        ]
      },
      "id": "node/7381029670"
    },
    {
      "type": "Feature",
      "properties": {
        "@id": "node/7395968357",
        "addr:city": "Karlsruhe",
        "addr:housenumber": "8",
        "addr:postcode": "76229",
        "addr:street": "Eisenbahnstraße",
        "addr:suburb": "Grötzingen",
        "brand": "Lidl",
        "brand:wikidata": "Q151954",
        "brand:wikipedia": "en:Lidl",
        "building:levels": "1",
        "check_date:opening_hours": "2025-04-04",
        "name": "Lidl",
        "opening_hours": "Mo-Sa 07:00-21:00; Su,PH off",
        "operator": "Lidl Vertriebs-GmbH & Co. KG (Bietigheim)",
        "ref:vatin": "DE813389176",
        "shop": "supermarket",
        "website": "https://www.lidl.de/filialen/karlsruhe/groetzingen-eisenbahnstr-8.html",
        "wheelchair": "yes"
      },
      "geometry": {
        "type": "Point",
        "coordinates": [
          8.5001293,
          49.0054955
        ]
      },
      "id": "node/7395968357"
    },
    {
      "type": "Feature",
      "properties": {
        "@id": "node/7395981382",
        "addr:city": "Karlsruhe",
        "addr:housenumber": "6",
        "addr:postcode": "76229",
        "addr:street": "Eisenbahnstraße",
        "addr:suburb": "Grötzingen",
        "brand": "EDEKA",
        "brand:wikidata": "Q701755",
        "brand:wikipedia": "de:Edeka",
        "check_date:opening_hours": "2025-04-04",
        "email": "kundenservice@edeka-suedwest.de",
        "name": "EDEKA Rothfuß",
        "opening_hours": "Mo-Sa 07:00-21:00; Su,PH off",
        "operator": "EDEKA Rothfuß",
        "phone": "+49 721 9418419",
        "shop": "supermarket",
        "website": "https://www.edeka.de/eh/s%C3%BCdwest/edeka-rothfu%C3%9F-eisenbahnstra%C3%9Fe-6/index.jsp",
        "wheelchair": "yes"
      },
      "geometry": {
        "type": "Point",
        "coordinates": [
          8.5014757,
          49.0055201
        ]
      },
      "id": "node/7395981382"
    },
    {
      "type": "Feature",
      "properties": {
        "@id": "node/7395989862",
        "addr:city": "Karlsruhe",
        "addr:housenumber": "4",
        "addr:postcode": "76131",
        "addr:street": "Theodor-Rehbock-Straße",
        "brand": "Lidl",
        "brand:wikidata": "Q151954",
        "brand:wikipedia": "en:Lidl",
        "check_date": "2024-07-13",
        "check_date:opening_hours": "2024-07-13",
        "name": "Lidl",
        "opening_hours": "Mo-Sa 07:00-21:00; Su,PH off",
        "operator": "Lidl Vertriebs-GmbH & Co. KG (Bietigheim)",
        "ref:vatin": "DE813389176",
        "shop": "supermarket",
        "website": "https://www.lidl.de/filialen/karlsruhe/oststadt-theodor-rehbock-str-4.html",
        "wheelchair": "yes"
      },
      "geometry": {
        "type": "Point",
        "coordinates": [
          8.4374861,
          49.0084701
        ]
      },
      "id": "node/7395989862"
    },
    {
      "type": "Feature",
      "properties": {
        "@id": "node/7396062529",
        "addr:city": "Karlsruhe",
        "addr:housenumber": "17",
        "addr:postcode": "76131",
        "addr:street": "Theodor-Rehbock-Straße",
        "brand": "ALDI Süd",
        "brand:wikidata": "Q41171672",
        "check_date:opening_hours": "2024-08-28",
        "name": "ALDI Süd",
        "opening_hours": "Mo-Sa 07:00-21:00; Su,PH off",
        "shop": "supermarket",
        "website": "https://www.aldi-sued.de/filialen/de-de/Search?SingleSlotGeo=Theodor-Rehbock-Stra%C3%9Fe%2017%2076131%20Karlsruhe-Oststadt&Mode=None",
        "wheelchair": "yes"
      },
      "geometry": {
        "type": "Point",
        "coordinates": [
          8.4387374,
          49.0095109
        ]
      },
      "id": "node/7396062529"
    },
    {
      "type": "Feature",
      "properties": {
        "@id": "node/7597708488",
        "addr:city": "Karlsruhe",
        "addr:country": "DE",
        "addr:housenumber": "49",
        "addr:postcode": "76199",
        "addr:street": "Dahlienweg",
        "addr:suburb": "Rüppurr",
        "amenity": "car_sharing",
        "brand": "Stadtmobil",
        "brand:wikidata": "Q2327629",
        "name": "Dahlienweg",
        "network": "Stadtmobil Karlsruhe",
        "operator": "Stadtmobil CarSharing GmbH & Co. KG",
        "operator:type": "private",
        "website": "https://karlsruhe.stadtmobil.de/privatkunden/stationen/station/dahlienweg/"
      },
      "geometry": {
        "type": "Point",
        "coordinates": [
          8.413204,
          48.975712
        ]
      },
      "id": "node/7597708488"
    },
    {
      "type": "Feature",
      "properties": {
        "@id": "node/7597708489",
        "amenity": "car_sharing",
        "brand": "Stadtmobil",
        "check_date": "2024-10-02",
        "network": "Stadtmobil Karlsruhe",
        "operator": "Stadtmobil CarSharing GmbH & Co. KG",
        "ref": "Ludwigshafener Straße",
        "website": "https://karlsruhe.stadtmobil.de/privatkunden/stationen/station/Ludwigshafener-Strasse"
      },
      "geometry": {
        "type": "Point",
        "coordinates": [
          8.368337,
          49.035033
        ]
      },
      "id": "node/7597708489"
    },
    {
      "type": "Feature",
      "properties": {
        "@id": "node/7597708495",
        "addr:city": "Karlsruhe",
        "addr:country": "DE",
        "addr:housenumber": "13",
        "addr:postcode": "76227",
        "addr:street": "Pfaffstraße",
        "addr:suburb": "Durlach",
        "amenity": "car_sharing",
        "brand": "Stadtmobil",
        "name": "Pfaffstraße",
        "network": "cambio_stadtmobil",
        "operator": "Stadtmobil CarSharing GmbH & Co. KG",
        "website": "https://karlsruhe.stadtmobil.de/privatkunden/stationen/station/Pfaffstrasse"
      },
      "geometry": {
        "type": "Point",
        "coordinates": [
          8.455063,
          48.998357
        ]
      },
      "id": "node/7597708495"
    },
    {
      "type": "Feature",
      "properties": {
        "@id": "node/7597708498",
        "amenity": "car_sharing",
        "brand": "Stadtmobil",
        "check_date": "2024-01-30",
        "name": "Markgrafenstraße",
        "network": "Stadtmobil Karlsruhe",
        "opening_hours": "24/7",
        "operator": "Stadtmobil CarSharing GmbH & Co. KG",
        "website": "https://karlsruhe.stadtmobil.de/privatkunden/stationen/station/markgrafenstrasse-1/"
      },
      "geometry": {
        "type": "Point",
        "coordinates": [
          8.408891,
          49.007778
        ]
      },
      "id": "node/7597708498"
    },
    {
      "type": "Feature",
      "properties": {
        "@id": "node/7597708499",
        "amenity": "car_sharing",
        "brand": "Stadtmobil",
        "brand:wikidata": "Q2327629",
        "name": "Im Bahnwinkel",
        "network": "Stadtmobil Karlsruhe",
        "operator": "Stadtmobil CarSharing GmbH & Co. KG",
        "website": "https://karlsruhe.stadtmobil.de/privatkunden/stationen/station/Im-Bahnwinkel"
      },
      "geometry": {
        "type": "Point",
        "coordinates": [
          8.5411904,
          48.9915732
        ]
      },
      "id": "node/7597708499"
    },
    {
      "type": "Feature",
      "properties": {
        "@id": "node/7729143687",
        "amenity": "car_sharing",
        "brand": "Stadtmobil",
        "brand:wikidata": "Q2327629",
        "network": "Stadtmobil Karlsruhe",
        "operator": "Stadtmobil CarSharing GmbH & Co. KG",
        "ref": "Graf-Rhena-Straße-Ost",
        "website": "https://karlsruhe.stadtmobil.de/privatkunden/stationen/station/graf-rhena-strasse-ost/"
      },
      "geometry": {
        "type": "Point",
        "coordinates": [
          8.3861588,
          48.997194
        ]
      },
      "id": "node/7729143687"
    },
    {
      "type": "Feature",
      "properties": {
        "@id": "node/7731819393",
        "bench": "no",
        "bin": "no",
        "bus": "yes",
        "highway": "bus_stop",
        "lit": "yes",
        "name": "Untergrombach Bf. West",
        "public_transport": "platform",
        "shelter": "no",
        "tactile_paving": "no"
      },
      "geometry": {
        "type": "Point",
        "coordinates": [
          8.5470626,
          49.0883644
        ]
      },
      "id": "node/7731819393"
    },
    {
      "type": "Feature",
      "properties": {
        "@id": "node/7738236370",
        "addr:city": "Karlsruhe",
        "addr:housenumber": "2",
        "addr:postcode": "76149",
        "addr:street": "An der Trift",
        "brand": "Lidl",
        "brand:wikidata": "Q151954",
        "check_date:opening_hours": "2024-04-14",
        "name": "Lidl",
        "opening_hours": "Mo-Sa 07:00-21:00; Su,PH off",
        "shop": "supermarket",
        "start_date": "2020-07-23",
        "supermarket": "discounter",
        "wheelchair": "yes"
      },
      "geometry": {
        "type": "Point",
        "coordinates": [
          8.3936481,
          49.0449845
        ]
      },
      "id": "node/7738236370"
    },
    {
      "type": "Feature",
      "properties": {
        "@id": "node/7804591551",
        "amenity": "car_sharing",
        "brand": "Stadtmobil",
        "brand:wikidata": "Q2327629",
        "capacity": "2",
        "car_sharing": "parking",
        "network": "Stadtmobil Karlsruhe",
        "opening_hours": "24/7",
        "operator": "Stadtmobil CarSharing GmbH & Co. KG",
        "ref": "Hauptfriedhof / Haid-und-Neu-Straße",
        "start_date": "2020-08",
        "website": "https://karlsruhe.stadtmobil.de"
      },
      "geometry": {
        "type": "Point",
        "coordinates": [
          8.4327263,
          49.0142033
        ]
      },
      "id": "node/7804591551"
    },
    {
      "type": "Feature",
      "properties": {
        "@id": "node/7804595877",
        "amenity": "car_sharing",
        "brand": "Stadtmobil",
        "capacity": "3",
        "car_sharing": "parking",
        "network": "Stadtmobil Karlsruhe",
        "opening_hours": "24/7",
        "operator": "Stadtmobil CarSharing GmbH & Co. KG",
        "ref": "Rudolfstraße",
        "start_date": "2020-08",
        "website": "https://karlsruhe.stadtmobil.de"
      },
      "geometry": {
        "type": "Point",
        "coordinates": [
          8.4221576,
          49.0099504
        ]
      },
      "id": "node/7804595877"
    },
    {
      "type": "Feature",
      "properties": {
        "@id": "node/7815477532",
        "bench": "no",
        "bin": "no",
        "highway": "bus_stop",
        "name": "Wörth, Oberwald Nord",
        "public_transport": "platform",
        "shelter": "yes",
        "tactile_paving": "no",
        "wheelchair": "no"
      },
      "geometry": {
        "type": "Point",
        "coordinates": [
          8.3021562,
          49.0719681
        ]
      },
      "id": "node/7815477532"
    },
    {
      "type": "Feature",
      "properties": {
        "@id": "node/7882997854",
        "amenity": "car_sharing",
        "brand": "Stadtmobil",
        "network": "Stadtmobil Karlsruhe",
        "operator": "Stadtmobil CarSharing GmbH & Co. KG",
        "ref": "Bahnhofstraße Weingarten",
        "website": "https://karlsruhe.stadtmobil.de/privatkunden/stationen/station/bahnhofstrasseweingarten"
      },
      "geometry": {
        "type": "Point",
        "coordinates": [
          8.5302969,
          49.051816
        ]
      },
      "id": "node/7882997854"
    },
    {
      "type": "Feature",
      "properties": {
        "@id": "node/7883061275",
        "amenity": "car_sharing",
        "brand": "Stadtmobil",
        "brand:wikidata": "Q2327629",
        "brand:wikipedia": "de:Stadtmobil",
        "network": "Stadtmobil Karlsruhe",
        "operator": "Stadtmobil CarSharing GmbH & Co. KG",
        "operator:type": "private",
        "ref": "Tulpenstraße",
        "website": "https://karlsruhe.stadtmobil.de/privatkunden/stationen/station/tulpenstrasse/"
      },
      "geometry": {
        "type": "Point",
        "coordinates": [
          8.4047139,
          48.971121
        ]
      },
      "id": "node/7883061275"
    },
    {
      "type": "Feature",
      "properties": {
        "@id": "node/7948553108",
        "bench": "no",
        "bin": "no",
        "bus": "yes",
        "description": "Ersatzhaltestelle",
        "highway": "bus_stop",
        "lit": "yes",
        "name": "Hirtenweg - Technologiepark",
        "network": "Karlsruher Verkehrsverbund",
        "note": "mit permanentem Haltestellenschild",
        "operator": "Verkehrsbetriebe Karlsruhe GmbH",
        "public_transport": "platform",
        "ref_name": "Karlsruhe Hirtenweg - Technologiepark",
        "shelter": "no",
        "tactile_paving": "no",
        "wheelchair": "no"
      },
      "geometry": {
        "type": "Point",
        "coordinates": [
          8.439635,
          49.017554
        ]
      },
      "id": "node/7948553108"
    },
    {
      "type": "Feature",
      "properties": {
        "@id": "node/8013406227",
        "bench": "no",
        "bin": "yes",
        "bus": "yes",
        "departures_board": "timetable",
        "highway": "bus_stop",
        "lit": "no",
        "name": "Weingarten Liverdunplatz",
        "network": "Karlsruher Verkehrsverbund",
        "network:guid": "DE-BW-KVV",
        "network:short": "KVV",
        "network:wikidata": "Q1733986",
        "network:wikipedia": "de:Karlsruher Verkehrsverbund",
        "public_transport": "platform",
        "ref:IFOPT": "de:08215:32251:0:1",
        "shelter": "no",
        "tactile_paving": "no",
        "wheelchair": "no"
      },
      "geometry": {
        "type": "Point",
        "coordinates": [
          8.5370875,
          49.0538267
        ]
      },
      "id": "node/8013406227"
    },
    {
      "type": "Feature",
      "properties": {
        "@id": "node/8013447267",
        "bench": "yes",
        "bin": "yes",
        "bus": "yes",
        "departures_board": "realtime",
        "highway": "bus_stop",
        "lit": "yes",
        "name": "Weingarten Bahnhof West",
        "network": "Karlsruher Verkehrsverbund",
        "network:guid": "DE-BW-KVV",
        "network:short": "KVV",
        "network:wikidata": "Q1733986",
        "public_transport": "platform",
        "ref:IFOPT": "de:08215:32256:0:1",
        "shelter": "yes",
        "tactile_paving": "yes",
        "wheelchair": "yes"
      },
      "geometry": {
        "type": "Point",
        "coordinates": [
          8.5210834,
          49.0591352
        ]
      },
      "id": "node/8013447267"
    },
    {
      "type": "Feature",
      "properties": {
        "@id": "node/8013461313",
        "bench": "no",
        "bin": "no",
        "bus": "yes",
        "departures_board": "timetable",
        "highway": "bus_stop",
        "lit": "yes",
        "name": "Weingarten Walzbachhalle",
        "network": "Karlsruher Verkehrsverbund",
        "network:guid": "DE-BW-KVV",
        "network:short": "KVV",
        "network:wikidata": "Q1733986",
        "network:wikipedia": "de:Karlsruher Verkehrsverbund",
        "operator": "KVV",
        "public_transport": "platform",
        "ref:IFOPT": "de:08215:32244:0:2",
        "shelter": "no",
        "tactile_paving": "no",
        "wheelchair": "no"
      },
      "geometry": {
        "type": "Point",
        "coordinates": [
          8.5203748,
          49.0494654
        ]
      },
      "id": "node/8013461313"
    },
    {
      "type": "Feature",
      "properties": {
        "@id": "node/8013461314",
        "bench": "no",
        "bin": "yes",
        "bus": "yes",
        "departures_board": "timetable",
        "highway": "bus_stop",
        "lit": "no",
        "name": "Weingarten Walzbachhalle",
        "network": "Karlsruher Verkehrsverbund",
        "network:guid": "DE-BW-KVV",
        "network:short": "KVV",
        "network:wikidata": "Q1733986",
        "network:wikipedia": "de:Karlsruher Verkehrsverbund",
        "public_transport": "platform",
        "ref:IFOPT": "de:08215:32244:0:1",
        "shelter": "no",
        "tactile_paving": "no",
        "wheelchair": "no"
      },
      "geometry": {
        "type": "Point",
        "coordinates": [
          8.5199322,
          49.049904
        ]
      },
      "id": "node/8013461314"
    },
    {
      "type": "Feature",
      "properties": {
        "@id": "node/8044840704",
        "amenity": "car_sharing",
        "brand": "Stadtmobil",
        "capacity": "1",
        "network": "Stadtmobil Karlsruhe",
        "opening_hours": "24/7",
        "operator": "Stadtmobil CarSharing GmbH & Co. KG",
        "ref": "Ernststraße Hof",
        "start_date": "2020-10",
        "website": "https://karlsruhe.stadtmobil.de/"
      },
      "geometry": {
        "type": "Point",
        "coordinates": [
          8.443421,
          49.0125413
        ]
      },
      "id": "node/8044840704"
    },
    {
      "type": "Feature",
      "properties": {
        "@id": "node/8561156786",
        "amenity": "car_sharing",
        "brand": "Stadtmobil",
        "network": "Stadtmobil Karlsruhe",
        "operator": "Stadtmobil CarSharing GmbH & Co. KG",
        "ref": "Im Speitel",
        "website": "https://karlsruhe.stadtmobil.de/privatkunden/stationen/station/im speitel"
      },
      "geometry": {
        "type": "Point",
        "coordinates": [
          8.5031607,
          49.0071476
        ]
      },
      "id": "node/8561156786"
    },
    {
      "type": "Feature",
      "properties": {
        "@id": "node/8562773397",
        "amenity": "car_sharing",
        "brand": "Stadtmobil",
        "brand:wikidata": "Q2327629",
        "network": "Stadtmobil Karlsruhe",
        "operator": "Stadtmobil CarSharing GmbH & Co. KG",
        "ref": "Neureuter Hauptstraße",
        "website": "https://karlsruhe.stadtmobil.de/privatkunden/stationen/station/neureuter hauptstraße"
      },
      "geometry": {
        "type": "Point",
        "coordinates": [
          8.3808749,
          49.0547863
        ]
      },
      "id": "node/8562773397"
    },
    {
      "type": "Feature",
      "properties": {
        "@id": "node/8562810387",
        "amenity": "car_sharing",
        "brand": "Stadtmobil",
        "network": "Stadtmobil Karlsruhe",
        "operator": "Stadtmobil CarSharing GmbH & Co. KG",
        "ref": "Alter Weinberg",
        "website": "https://karlsruhe.stadtmobil.de/privtkunden/stationen/station/alter weinberg"
      },
      "geometry": {
        "type": "Point",
        "coordinates": [
          8.4806853,
          48.966317
        ]
      },
      "id": "node/8562810387"
    },
    {
      "type": "Feature",
      "properties": {
        "@id": "node/8562822020",
        "amenity": "car_sharing",
        "brand": "Stadtmobil",
        "network": "Stadtmobil Karlsruhe",
        "operator": "Stadtmobil CarSharing GmbH & Co. KG",
        "ref": "Wiesenstraße-Skulpturenpark",
        "website": "https://karlsruhe.stadtmobil.de/privatkunden/stationen/station/wiesenstraße-skulpturenpark"
      },
      "geometry": {
        "type": "Point",
        "coordinates": [
          8.4727821,
          48.9504633
        ]
      },
      "id": "node/8562822020"
    },
    {
      "type": "Feature",
      "properties": {
        "@id": "node/8562857009",
        "amenity": "car_sharing",
        "brand": "Stadtmobil",
        "brand:wikidata": "Q2327629",
        "brand:wikipedia": "de:Stadtmobil",
        "network": "Stadtmobil Karlsruhe",
        "operator": "Stadtmobil CarSharing GmbH & Co. KG",
        "ref": "Grünwinkler Straße",
        "website": "https://karlsruhe.stadtmobil.de/privatkunden/stationen/station/gruenwinkler-strasse"
      },
      "geometry": {
        "type": "Point",
        "coordinates": [
          8.3797516,
          48.988128
        ]
      },
      "id": "node/8562857009"
    },
    {
      "type": "Feature",
      "properties": {
        "@id": "node/8562860727",
        "amenity": "car_sharing",
        "brand": "Stadtmobil",
        "network": "Stadtmobil Karlsruhe",
        "operator": "Stadtmobil CarSharing GmbH & Co. KG",
        "ref": "Ortsstraße",
        "website": "https://karlsruhe.stadtmobil.de/privatkunden"
      },
      "geometry": {
        "type": "Point",
        "coordinates": [
          8.5096879,
          48.9532219
        ]
      },
      "id": "node/8562860727"
    },
    {
      "type": "Feature",
      "properties": {
        "@id": "node/8562875751",
        "amenity": "car_sharing",
        "brand": "Stadtmobil",
        "network": "Stadtmobil Karlsruhe",
        "operator": "Stadtmobil CarSharing GmbH & Co. KG",
        "ref": "Rebgärtenstraße",
        "website": "https://karlsruhe.stadtmobil.de/privatkunden/stationen/station/rebgärtenstraße"
      },
      "geometry": {
        "type": "Point",
        "coordinates": [
          8.5090198,
          48.9511908
        ]
      },
      "id": "node/8562875751"
    },
    {
      "type": "Feature",
      "properties": {
        "@id": "node/8562935203",
        "amenity": "car_sharing",
        "brand": "Stadtmobil",
        "brand:wikidata": "Q2327629",
        "brand:wikipedia": "de:Stadtmobil",
        "capacity": "3",
        "check_date": "2022-03-04",
        "network": "Stadtmobil Karlsruhe",
        "operator": "Stadtmobil CarSharing GmbH & Co. KG",
        "operator:type": "private",
        "ref": "Gebhardstraße",
        "website": "https://mein.stadtmobil.de/#48.9932-8.3856-17-0/place/5064"
      },
      "geometry": {
        "type": "Point",
        "coordinates": [
          8.3896681,
          48.9931436
        ]
      },
      "id": "node/8562935203"
    },
    {
      "type": "Feature",
      "properties": {
        "@id": "node/8564009363",
        "amenity": "car_sharing",
        "brand": "Stadtmobil",
        "brand:wikidata": "Q2327629",
        "capacity": "2",
        "network": "Stadtmobil Karlsruhe",
        "operator": "Stadtmobil CarSharing GmbH & Co. KG",
        "ref": "Winterstraße",
        "website": "https://karlsruhe.stadtmobil.de/privatkunden/stationen/station/winterstraße"
      },
      "geometry": {
        "type": "Point",
        "coordinates": [
          8.4041298,
          48.998416
        ]
      },
      "id": "node/8564009363"
    },
    {
      "type": "Feature",
      "properties": {
        "@id": "node/8656953645",
        "bus": "yes",
        "highway": "bus_stop",
        "name": "Rüppurr Prinzenweg",
        "public_transport": "platform",
        "shelter": "no"
      },
      "geometry": {
        "type": "Point",
        "coordinates": [
          8.4145362,
          48.9687699
        ]
      },
      "id": "node/8656953645"
    },
    {
      "type": "Feature",
      "properties": {
        "@id": "node/8656953646",
        "bench": "no",
        "bin": "no",
        "bus": "yes",
        "highway": "bus_stop",
        "lit": "yes",
        "name": "Rüppurr Märchenring",
        "public_transport": "platform",
        "shelter": "no",
        "tactile_paving": "no"
      },
      "geometry": {
        "type": "Point",
        "coordinates": [
          8.4162141,
          48.9703096
        ]
      },
      "id": "node/8656953646"
    },
    {
      "type": "Feature",
      "properties": {
        "@id": "node/8656953647",
        "bench": "no",
        "bin": "no",
        "bus": "yes",
        "highway": "bus_stop",
        "lit": "no",
        "name": "Rüppurr Hegaustraße",
        "public_transport": "platform",
        "shelter": "no",
        "tactile_paving": "no"
      },
      "geometry": {
        "type": "Point",
        "coordinates": [
          8.4118843,
          48.9667366
        ]
      },
      "id": "node/8656953647"
    },
    {
      "type": "Feature",
      "properties": {
        "@id": "node/8689921889",
        "amenity": "car_sharing",
        "brand": "Stadtmobil",
        "brand:wikidata": "Q2327629",
        "capacity": "2",
        "car_sharing": "parking",
        "network": "Stadtmobil Karlsruhe",
        "opening_hours": "24/7",
        "operator": "Stadtmobil CarSharing GmbH & Co. KG",
        "ref": "Südendstraße",
        "website": "https://karlsruhe.stadtmobil.de/"
      },
      "geometry": {
        "type": "Point",
        "coordinates": [
          8.391487,
          48.9984088
        ]
      },
      "id": "node/8689921889"
    },
    {
      "type": "Feature",
      "properties": {
        "@id": "node/8694446333",
        "bench": "no",
        "bin": "no",
        "highway": "bus_stop",
        "lit": "yes",
        "noname": "yes",
        "shelter": "no",
        "tactile_paving": "no",
        "wheelchair": "no"
      },
      "geometry": {
        "type": "Point",
        "coordinates": [
          8.3782681,
          48.9965802
        ]
      },
      "id": "node/8694446333"
    },
    {
      "type": "Feature",
      "properties": {
        "@id": "node/8773161017",
        "amenity": "car_sharing",
        "brand": "Stadtmobil",
        "brand:wikidata": "Q2327629",
        "capacity": "3",
        "description": "drei für Carsharingfahrzeuge reservierte Stellplätze, keine Infrastruktur",
        "name": "Stadtmobil Karlsruhe Breite Straße",
        "network": "Stadtmobil Karlsruhe",
        "operator": "Stadtmobil CarSharing GmbH & Co. KG",
        "operator:type": "private",
        "website": "https://mein.stadtmobil.de/#48.9913-8.3869-18-0/place/5260"
      },
      "geometry": {
        "type": "Point",
        "coordinates": [
          8.3887857,
          48.9917295
        ]
      },
      "id": "node/8773161017"
    },
    {
      "type": "Feature",
      "properties": {
        "@id": "node/9007176037",
        "amenity": "car_sharing",
        "brand": "Stadtmobil",
        "brand:wikidata": "Q2327629",
        "brand:wikipedia": "de:Stadtmobil",
        "capacity": "2",
        "name": "Hallenbad Forchheim",
        "network": "Stadtmobil Karlsruhe",
        "operator": "Stadtmobil CarSharing GmbH & Co. KG",
        "website": "https://karlsruhe.stadtmobil.de/privatkunden/stationen/station/hallenbad-forchheim/"
      },
      "geometry": {
        "type": "Point",
        "coordinates": [
          8.3161971,
          48.9782928
        ]
      },
      "id": "node/9007176037"
    },
    {
      "type": "Feature",
      "properties": {
        "@id": "node/9032527687",
        "bench": "no",
        "bin": "yes",
        "highway": "bus_stop",
        "lit": "no",
        "name": "Karlsbader Straße",
        "public_transport": "platform",
        "shelter": "no",
        "tactile_paving": "no"
      },
      "geometry": {
        "type": "Point",
        "coordinates": [
          8.5087636,
          48.9542569
        ]
      },
      "id": "node/9032527687"
    },
    {
      "type": "Feature",
      "properties": {
        "@id": "node/9064665678",
        "amenity": "car_sharing",
        "brand": "Stadtmobil",
        "brand:wikidata": "Q2327629",
        "capacity": "11",
        "capacity:electric": "6",
        "car_sharing": "key_safe",
        "covered": "yes",
        "level": "0",
        "network": "Stadtmobil Karlsruhe",
        "opening_hours": "24/7",
        "operator": "Stadtmobil CarSharing GmbH & Co. KG",
        "ref": "Zähringerstraße",
        "website": "https://karlsruhe.stadtmobil.de/",
        "wheelchair": "no",
        "wheelchair:description": "Tresor nicht barrierefrei zugänglich, steile Rampe zu den Parkplätzen"
      },
      "geometry": {
        "type": "Point",
        "coordinates": [
          8.4078569,
          49.0088159
        ]
      },
      "id": "node/9064665678"
    },
    {
      "type": "Feature",
      "properties": {
        "@id": "node/9353592634",
        "amenity": "car_sharing",
        "brand": "Stadtmobil",
        "brand:wikidata": "Q2327629",
        "brand:wikipedia": "de:Stadtmobil",
        "capacity": "2",
        "network": "Stadtmobil Karlsruhe",
        "operator": "Stadtmobil CarSharing GmbH & Co. KG"
      },
      "geometry": {
        "type": "Point",
        "coordinates": [
          8.4295277,
          49.0082107
        ]
      },
      "id": "node/9353592634"
    },
    {
      "type": "Feature",
      "properties": {
        "@id": "node/9364098723",
        "bench": "no",
        "bin": "no",
        "bus": "yes",
        "highway": "bus_stop",
        "lit": "no",
        "name": "Weingarten Bahnhof",
        "network": "Karlsruher Verkehrsverbund",
        "network:guid": "DE-BW-KVV",
        "network:short": "KVV",
        "network:wikidata": "Q1733986",
        "network:wikipedia": "de:Karlsruher Verkehrsverbund",
        "public_transport": "platform",
        "ref:IFOPT": "de:08215:1853:8:8",
        "shelter": "no",
        "tactile_paving": "no",
        "wheelchair": "no"
      },
      "geometry": {
        "type": "Point",
        "coordinates": [
          8.5220771,
          49.0587914
        ]
      },
      "id": "node/9364098723"
    },
    {
      "type": "Feature",
      "properties": {
        "@id": "node/9385892551",
        "bench": "yes",
        "bin": "yes",
        "bus": "yes",
        "description": "planmäßiger Busverkehr Linie 42 ab 12.12.21",
        "highway": "bus_stop",
        "lit": "yes",
        "name": "Kapellenstraße",
        "network": "Karlsruher Verkehrsverbund",
        "network:guid": "DE-BW-KVV",
        "network:short": "KVV",
        "network:wikidata": "Q1733986",
        "network:wikipedia": "de:Karlsruher Verkehrsverbund",
        "operator": "Verkehrsbetriebe Karlsruhe GmbH",
        "public_transport": "platform",
        "shelter": "no",
        "tactile_paving": "no"
      },
      "geometry": {
        "type": "Point",
        "coordinates": [
          8.4135532,
          49.0069342
        ]
      },
      "id": "node/9385892551"
    },
    {
      "type": "Feature",
      "properties": {
        "@id": "node/9454970891",
        "bench": "no",
        "bin": "no",
        "bus": "yes",
        "departures_board": "timetable",
        "highway": "bus_stop",
        "lit": "yes",
        "name": "Wolfartsweierer Straße",
        "network": "Karlsruher Verkehrsverbund",
        "network:guid": "DE-BW-KVV",
        "network:short": "KVV",
        "network:wikidata": "Q1733986",
        "network:wikipedia": "de:Karlsruher Verkehrsverbund",
        "operator": "Verkehrsbetriebe Karlsruhe GmbH",
        "public_transport": "platform",
        "ref:IFOPT": "de:08212:623:21:21",
        "ref_name": "Karlsruhe Wolfartsweierer Straße",
        "shelter": "no",
        "tactile_paving": "no"
      },
      "geometry": {
        "type": "Point",
        "coordinates": [
          8.4230356,
          49.0037152
        ]
      },
      "id": "node/9454970891"
    },
    {
      "type": "Feature",
      "properties": {
        "@id": "node/9460694076",
        "bench": "no",
        "bin": "no",
        "bus": "yes",
        "check_date:shelter": "2024-09-21",
        "highway": "bus_stop",
        "lit": "yes",
        "name": "Ohiostraße",
        "network": "Karlsruher Verkehrsverbund",
        "operator": "Verkehrsbetriebe Karlsruhe GmbH",
        "public_transport": "platform",
        "shelter": "no",
        "start_date": "2021-12-12",
        "tactile_paving": "no",
        "wheelchair": "no"
      },
      "geometry": {
        "type": "Point",
        "coordinates": [
          8.3939148,
          49.0298945
        ]
      },
      "id": "node/9460694076"
    },
    {
      "type": "Feature",
      "properties": {
        "@id": "node/9460694077",
        "bench": "yes",
        "bin": "yes",
        "highway": "bus_stop",
        "lit": "yes",
        "name": "Ohiostraße",
        "network": "Karlsruher Verkehrsverbund",
        "operator": "Verkehrsbetriebe Karlsruhe GmbH",
        "shelter": "no",
        "start_date": "2021-12-12",
        "tactile_paving": "no",
        "wheelchair": "limited"
      },
      "geometry": {
        "type": "Point",
        "coordinates": [
          8.3939007,
          49.0299697
        ]
      },
      "id": "node/9460694077"
    },
    {
      "type": "Feature",
      "properties": {
        "@id": "node/9610829544",
        "amenity": "car_sharing",
        "brand": "Stadtmobil",
        "brand:wikidata": "Q2327629",
        "capacity": "4",
        "capacity:charging": "4",
        "car_sharing": "parking",
        "network": "Stadtmobil Karlsruhe",
        "opening_hours": "24/7",
        "operator": "Stadtmobil CarSharing GmbH & Co. KG",
        "ref": "Haid-und-Neu Straße Jet Tankstelle",
        "start_date": "2021-11",
        "website": "https://karlsruhe.stadtmobil.de"
      },
      "geometry": {
        "type": "Point",
        "coordinates": [
          8.4289578,
          49.0132133
        ]
      },
      "id": "node/9610829544"
    },
    {
      "type": "Feature",
      "properties": {
        "@id": "node/9654589703",
        "addr:city": "Karlsruhe",
        "addr:country": "DE",
        "addr:housenumber": "15",
        "addr:postcode": "76187",
        "addr:street": "Hertzstraße",
        "name": "Sally's Afro Shop",
        "opening_hours": "Mo-Sa 10:00-20:00; Su,PH off",
        "origin": "african",
        "shop": "supermarket",
        "wheelchair": "limited"
      },
      "geometry": {
        "type": "Point",
        "coordinates": [
          8.3651149,
          49.0208293
        ]
      },
      "id": "node/9654589703"
    },
    {
      "type": "Feature",
      "properties": {
        "@id": "node/9675162401",
        "amenity": "car_sharing",
        "brand": "Stadtmobil",
        "brand:wikidata": "Q2327629",
        "capacity": "2",
        "network": "Stadtmobil Karlsruhe",
        "opening_hours": "24/7",
        "operator": "Stadtmobil CarSharing GmbH & Co. KG",
        "ref": "Belchenstraße",
        "website": "https://karlsruhe.stadtmobil.de/",
        "wheelchair": "no"
      },
      "geometry": {
        "type": "Point",
        "coordinates": [
          8.3947296,
          48.9834189
        ]
      },
      "id": "node/9675162401"
    },
    {
      "type": "Feature",
      "properties": {
        "@id": "node/9682685928",
        "bench": "no",
        "bin": "yes",
        "bus": "yes",
        "highway": "bus_stop",
        "lit": "no",
        "name": "Blankenloch Schulzentrum",
        "network": "Karlsruher Verkehrsverbund",
        "network:guid": "DE-BW-KVV",
        "network:short": "KVV",
        "network:wikidata": "Q1733986",
        "network:wikipedia": "de:Karlsruher Verkehrsverbund",
        "public_transport": "platform",
        "ref:IFOPT": "de:08215:32237:0:1",
        "shelter": "no",
        "tactile_paving": "yes",
        "wheelchair": "yes"
      },
      "geometry": {
        "type": "Point",
        "coordinates": [
          8.4757707,
          49.0674102
        ]
      },
      "id": "node/9682685928"
    },
    {
      "type": "Feature",
      "properties": {
        "@id": "node/9735865839",
        "bench": "no",
        "bin": "no",
        "bus": "yes",
        "check_date:shelter": "2024-10-15",
        "departures_board": "timetable",
        "highway": "bus_stop",
        "lit": "yes",
        "name": "Hauptbahnhof Süd",
        "network": "Karlsruher Verkehrsverbund",
        "network:guid": "DE-BW-KVV",
        "network:short": "KVV",
        "network:wikidata": "Q1733986",
        "operator": "KVV",
        "public_transport": "platform",
        "ref": "Nur Ausstieg",
        "shelter": "no",
        "tactile_paving": "no"
      },
      "geometry": {
        "type": "Point",
        "coordinates": [
          8.4013404,
          48.9918315
        ]
      },
      "id": "node/9735865839"
    },
    {
      "type": "Feature",
      "properties": {
        "@id": "node/9791302800",
        "addr:city": "Ettlingen",
        "addr:housenumber": "11",
        "addr:postcode": "76275",
        "addr:street": "Beim Runden Plom",
        "amenity": "fuel",
        "name": "tankpool24",
        "website": "https://www.tankpool24.eu/tankstellen/tankstelle.php/263101/Ettlingen.html"
      },
      "geometry": {
        "type": "Point",
        "coordinates": [
          8.3716723,
          48.9514887
        ]
      },
      "id": "node/9791302800"
    },
    {
      "type": "Feature",
      "properties": {
        "@id": "node/9877482318",
        "amenity": "car_sharing",
        "brand": "Stadtmobil",
        "capacity": "1",
        "car_sharing": "parking",
        "name": "Bahnhof Büchig (S-Bahn)",
        "network": "Stadtmobil Karlsruhe",
        "opening_hours": "24/7",
        "operator": "Stadtmobil CarSharing GmbH & Co. KG",
        "website": "https://karlsruhe.stadtmobil.de/",
        "wheelchair": "yes"
      },
      "geometry": {
        "type": "Point",
        "coordinates": [
          8.4716003,
          49.0476781
        ]
      },
      "id": "node/9877482318"
    },
    {
      "type": "Feature",
      "properties": {
        "@id": "node/9929841142",
        "bench": "no",
        "bin": "no",
        "bus": "yes",
        "departures_board": "timetable",
        "description": "Bushaltestelle für Schulbus und ENBW-Shuttel",
        "highway": "bus_stop",
        "lit": "no",
        "name": "Entenfang",
        "network": "Karlsruher Verkehrsverbund",
        "network:guid": "DE-BW-KVV",
        "network:short": "KVV",
        "network:wikidata": "Q1733986",
        "operator": "KVV",
        "public_transport": "platform",
        "shelter": "no",
        "tactile_paving": "no",
        "wikidata": "Q124608493"
      },
      "geometry": {
        "type": "Point",
        "coordinates": [
          8.3580893,
          49.0109239
        ]
      },
      "id": "node/9929841142"
    },
    {
      "type": "Feature",
      "properties": {
        "@id": "node/9939228592",
        "bench": "no",
        "bin": "yes",
        "bus": "yes",
        "highway": "bus_stop",
        "lit": "yes",
        "name": "Berghausen Kirche",
        "public_transport": "platform",
        "shelter": "no",
        "tactile_paving": "no"
      },
      "geometry": {
        "type": "Point",
        "coordinates": [
          8.5275619,
          49.0042413
        ]
      },
      "id": "node/9939228592"
    },
    {
      "type": "Feature",
      "properties": {
        "@id": "node/9939228593",
        "bench": "no",
        "bin": "no",
        "highway": "bus_stop",
        "lit": "yes",
        "name": "Berghausen Keplerstraße",
        "public_transport": "platform",
        "shelter": "no",
        "tactile_paving": "no"
      },
      "geometry": {
        "type": "Point",
        "coordinates": [
          8.5289741,
          49.001726
        ]
      },
      "id": "node/9939228593"
    },
    {
      "type": "Feature",
      "properties": {
        "@id": "node/9939228594",
        "bench": "no",
        "bin": "no",
        "highway": "bus_stop",
        "lit": "yes",
        "name": "Berghausen Keplerstraße",
        "public_transport": "platform",
        "shelter": "no",
        "tactile_paving": "no"
      },
      "geometry": {
        "type": "Point",
        "coordinates": [
          8.5291108,
          49.0017304
        ]
      },
      "id": "node/9939228594"
    },
    {
      "type": "Feature",
      "properties": {
        "@id": "node/9939228595",
        "bench": "yes",
        "bin": "no",
        "bus": "yes",
        "highway": "bus_stop",
        "lit": "yes",
        "name": "Söllingen Rathaus",
        "public_transport": "platform",
        "shelter": "no",
        "tactile_paving": "no"
      },
      "geometry": {
        "type": "Point",
        "coordinates": [
          8.5408808,
          48.9863376
        ]
      },
      "id": "node/9939228595"
    },
    {
      "type": "Feature",
      "properties": {
        "@id": "node/9939228596",
        "bench": "no",
        "bin": "no",
        "bus": "yes",
        "highway": "bus_stop",
        "lit": "yes",
        "name": "Söllingen Rathaus",
        "public_transport": "platform",
        "shelter": "no",
        "tactile_paving": "no"
      },
      "geometry": {
        "type": "Point",
        "coordinates": [
          8.540647,
          48.9864695
        ]
      },
      "id": "node/9939228596"
    },
    {
      "type": "Feature",
      "properties": {
        "@id": "node/9939228597",
        "bench": "yes",
        "bin": "yes",
        "bus": "yes",
        "highway": "bus_stop",
        "lit": "yes",
        "name": "Söllingen Leerdamplatz",
        "public_transport": "platform",
        "shelter": "no",
        "tactile_paving": "no"
      },
      "geometry": {
        "type": "Point",
        "coordinates": [
          8.5451757,
          48.9847764
        ]
      },
      "id": "node/9939228597"
    },
    {
      "type": "Feature",
      "properties": {
        "@id": "node/9939228598",
        "bench": "no",
        "bin": "no",
        "bus": "yes",
        "highway": "bus_stop",
        "lit": "yes",
        "name": "Söllingen Leerdamplatz",
        "public_transport": "platform",
        "shelter": "no",
        "tactile_paving": "no"
      },
      "geometry": {
        "type": "Point",
        "coordinates": [
          8.5457593,
          48.984667
        ]
      },
      "id": "node/9939228598"
    },
    {
      "type": "Feature",
      "properties": {
        "@id": "node/9939228599",
        "bench": "no",
        "bin": "no",
        "highway": "bus_stop",
        "lit": "yes",
        "name": "Kleinsteinbach Hammerwerk",
        "public_transport": "platform",
        "shelter": "no",
        "tactile_paving": "no"
      },
      "geometry": {
        "type": "Point",
        "coordinates": [
          8.5489267,
          48.9710291
        ]
      },
      "id": "node/9939228599"
    },
    {
      "type": "Feature",
      "properties": {
        "@id": "node/9939228600",
        "bench": "no",
        "bin": "no",
        "highway": "bus_stop",
        "lit": "yes",
        "name": "Kleinsteinbach Hammerwerk",
        "public_transport": "platform",
        "shelter": "no",
        "tactile_paving": "no"
      },
      "geometry": {
        "type": "Point",
        "coordinates": [
          8.5490821,
          48.9710956
        ]
      },
      "id": "node/9939228600"
    },
    {
      "type": "Feature",
      "properties": {
        "@id": "node/9950508131",
        "bench": "no",
        "bin": "yes",
        "highway": "bus_stop",
        "lit": "yes",
        "name": "Messe",
        "public_transport": "platform",
        "shelter": "no",
        "tactile_paving": "no"
      },
      "geometry": {
        "type": "Point",
        "coordinates": [
          8.3283785,
          48.9814315
        ]
      },
      "id": "node/9950508131"
    },
    {
      "type": "Feature",
      "properties": {
        "@id": "node/9989224457",
        "bench": "no",
        "bin": "no",
        "bus": "yes",
        "departures_board": "timetable",
        "highway": "bus_stop",
        "name": "Söllingen Reetzstraße",
        "network": "Karlsruher Verkehrsverbund",
        "network:guid": "DE-BW-KVV",
        "network:short": "KVV",
        "network:wikidata": "Q1733986",
        "note": "Haltestelle nur Richtung Wilferdingen-Singen bedient",
        "operator": "AVG",
        "public_transport": "platform",
        "shelter": "no",
        "tactile_paving": "no"
      },
      "geometry": {
        "type": "Point",
        "coordinates": [
          8.5399515,
          48.9913869
        ]
      },
      "id": "node/9989224457"
    },
    {
      "type": "Feature",
      "properties": {
        "@id": "node/9989224458",
        "bus": "yes",
        "departures_board": "timetable",
        "highway": "bus_stop",
        "name": "Berghausen Kirche (SEV)",
        "network": "Karlsruher Verkehrsverbund",
        "network:guid": "DE-BW-KVV",
        "network:short": "KVV",
        "network:wikidata": "Q1733986",
        "operator": "AVG",
        "public_transport": "platform",
        "shelter": "yes"
      },
      "geometry": {
        "type": "Point",
        "coordinates": [
          8.5270106,
          49.0035549
        ]
      },
      "id": "node/9989224458"
    },
    {
      "type": "Feature",
      "properties": {
        "@id": "node/9989224459",
        "bus": "yes",
        "highway": "bus_stop",
        "name": "Berghausen Kirche (SEV)",
        "network": "Karlsruher Verkehrsverbund",
        "network:guid": "DE-BW-KVV",
        "network:short": "KVV",
        "network:wikidata": "Q1733986",
        "operator": "AVG",
        "public_transport": "platform"
      },
      "geometry": {
        "type": "Point",
        "coordinates": [
          8.5270449,
          49.003462
        ]
      },
      "id": "node/9989224459"
    },
    {
      "type": "Feature",
      "properties": {
        "@id": "node/9991056575",
        "bench": "no",
        "bin": "no",
        "bus": "yes",
        "highway": "bus_stop",
        "name": "Söllingen Reetzstr.",
        "network": "Karlsruher Verkehrsverbund",
        "network:guid": "DE-BW-KVV",
        "network:short": "KVV",
        "network:wikidata": "Q1733986",
        "operator": "AVG",
        "public_transport": "platform",
        "shelter": "no",
        "tactile_paving": "no"
      },
      "geometry": {
        "type": "Point",
        "coordinates": [
          8.5400075,
          48.9913998
        ]
      },
      "id": "node/9991056575"
    },
    {
      "type": "Feature",
      "properties": {
        "@id": "node/9991056576",
        "bus": "yes",
        "highway": "bus_stop",
        "name": "Berghausen Keplerstraße",
        "network": "Karlsruher Verkehrsverbund",
        "network:guid": "DE-BW-KVV",
        "network:short": "KVV",
        "network:wikidata": "Q1733986",
        "operator": "AVG",
        "public_transport": "stop_position"
      },
      "geometry": {
        "type": "Point",
        "coordinates": [
          8.5290187,
          49.0017162
        ]
      },
      "id": "node/9991056576"
    },
    {
      "type": "Feature",
      "properties": {
        "@id": "node/9991056577",
        "bus": "yes",
        "highway": "bus_stop",
        "name": "Berghausen Kirche (SEV)",
        "network": "Karlsruher Verkehrsverbund",
        "network:guid": "DE-BW-KVV",
        "network:short": "KVV",
        "network:wikidata": "Q1733986",
        "operator": "AVG",
        "public_transport": "platform"
      },
      "geometry": {
        "type": "Point",
        "coordinates": [
          8.5269831,
          49.003533
        ]
      },
      "id": "node/9991056577"
    },
    {
      "type": "Feature",
      "properties": {
        "@id": "node/9991056578",
        "bench": "yes",
        "bin": "yes",
        "bus": "yes",
        "highway": "bus_stop",
        "lit": "yes",
        "name": "Berghausen Bahnhof",
        "network": "Karlsruher Verkehrsverbund",
        "network:guid": "DE-BW-KVV",
        "network:short": "KVV",
        "network:wikidata": "Q1733986",
        "operator": "AVG",
        "public_transport": "platform",
        "shelter": "yes",
        "tactile_paving": "yes"
      },
      "geometry": {
        "type": "Point",
        "coordinates": [
          8.5317316,
          49.0053735
        ]
      },
      "id": "node/9991056578"
    },
    {
      "type": "Feature",
      "properties": {
        "@id": "node/9995101859",
        "bench": "no",
        "bin": "no",
        "bus": "yes",
        "highway": "bus_stop",
        "lit": "no",
        "name": "Weingarten Seniorenheim",
        "network": "Karlsruher Verkehrsverbund",
        "network:guid": "DE-BW-KVV",
        "network:short": "KVV",
        "network:wikidata": "Q1733986",
        "public_transport": "platform",
        "ref:IFOPT": "de:08215:32753:0:2",
        "shelter": "no",
        "tactile_paving": "yes",
        "wheelchair": "yes"
      },
      "geometry": {
        "type": "Point",
        "coordinates": [
          8.5474025,
          49.0507988
        ]
      },
      "id": "node/9995101859"
    },
    {
      "type": "Feature",
      "properties": {
        "@id": "node/9995101861",
        "bench": "no",
        "bin": "no",
        "bus": "yes",
        "highway": "bus_stop",
        "lit": "yes",
        "name": "Weingarten Luisenstraße",
        "network": "Karlsruher Verkehrsverbund",
        "network:guid": "DE-BW-KVV",
        "network:short": "KVV",
        "network:wikidata": "Q1733986",
        "public_transport": "platform",
        "ref:IFOPT": "de:08215:32250:0:2",
        "shelter": "yes",
        "tactile_paving": "yes",
        "wheelchair": "yes"
      },
      "geometry": {
        "type": "Point",
        "coordinates": [
          8.5306646,
          49.0554967
        ]
      },
      "id": "node/9995101861"
    },
    {
      "type": "Feature",
      "properties": {
        "@id": "node/9995101862",
        "bench": "no",
        "bin": "yes",
        "bus": "yes",
        "highway": "bus_stop",
        "lit": "yes",
        "name": "Weingarten Burgstraße",
        "network": "Karlsruher Verkehrsverbund",
        "network:guid": "DE-BW-KVV",
        "network:short": "KVV",
        "network:wikidata": "Q1733986",
        "public_transport": "platform",
        "ref:IFOPT": "de:08215:32255:0:2",
        "shelter": "no",
        "tactile_paving": "no",
        "wheelchair": "no"
      },
      "geometry": {
        "type": "Point",
        "coordinates": [
          8.5255113,
          49.0573502
        ]
      },
      "id": "node/9995101862"
    },
    {
      "type": "Feature",
      "properties": {
        "@id": "node/10004188972",
        "bench": "no",
        "bin": "no",
        "bus": "yes",
        "departures_board": "timetable",
        "highway": "bus_stop",
        "lit": "yes",
        "name": "Stadtwerke",
        "network": "Karlsruher Verkehrsverbund",
        "network:guid": "DE-BW-KVV",
        "network:short": "KVV",
        "network:wikidata": "Q1733986",
        "operator": "VBK",
        "public_transport": "platform",
        "ref": "Steg A",
        "shelter": "no",
        "tactile_paving": "no",
        "wheelchair": "no"
      },
      "geometry": {
        "type": "Point",
        "coordinates": [
          8.3443411,
          49.0071831
        ]
      },
      "id": "node/10004188972"
    },
    {
      "type": "Feature",
      "properties": {
        "@id": "node/10004193966",
        "bench": "no",
        "bin": "no",
        "bus": "yes",
        "departures_board": "timetable",
        "highway": "bus_stop",
        "lit": "yes",
        "name": "Kirschstraße",
        "network": "Karlsruher Verkehrsverbund",
        "network:guid": "DE-BW-KVV",
        "network:short": "KVV",
        "network:wikidata": "Q1733986",
        "public_transport": "platform",
        "ref": "Steg A",
        "shelter": "no",
        "tactile_paving": "no",
        "wheelchair": "no"
      },
      "geometry": {
        "type": "Point",
        "coordinates": [
          8.3335463,
          49.0017834
        ]
      },
      "id": "node/10004193966"
    },
    {
      "type": "Feature",
      "properties": {
        "@id": "node/10004193967",
        "bench": "no",
        "bin": "no",
        "bus": "yes",
        "departures_board": "timetable",
        "highway": "bus_stop",
        "lit": "yes",
        "name": "Turnerstraße",
        "network": "Karlsruher Verkehrsverbund",
        "network:guid": "DE-BW-KVV",
        "network:short": "KVV",
        "network:wikidata": "Q1733986",
        "operator": "VBK",
        "public_transport": "platform",
        "ref": "Steg A",
        "shelter": "no",
        "tactile_paving": "no"
      },
      "geometry": {
        "type": "Point",
        "coordinates": [
          8.3368103,
          49.0017603
        ]
      },
      "id": "node/10004193967"
    },
    {
      "type": "Feature",
      "properties": {
        "@id": "node/10004193968",
        "bench": "no",
        "bin": "no",
        "bus": "yes",
        "departures_board": "timetable",
        "description": "Bushaltestelle für NLAST 16 und Ersatzverkehr",
        "highway": "bus_stop",
        "lit": "yes",
        "name": "Rheinhafenstraße",
        "network": "Karlsruher Verkehrsverbund",
        "network:guid": "DE-BW-KVV",
        "network:short": "KVV",
        "network:wikidata": "Q1733986",
        "operator": "VBK",
        "public_transport": "platform",
        "shelter": "no",
        "tactile_paving": "no"
      },
      "geometry": {
        "type": "Point",
        "coordinates": [
          8.3455897,
          49.0018135
        ]
      },
      "id": "node/10004193968"
    },
    {
      "type": "Feature",
      "properties": {
        "@id": "node/10006036879",
        "bench": "no",
        "bin": "no",
        "bus": "yes",
        "departures_board": "no",
        "description": "Im Bedienungsgebiet \"Rheinhafen Nord\" ist der Aus-/Ein-Stieg nach Bedarf, deshalb gibt es keine Haltestellen.",
        "highway": "bus_stop",
        "lit": "yes",
        "name": "Rheinhafen Nord (Virtuell)",
        "network": "Karlsruher Verkehrsverbund",
        "network:guid": "DE-BW-KVV",
        "network:short": "KVV",
        "network:wikidata": "Q1733986",
        "operator": "Taxizentrale Karlsruhe",
        "public_transport": "platform",
        "ref": "Steg C",
        "shelter": "no",
        "tactile_paving": "no",
        "wheelchair": "no"
      },
      "geometry": {
        "type": "Point",
        "coordinates": [
          8.3320889,
          49.0183235
        ]
      },
      "id": "node/10006036879"
    },
    {
      "type": "Feature",
      "properties": {
        "@id": "node/10008262929",
        "bench": "no",
        "bin": "no",
        "bus": "yes",
        "highway": "bus_stop",
        "lit": "yes",
        "name": "Entenfang",
        "network": "Karlsruher Verkehrsverbund",
        "network:guid": "DE-BW-KVV",
        "network:short": "KVV",
        "network:wikidata": "Q1733986",
        "operator": "VBK",
        "public_transport": "platform",
        "shelter": "no",
        "tactile_paving": "no",
        "wheelchair": "no",
        "wikidata": "Q124608493"
      },
      "geometry": {
        "type": "Point",
        "coordinates": [
          8.3580599,
          49.0109067
        ]
      },
      "id": "node/10008262929"
    },
    {
      "type": "Feature",
      "properties": {
        "@id": "node/10018424449",
        "bench": "no",
        "bin": "no",
        "bus": "yes",
        "departures_board": "no",
        "description": "Im Bedienungsgebiet Rheinhafen Nord ist der Aus-/Ein-Stieg nach Bedarf, deshalb gibt es keine Haltestellen.\nVirtueller Haltestellenpunkt",
        "highway": "bus_stop",
        "lit": "yes",
        "name": "Rheinhafen Nord (Virtuell)",
        "network": "Karlsruher Verkehrsverbund",
        "network:guid": "DE-BW-KVV",
        "network:short": "KVV",
        "network:wikidata": "Q1733986",
        "operator": "Taxizentrale Karlsruhe",
        "public_transport": "platform",
        "ref": "Steg D",
        "shelter": "no",
        "tactile_paving": "no",
        "wheelchair": "no"
      },
      "geometry": {
        "type": "Point",
        "coordinates": [
          8.3192651,
          49.0191825
        ]
      },
      "id": "node/10018424449"
    },
    {
      "type": "Feature",
      "properties": {
        "@id": "node/10018424450",
        "bench": "no",
        "bin": "no",
        "bus": "yes",
        "departures_board": "no",
        "description": "Im Bedienungsgebiet Rheinhafen Nord ist der Aus-/Ein-Stieg nach Bedarf, deshalb gibt es keine Haltestellen",
        "highway": "bus_stop",
        "lit": "yes",
        "name": "Rheinhafen Nord (Virtuell)",
        "network": "Karlsruher Verkehrsverbund",
        "network:guid": "DE-BW-KVV",
        "network:short": "KVV",
        "network:wikidata": "Q1733986",
        "operator": "Taxizentrale Karlsruhe",
        "public_transport": "platform",
        "ref": "Steg E",
        "shelter": "no",
        "tactile_paving": "no",
        "wheelchair": "no"
      },
      "geometry": {
        "type": "Point",
        "coordinates": [
          8.319342,
          49.0171308
        ]
      },
      "id": "node/10018424450"
    },
    {
      "type": "Feature",
      "properties": {
        "@id": "node/10018424451",
        "bench": "no",
        "bin": "no",
        "bus": "yes",
        "departures_board": "no",
        "description": "Im Bedienungsgebiet \"Rheinhafen Nord\" ist der Aus-/Ein-Stieg nach Bedarf, deshalb gibt es keine Haltestellen.\nVirtueller Haltestellenpunkt",
        "highway": "bus_stop",
        "lit": "yes",
        "name": "Rheinhafen Nord (Virtuell)",
        "network": "Karlsruher Verkehrsverbund",
        "network:guid": "DE-BW-KVV",
        "network:short": "KVV",
        "network:wikidata": "Q1733986",
        "operator": "Taxizentrale Karlsruhe",
        "public_transport": "platform",
        "ref": "Steg B",
        "shelter": "no",
        "tactile_paving": "no",
        "wheelchair": "no"
      },
      "geometry": {
        "type": "Point",
        "coordinates": [
          8.3414913,
          49.0184796
        ]
      },
      "id": "node/10018424451"
    },
    {
      "type": "Feature",
      "properties": {
        "@id": "node/10018424452",
        "bench": "no",
        "bin": "no",
        "bus": "yes",
        "departures_board": "no",
        "description": "Im Bedienungsgebiet \"Rheinhafen Nord\" ist der Aus-/Ein-Stieg nach Bedarf, deshalb gibt es keine Haltestellen.\nVirtueller Haltestellenpunkt",
        "highway": "bus_stop",
        "lit": "yes",
        "name": "Rheinhafen Nord (Virtuell)",
        "network": "Karlsruher Verkehrsverbund",
        "network:guid": "DE-BW-KVV",
        "network:short": "KVV",
        "network:wikidata": "Q1733986",
        "operator": "Taxizentrale Karlsruhe",
        "public_transport": "platform",
        "ref": "Steg A",
        "shelter": "no",
        "tactile_paving": "yes",
        "wheelchair": "no"
      },
      "geometry": {
        "type": "Point",
        "coordinates": [
          8.3343645,
          49.0162129
        ]
      },
      "id": "node/10018424452"
    },
    {
      "type": "Feature",
      "properties": {
        "@id": "node/10018424453",
        "bench": "no",
        "bin": "no",
        "bus": "yes",
        "departures_board": "timetable",
        "highway": "bus_stop",
        "lit": "yes",
        "name": "Rheinhafen",
        "network": "Karlsruher Verkehrsverbund",
        "network:guid": "DE-BW-KVV",
        "network:short": "KVV",
        "network:wikidata": "Q1733986",
        "public_transport": "platform",
        "shelter": "no",
        "tactile_paving": "no",
        "wheelchair": "limited"
      },
      "geometry": {
        "type": "Point",
        "coordinates": [
          8.3474012,
          49.0151903
        ]
      },
      "id": "node/10018424453"
    },
    {
      "type": "Feature",
      "properties": {
        "@id": "node/10018424454",
        "bench": "no",
        "bin": "no",
        "bus": "yes",
        "departures_board": "timetable",
        "highway": "bus_stop",
        "lit": "yes",
        "name": "Lameyplatz",
        "network": "Karlsruher Verkehrsverbund",
        "network:guid": "DE-BW-KVV",
        "network:short": "KVV",
        "network:wikidata": "Q1733986",
        "public_transport": "platform",
        "shelter": "no",
        "tactile_paving": "no",
        "wheelchair": "limited"
      },
      "geometry": {
        "type": "Point",
        "coordinates": [
          8.3546033,
          49.0130201
        ]
      },
      "id": "node/10018424454"
    },
    {
      "type": "Feature",
      "properties": {
        "@id": "node/10018589324",
        "bus": "yes",
        "departures_board": "timetable",
        "highway": "bus_stop",
        "name": "Waidweg",
        "network": "Karlsruher Verkehrsverbund",
        "network:guid": "DE-BW-KVV",
        "network:short": "KVV",
        "network:wikidata": "Q1733986",
        "public_transport": "platform",
        "ref": "Steg A",
        "shelter": "no"
      },
      "geometry": {
        "type": "Point",
        "coordinates": [
          8.3225129,
          49.0048087
        ]
      },
      "id": "node/10018589324"
    },
    {
      "type": "Feature",
      "properties": {
        "@id": "node/10018589325",
        "bench": "no",
        "bin": "no",
        "bus": "yes",
        "departures_board": "timetable",
        "highway": "bus_stop",
        "lit": "no",
        "name": "Waidweg",
        "network": "Karlsruher Verkehrsverbund",
        "network:guid": "DE-BW-KVV",
        "network:short": "KVV",
        "network:wikidata": "Q1733986",
        "public_transport": "platform",
        "ref": "Steg A",
        "shelter": "no",
        "tactile_paving": "no"
      },
      "geometry": {
        "type": "Point",
        "coordinates": [
          8.3225113,
          49.004832
        ]
      },
      "id": "node/10018589325"
    },
    {
      "type": "Feature",
      "properties": {
        "@id": "node/10018589326",
        "bench": "no",
        "bin": "no",
        "bus": "yes",
        "departures_board": "timetable",
        "highway": "bus_stop",
        "lit": "yes",
        "name": "Kirschstraße",
        "network": "Karlsruher Verkehrsverbund",
        "network:guid": "DE-BW-KVV",
        "network:short": "KVV",
        "network:wikidata": "Q1733986",
        "public_transport": "platform",
        "ref": "Steg A",
        "shelter": "no",
        "tactile_paving": "no"
      },
      "geometry": {
        "type": "Point",
        "coordinates": [
          8.3335301,
          49.0018002
        ]
      },
      "id": "node/10018589326"
    },
    {
      "type": "Feature",
      "properties": {
        "@id": "node/10018589327",
        "bench": "no",
        "bin": "no",
        "bus": "yes",
        "departures_board": "timetable",
        "highway": "bus_stop",
        "lit": "yes",
        "name": "Turnerstraße",
        "network": "Karlsruher Verkehrsverbund",
        "network:guid": "DE-BW-KVV",
        "network:short": "KVV",
        "network:wikidata": "Q1733986",
        "public_transport": "platform",
        "ref": "Steg A",
        "shelter": "no",
        "tactile_paving": "no"
      },
      "geometry": {
        "type": "Point",
        "coordinates": [
          8.3367969,
          49.0017846
        ]
      },
      "id": "node/10018589327"
    },
    {
      "type": "Feature",
      "properties": {
        "@id": "node/10018589328",
        "bench": "no",
        "bin": "no",
        "bus": "yes",
        "departures_board": "timetable",
        "highway": "bus_stop",
        "lit": "yes",
        "name": "Aug.-Dosenbach-Str.",
        "network": "Karlsruher Verkehrsverbund",
        "network:guid": "DE-BW-KVV",
        "network:short": "KVV",
        "network:wikidata": "Q1733986",
        "public_transport": "platform",
        "ref": "Steg A",
        "shelter": "no",
        "tactile_paving": "no"
      },
      "geometry": {
        "type": "Point",
        "coordinates": [
          8.3429904,
          49.0020754
        ]
      },
      "id": "node/10018589328"
    },
    {
      "type": "Feature",
      "properties": {
        "@id": "node/10018589329",
        "bench": "no",
        "bin": "no",
        "bus": "yes",
        "departures_board": "timetable",
        "highway": "bus_stop",
        "lit": "yes",
        "name": "Rheinhafenstraße",
        "network": "Karlsruher Verkehrsverbund",
        "network:guid": "DE-BW-KVV",
        "network:short": "KVV",
        "network:wikidata": "Q1733986",
        "public_transport": "platform",
        "ref": "Steg A",
        "shelter": "no",
        "tactile_paving": "no"
      },
      "geometry": {
        "type": "Point",
        "coordinates": [
          8.3454936,
          49.0018415
        ]
      },
      "id": "node/10018589329"
    },
    {
      "type": "Feature",
      "properties": {
        "@id": "node/10204897969",
        "bench": "no",
        "bin": "no",
        "bus": "yes",
        "covered": "no",
        "description": "nur für Sonderbusse bei Veranstaltungen",
        "highway": "bus_stop",
        "lit": "yes",
        "local_ref": "Steig C",
        "name": "BBBank Wildpark",
        "passenger_information_display": "no",
        "public_transport": "platform",
        "shelter": "no",
        "tactile_paving": "no",
        "wheelchair": "no"
      },
      "geometry": {
        "type": "Point",
        "coordinates": [
          8.4146449,
          49.0206516
        ]
      },
      "id": "node/10204897969"
    },
    {
      "type": "Feature",
      "properties": {
        "@id": "node/10220616068",
        "addr:city": "Karlsruhe",
        "addr:country": "DE",
        "addr:housenumber": "139",
        "addr:street": "Sophienstraße",
        "brand": "Alnatura",
        "brand:wikidata": "Q876811",
        "brand:wikipedia": "de:Alnatura",
        "check_date:opening_hours": "2024-12-26",
        "level": "0",
        "name": "Alnatura",
        "opening_hours": "Mo-Sa 08:00-21:00; Su,PH off",
        "operator": "Alnatura Produktions- und Handels GmbH",
        "organic": "only",
        "payment:cash": "yes",
        "payment:contactless": "yes",
        "payment:girocard": "yes",
        "payment:mastercard": "yes",
        "payment:visa": "yes",
        "shop": "supermarket",
        "start_date": "2022-11-24",
        "wheelchair": "yes"
      },
      "geometry": {
        "type": "Point",
        "coordinates": [
          8.3771844,
          49.0078575
        ]
      },
      "id": "node/10220616068"
    },
    {
      "type": "Feature",
      "properties": {
        "@id": "node/10577230404",
        "check_date:opening_hours": "2025-01-26",
        "name": "Made In Hellas",
        "opening_hours": "Mo-Fr 09:30-18:00; Sa 08:30-16:00",
        "shop": "supermarket",
        "wheelchair": "no"
      },
      "geometry": {
        "type": "Point",
        "coordinates": [
          8.3938771,
          49.0319468
        ]
      },
      "id": "node/10577230404"
    },
    {
      "type": "Feature",
      "properties": {
        "@id": "node/10579378397",
        "bench": "no",
        "bin": "no",
        "bus": "yes",
        "departures_board": "timetable",
        "highway": "bus_stop",
        "lit": "yes",
        "name": "Hertzstraße",
        "network": "Karlsruher Verkehrsverbund",
        "network:guid": "DE-BW-KVV",
        "network:short": "KVV",
        "network:wikidata": "Q1733986",
        "note": "Bushaltestelle für NL17",
        "operator": "VBK",
        "public_transport": "platform",
        "shelter": "no",
        "tactile_paving": "no",
        "wheelchair": "yes"
      },
      "geometry": {
        "type": "Point",
        "coordinates": [
          8.3643434,
          49.020063
        ]
      },
      "id": "node/10579378397"
    },
    {
      "type": "Feature",
      "properties": {
        "@id": "node/10695384714",
        "amenity": "car_sharing",
        "brand": "Stadtmobil",
        "brand:wikidata": "Q2327629",
        "brand:wikipedia": "de:Stadtmobil",
        "capacity": "1",
        "car_sharing": "key_dispensing_machine",
        "network": "Stadtmobil Karlsruhe",
        "opening_hours": "24/7",
        "operator": "Stadtmobil CarSharing GmbH & Co. KG",
        "ref": "Tullastraße / VBK",
        "start_date": "2022",
        "website": "https://karlsruhe.stadtmobil.de/"
      },
      "geometry": {
        "type": "Point",
        "coordinates": [
          8.4318995,
          49.0067073
        ]
      },
      "id": "node/10695384714"
    },
    {
      "type": "Feature",
      "properties": {
        "@id": "node/10713211120",
        "amenity": "car_sharing",
        "brand": "Stadtmobil",
        "brand:wikidata": "Q2327629",
        "car_sharing": "key_safe",
        "network": "Stadtmobil Karlsruhe",
        "operator": "Stadtmobil CarSharing GmbH & Co. KG",
        "ref": "Ettlinger Straße",
        "website": "https://karlsruhe.stadtmobil.de/privatkunden/stationen/station/ettlinger-strasse/"
      },
      "geometry": {
        "type": "Point",
        "coordinates": [
          8.4046251,
          48.9970637
        ]
      },
      "id": "node/10713211120"
    },
    {
      "type": "Feature",
      "properties": {
        "@id": "node/11016778724",
        "addr:city": "Karlsruhe",
        "addr:country": "DE",
        "addr:housenumber": "1",
        "addr:postcode": "76189",
        "addr:street": "Wilhelm-Leuschner-Straße",
        "addr:suburb": "Oberreut",
        "amenity": "car_sharing",
        "brand": "Stadtmobil",
        "brand:wikidata": "Q2327629",
        "capacity": "3",
        "name": "Otto-Wels-Straße",
        "network": "Stadtmobil Karlsruhe",
        "operator": "Stadtmobil CarSharing GmbH & Co. KG",
        "operator:type": "private",
        "website": "https://karlsruhe.stadtmobil.de/privatkunden/stationen/station/otto-wels-strasse/"
      },
      "geometry": {
        "type": "Point",
        "coordinates": [
          8.3629475,
          48.9845523
        ]
      },
      "id": "node/11016778724"
    },
    {
      "type": "Feature",
      "properties": {
        "@id": "node/11332049821",
        "addr:city": "Karlsruhe",
        "addr:country": "DE",
        "addr:housenumber": "17",
        "addr:postcode": "76185",
        "addr:street": "Rheinstraße",
        "name": "nah & gut Holzer",
        "opening_hours": "Mo-Fr 08:00-18:30; Sa 08:00-14:00; Su,PH off",
        "operator": "Edeka",
        "shop": "supermarket",
        "wheelchair": "limited"
      },
      "geometry": {
        "type": "Point",
        "coordinates": [
          8.3633053,
          49.0112608
        ]
      },
      "id": "node/11332049821"
    },
    {
      "type": "Feature",
      "properties": {
        "@id": "node/11341886489",
        "amenity": "car_sharing",
        "brand": "Stadtmobil",
        "brand:wikidata": "Q2327629",
        "capacity": "5",
        "layer": "-1",
        "name": "Stadtmobil Tivoliplatz Lidl-Parkhaus",
        "network": "Stadtmobil Karlsruhe",
        "operator": "Stadtmobil CarSharing GmbH & Co. KG"
      },
      "geometry": {
        "type": "Point",
        "coordinates": [
          8.4112015,
          48.9960712
        ]
      },
      "id": "node/11341886489"
    },
    {
      "type": "Feature",
      "properties": {
        "@id": "node/11407603252",
        "bench": "no",
        "bin": "no",
        "bus": "yes",
        "highway": "bus_stop",
        "lit": "no",
        "name": "Blankenloch Bahnhof",
        "network": "Karlsruher Verkehrsverbund",
        "network:guid": "DE-BW-KVV",
        "network:short": "KVV",
        "network:wikidata": "Q1733986",
        "network:wikipedia": "de:Karlsruher Verkehrsverbund",
        "public_transport": "platform",
        "ref:IFOPT": "de:08215:32239:11:11",
        "shelter": "no",
        "start_date": "2023-12-11",
        "tactile_paving": "no",
        "wheelchair": "limited"
      },
      "geometry": {
        "type": "Point",
        "coordinates": [
          8.4651312,
          49.0663051
        ]
      },
      "id": "node/11407603252"
    },
    {
      "type": "Feature",
      "properties": {
        "@id": "node/11478748938",
        "bench": "no",
        "bin": "yes",
        "bus": "yes",
        "departures_board": "timetable",
        "highway": "bus_stop",
        "lit": "no",
        "name": "Kurt-Schumacher-Str.",
        "network": "Karlsruher Verkehrsverbund",
        "network:guid": "DE-BW-KVV",
        "network:short": "KVV",
        "network:wikidata": "Q1733986",
        "operator": "VBK",
        "public_transport": "platform",
        "shelter": "no",
        "tactile_paving": "yes",
        "wheelchair": "yes"
      },
      "geometry": {
        "type": "Point",
        "coordinates": [
          8.3748477,
          49.0297265
        ]
      },
      "id": "node/11478748938"
    },
    {
      "type": "Feature",
      "properties": {
        "@id": "node/11478748939",
        "bench": "no",
        "bin": "yes",
        "bus": "yes",
        "departures_board": "timetable",
        "highway": "bus_stop",
        "lit": "no",
        "name": "Kurt-Schumacher-Str.",
        "network": "Karlsruher Verkehrsverbund",
        "network:guid": "DE-BW-KVV",
        "network:short": "KVV",
        "network:wikidata": "Q1733986",
        "public_transport": "platform",
        "shelter": "yes",
        "tactile_paving": "yes",
        "wheelchair": "yes"
      },
      "geometry": {
        "type": "Point",
        "coordinates": [
          8.3749124,
          49.0298306
        ]
      },
      "id": "node/11478748939"
    },
    {
      "type": "Feature",
      "properties": {
        "@id": "node/11769408334",
        "bench": "no",
        "bin": "no",
        "bus": "yes",
        "departures_board": "timetable",
        "highway": "bus_stop",
        "lit": "yes",
        "name": "Eckenerstraße",
        "network": "Karlsruher Verkehrsverbund",
        "network:guid": "DE-BW-KVV",
        "network:short": "KVV",
        "network:wikidata": "Q1733986",
        "note": "Ersatzhaltestelle Linie 13 wegen Bauarbeiten in Daxlanden",
        "operator": "KVV",
        "public_transport": "platform",
        "shelter": "no",
        "tactile_paving": "no"
      },
      "geometry": {
        "type": "Point",
        "coordinates": [
          8.3513259,
          49.0062558
        ]
      },
      "id": "node/11769408334"
    },
    {
      "type": "Feature",
      "properties": {
        "@id": "node/11769408335",
        "bench": "no",
        "bin": "no",
        "bus": "yes",
        "covered": "no",
        "departures_board": "timetable",
        "highway": "bus_stop",
        "lit": "yes",
        "name": "Eckenerstraße",
        "network": "Karlsruher Verkehrsverbund",
        "network:guid": "DE-BW-KVV",
        "network:short": "KVV",
        "network:wikidata": "Q1733986",
        "note": "Ersatzhaltestelle Linie 62 wegen Bauarbeiten in der Durmersheimer Straße bis 27.07",
        "operator": "KVV",
        "passenger_information_display": "no",
        "public_transport": "platform",
        "shelter": "no",
        "tactile_paving": "no"
      },
      "geometry": {
        "type": "Point",
        "coordinates": [
          8.3511632,
          49.0064285
        ]
      },
      "id": "node/11769408335"
    },
    {
      "type": "Feature",
      "properties": {
        "@id": "node/11853630530",
        "amenity": "car_sharing",
        "brand": "Stadtmobil",
        "brand:wikidata": "Q2327629",
        "capacity": "2",
        "network": "Stadtmobil Karlsruhe",
        "operator": "Stadtmobil CarSharing GmbH & Co. KG"
      },
      "geometry": {
        "type": "Point",
        "coordinates": [
          8.3820503,
          49.0131411
        ]
      },
      "id": "node/11853630530"
    },
    {
      "type": "Feature",
      "properties": {
        "@id": "node/11871353183",
        "addr:city": "Karlsruhe",
        "addr:housenumber": "80",
        "addr:postcode": "76135",
        "addr:street": "Gartenstraße",
        "amenity": "car_sharing",
        "brand": "Stadtmobil",
        "brand:wikidata": "Q2327629",
        "capacity": "2",
        "network": "Stadtmobil Karlsruhe",
        "operator": "Stadtmobil CarSharing GmbH & Co. KG"
      },
      "geometry": {
        "type": "Point",
        "coordinates": [
          8.3832226,
          49.004498
        ]
      },
      "id": "node/11871353183"
    },
    {
      "type": "Feature",
      "properties": {
        "@id": "node/11889912291",
        "amenity": "car_sharing",
        "brand": "Stadtmobil",
        "brand:wikidata": "Q2327629",
        "name": "Kaiserallee VHS Hof",
        "network": "Stadtmobil Karlsruhe",
        "operator": "Stadtmobil CarSharing GmbH & Co. KG",
        "operator:type": "private",
        "website": "https://karlsruhe.stadtmobil.de/privatkunden/stationen/station/kaiserallee-vhs/"
      },
      "geometry": {
        "type": "Point",
        "coordinates": [
          8.3765077,
          49.0117454
        ]
      },
      "id": "node/11889912291"
    },
    {
      "type": "Feature",
      "properties": {
        "@id": "node/11919249710",
        "amenity": "car_sharing",
        "capacity": "2",
        "operator": "Stadtmobil CarSharing GmbH & Co. KG"
      },
      "geometry": {
        "type": "Point",
        "coordinates": [
          8.3844902,
          49.0140366
        ]
      },
      "id": "node/11919249710"
    },
    {
      "type": "Feature",
      "properties": {
        "@id": "node/12054563661",
        "bench": "yes",
        "bin": "yes",
        "bus": "yes",
        "departures_board": "timetable",
        "highway": "bus_stop",
        "lit": "yes",
        "name": "Wachhausstraße",
        "network": "Karlsruher Verkehrsverbund",
        "network:guid": "DE-BW-KVV",
        "network:short": "KVV",
        "network:wikidata": "Q1733986",
        "operator": "Verkehrsbetriebe Karlsruhe GmbH",
        "public_transport": "platform",
        "shelter": "yes",
        "tactile_paving": "yes"
      },
      "geometry": {
        "type": "Point",
        "coordinates": [
          8.4487934,
          48.9921986
        ]
      },
      "id": "node/12054563661"
    },
    {
      "type": "Feature",
      "properties": {
        "@id": "node/12054563662",
        "bench": "yes",
        "bin": "yes",
        "bus": "yes",
        "departures_board": "timetable",
        "highway": "bus_stop",
        "lit": "no",
        "name": "Wachhausstraße",
        "network": "Karlsruher Verkehrsverbund",
        "network:guid": "DE-BW-KVV",
        "network:short": "KVV",
        "network:wikidata": "Q1733986",
        "operator": "Verkehrsbetriebe Karlsruhe GmbH",
        "public_transport": "platform",
        "shelter": "yes",
        "tactile_paving": "yes"
      },
      "geometry": {
        "type": "Point",
        "coordinates": [
          8.448399,
          48.9925145
        ]
      },
      "id": "node/12054563662"
    },
    {
      "type": "Feature",
      "properties": {
        "@id": "node/12054563663",
        "bench": "yes",
        "bin": "yes",
        "bus": "yes",
        "departures_board": "timetable",
        "highway": "bus_stop",
        "lit": "yes",
        "name": "Wachhausstraße",
        "network": "Karlsruher Verkehrsverbund",
        "network:guid": "DE-BW-KVV",
        "network:short": "KVV",
        "network:wikidata": "Q1733986",
        "operator": "Verkehrsbetriebe Karlsruhe GmbH",
        "public_transport": "platform",
        "shelter": "yes",
        "tactile_paving": "yes"
      },
      "geometry": {
        "type": "Point",
        "coordinates": [
          8.4487901,
          48.9927504
        ]
      },
      "id": "node/12054563663"
    },
    {
      "type": "Feature",
      "properties": {
        "@id": "node/12070187195",
        "amenity": "car_sharing",
        "brand": "Stadtmobil",
        "brand:wikidata": "Q2327629",
        "capacity": "3",
        "name": "Grezzostraße",
        "network": "Stadtmobil Karlsruhe",
        "operator": "Stadtmobil CarSharing GmbH & Co. KG",
        "operator:type": "private",
        "website": "https://karlsruhe.stadtmobil.de/privatkunden/stationen/station/karl-leopold-strasse"
      },
      "geometry": {
        "type": "Point",
        "coordinates": [
          8.4942713,
          49.0074286
        ]
      },
      "id": "node/12070187195"
    },
    {
      "type": "Feature",
      "properties": {
        "@id": "node/12231499528",
        "bus": "yes",
        "highway": "bus_stop",
        "name": "Entenfang",
        "network": "Karlsruher Verkehrsverbund",
        "network:guid": "DE-BW-KVV",
        "network:short": "KVV",
        "network:wikidata": "Q1733986",
        "note": "Bedarfshaltestelle",
        "operator": "Verkehrsbetriebe Karlsruhe GmbH",
        "public_transport": "stop_position",
        "ref": "D",
        "wikidata": "Q124608493"
      },
      "geometry": {
        "type": "Point",
        "coordinates": [
          8.359608,
          49.010909
        ]
      },
      "id": "node/12231499528"
    },
    {
      "type": "Feature",
      "properties": {
        "@id": "node/12515758868",
        "bench": "no",
        "bin": "yes",
        "bus": "yes",
        "departures_board": "timetable",
        "description": "Haltestelle für die Buslinie 70 zur Heide bis ca. Juli 2025",
        "highway": "bus_stop",
        "lit": "yes",
        "name": "Entenfang (Steig E)",
        "network": "Karlsruher Verkehrsverbund",
        "network:guid": "DE-BW-KVV",
        "network:short": "KVV",
        "network:wikidata": "Q1733986",
        "public_transport": "platform",
        "shelter": "no",
        "tactile_paving": "no",
        "wikidata": "Q124608493"
      },
      "geometry": {
        "type": "Point",
        "coordinates": [
          8.3578863,
          49.011065
        ]
      },
      "id": "node/12515758868"
    },
    {
      "type": "Feature",
      "properties": {
        "@id": "node/12534356912",
        "amenity": "car_sharing",
        "brand": "Stadtmobil",
        "brand:wikidata": "Q2327629",
        "network": "Stadtmobil Karlsruhe",
        "operator": "Stadtmobil CarSharing GmbH & Co. KG",
        "ref": "Rüppurrer Straße-Packstation",
        "website": "https://karlsruhe.stadtmobil.de/"
      },
      "geometry": {
        "type": "Point",
        "coordinates": [
          8.4073195,
          48.9954481
        ]
      },
      "id": "node/12534356912"
    },
    {
      "type": "Feature",
      "properties": {
        "@id": "node/12547653347",
        "bench": "no",
        "bin": "yes",
        "bus": "yes",
        "highway": "bus_stop",
        "name": "Pfalzstraße",
        "public_transport": "platform",
        "shelter": "no"
      },
      "geometry": {
        "type": "Point",
        "coordinates": [
          8.3360849,
          49.0045151
        ]
      },
      "id": "node/12547653347"
    },
    {
      "type": "Feature",
      "properties": {
        "@id": "node/12547659294",
        "bench": "yes",
        "bin": "no",
        "bus": "yes",
        "departures_board": "realtime",
        "highway": "bus_stop",
        "name": "Ankerstraße",
        "passenger_information_display": "yes",
        "public_transport": "platform",
        "shelter": "no"
      },
      "geometry": {
        "type": "Point",
        "coordinates": [
          8.3334106,
          49.0075656
        ]
      },
      "id": "node/12547659294"
    },
    {
      "type": "Feature",
      "properties": {
        "@id": "node/12547659295",
        "bench": "yes",
        "bus": "yes",
        "covered": "no",
        "departures_board": "realtime",
        "highway": "bus_stop",
        "lit": "yes",
        "name": "Kirchplatz",
        "passenger_information_display": "yes",
        "public_transport": "platform",
        "shelter": "yes"
      },
      "geometry": {
        "type": "Point",
        "coordinates": [
          8.3329488,
          49.0051862
        ]
      },
      "id": "node/12547659295"
    },
    {
      "type": "Feature",
      "properties": {
        "@id": "node/12547691621",
        "bench": "no",
        "bin": "yes",
        "bus": "yes",
        "departures_board": "realtime",
        "highway": "bus_stop",
        "lit": "yes",
        "name": "Inselstraße",
        "public_transport": "platform",
        "shelter": "no",
        "tactile_paving": "no"
      },
      "geometry": {
        "type": "Point",
        "coordinates": [
          8.3289958,
          49.0064568
        ]
      },
      "id": "node/12547691621"
    },
    {
      "type": "Feature",
      "properties": {
        "@id": "node/12558784234",
        "amenity": "car_sharing",
        "brand": "Stadtmobil",
        "brand:wikidata": "Q2327629",
        "capacity": "1",
        "car_sharing": "parking",
        "description": "1 für Carsharing-Fahrzeuge reservierter Parkplatz",
        "network": "Stadtmobil Karlsruhe",
        "opening_hours": "24/7",
        "operator": "Stadtmobil CarSharing GmbH & Co. KG",
        "ref": "Koyweg",
        "website": "https://karlsruhe.stadtmobil.de/",
        "wheelchair": "no"
      },
      "geometry": {
        "type": "Point",
        "coordinates": [
          8.4467657,
          49.0119431
        ]
      },
      "id": "node/12558784234"
    },
    {
      "type": "Feature",
      "properties": {
        "@id": "node/12565358207",
        "amenity": "car_sharing",
        "brand": "Stadtmobil",
        "brand:wikidata": "Q2327629",
        "capacity": "3",
        "name": "Durlacher Straße",
        "network": "Stadtmobil Karlsruhe",
        "operator": "Stadtmobil CarSharing GmbH & Co. KG",
        "operator:type": "private"
      },
      "geometry": {
        "type": "Point",
        "coordinates": [
          8.4939341,
          49.0146092
        ]
      },
      "id": "node/12565358207"
    },
    {
      "type": "Feature",
      "properties": {
        "@id": "node/12584632933",
        "amenity": "car_sharing",
        "brand": "Stadtmobil",
        "brand:wikidata": "Q2327629",
        "capacity": "1",
        "name": "Augustenburgstraße",
        "network": "Stadtmobil Karlsruhe",
        "operator": "Stadtmobil CarSharing GmbH & Co. KG",
        "operator:type": "private"
      },
      "geometry": {
        "type": "Point",
        "coordinates": [
          8.4985072,
          49.0047352
        ]
      },
      "id": "node/12584632933"
    },
    {
      "type": "Feature",
      "properties": {
        "@id": "node/12587981305",
        "amenity": "car_sharing",
        "brand": "Stadtmobil",
        "brand:wikidata": "Q2327629",
        "capacity": "1",
        "network": "Stadtmobil Karlsruhe",
        "operator": "Stadtmobil CarSharing GmbH & Co. KG",
        "operator:type": "private"
      },
      "geometry": {
        "type": "Point",
        "coordinates": [
          8.4681587,
          48.9565571
        ]
      },
      "id": "node/12587981305"
    },
    {
      "type": "Feature",
      "properties": {
        "@id": "node/12587993233",
        "amenity": "car_sharing",
        "brand": "Stadtmobil",
        "brand:wikidata": "Q2327629",
        "capacity": "2",
        "network": "Stadtmobil Karlsruhe",
        "operator": "Stadtmobil CarSharing GmbH & Co. KG",
        "operator:type": "private"
      },
      "geometry": {
        "type": "Point",
        "coordinates": [
          8.4785532,
          48.9559464
        ]
      },
      "id": "node/12587993233"
    },
    {
      "type": "Feature",
      "properties": {
        "@id": "node/12588583601",
        "addr:street": "Joß-Fritz-Straße",
        "amenity": "car_sharing",
        "name": "Zeo Car Sharing",
        "opening_hours": "24/7",
        "operator": "Zeo Car Sharing",
        "website": "https://www.zeo-carsharing.de/"
      },
      "geometry": {
        "type": "Point",
        "coordinates": [
          8.5475026,
          49.0888895
        ]
      },
      "id": "node/12588583601"
    },
    {
      "type": "Feature",
      "properties": {
        "@id": "node/12615923429",
        "addr:city": "Karlsruhe",
        "addr:country": "DE",
        "addr:housenumber": "27a",
        "addr:postcode": "76189",
        "addr:street": "Am Anger",
        "brand": "Nahkauf",
        "brand:wikidata": "Q57515238",
        "name": "Nahkauf",
        "old_name": "REWE",
        "opening_hours": "Mo-Sa 07:00-20:00",
        "operator": "Thomas Auerswald",
        "payment:american_express": "yes",
        "payment:apple_pay": "yes",
        "payment:cash": "yes",
        "payment:girocard": "yes",
        "payment:maestro": "yes",
        "payment:mastercard": "yes",
        "payment:sodexo": "yes",
        "payment:visa": "yes",
        "shop": "supermarket",
        "wheelchair": "limited"
      },
      "geometry": {
        "type": "Point",
        "coordinates": [
          8.3366361,
          48.9937437
        ]
      },
      "id": "node/12615923429"
    },
    {
      "type": "Feature",
      "properties": {
        "@id": "node/12650255545",
        "bench": "yes",
        "bin": "yes",
        "bus": "yes",
        "departures_board": "timetable",
        "highway": "bus_stop",
        "lit": "yes",
        "local_ref": "B",
        "name": "Tullastraße/Alter Schlachthof",
        "network": "Karlsruher Verkehrsverbund",
        "network:guid": "DE-BW-KVV",
        "network:short": "KVV",
        "network:wikidata": "Q1733986",
        "note": "provisorische Haltestelle der Buslinie 42 während des einjährigen Verkehrsversuchs am Oststadtkreisel",
        "operator": "Verkehrsbetriebe Karlsruhe GmbH",
        "operator:short": "VBK",
        "operator:wikidata": "Q644958",
        "passenger_information_display": "no",
        "public_transport": "platform",
        "ref:IFOPT": "de:08212:7:12",
        "route_ref": "42",
        "shelter": "yes",
        "tactile_paving": "no",
        "temporary": "yes"
      },
      "geometry": {
        "type": "Point",
        "coordinates": [
          8.4315933,
          49.0061371
        ]
      },
      "id": "node/12650255545"
    },
    {
      "type": "Feature",
      "properties": {
        "@id": "node/12677624816",
        "addr:city": "Karlsruhe",
        "addr:country": "DE",
        "addr:housenumber": "8a",
        "addr:postcode": "76189",
        "addr:street": "Rudolf-Breitscheid-Straße",
        "addr:suburb": "Oberreut",
        "amenity": "car_sharing",
        "brand": "Stadtmobil",
        "brand:wikidata": "Q2327629",
        "capacity": "2",
        "name": "Rudolf-Breitscheid-Straße",
        "network": "Stadtmobil Karlsruhe",
        "operator": "Stadtmobil CarSharing GmbH & Co. KG",
        "operator:type": "private",
        "website": "https://karlsruhe.stadtmobil.de/privatkunden/stationen/station/rudolf-breitscheid-strasse"
      },
      "geometry": {
        "type": "Point",
        "coordinates": [
          8.3595037,
          48.987538
        ]
      },
      "id": "node/12677624816"
    },
    {
      "type": "Feature",
      "properties": {
        "@id": "node/12677624817",
        "addr:city": "Karlsruhe",
        "addr:country": "DE",
        "addr:housenumber": "4a",
        "addr:postcode": "76189",
        "addr:street": "Albert-Braun-Straße",
        "addr:suburb": "Oberreut",
        "amenity": "car_sharing",
        "brand": "Stadtmobil",
        "brand:wikidata": "Q2327629",
        "capacity": "2",
        "name": "Albert-Braun-Straße",
        "network": "Stadtmobil Karlsruhe",
        "operator": "Stadtmobil CarSharing GmbH & Co. KG",
        "operator:type": "private",
        "website": "https://karlsruhe.stadtmobil.de/privatkunden/stationen/station/albert-braun-strasse"
      },
      "geometry": {
        "type": "Point",
        "coordinates": [
          8.3631306,
          48.9897808
        ]
      },
      "id": "node/12677624817"
    },
    {
      "type": "Feature",
      "properties": {
        "@id": "node/12738607966",
        "addr:city": "Karlsruhe",
        "addr:housenumber": "18a",
        "addr:postcode": "76187",
        "addr:street": "Esso-Straße",
        "amenity": "fuel",
        "brand": "BayWa",
        "fuel:biolng": "yes",
        "fuel:lng": "yes",
        "name": "BayWa BioLNG-Tankstelle Karlsruhe",
        "opening_hours": "24/7",
        "operator": "BayWa",
        "payment:baywa": "yes",
        "payment:dkv": "yes",
        "payment:e100": "yes",
        "payment:eurowag": "yes",
        "payment:hoyer_card": "yes",
        "payment:ids": "yes",
        "payment:rmc": "yes",
        "payment:romac_fuels": "yes",
        "payment:tankpool24": "yes",
        "payment:uta": "yes",
        "payment:verbio": "yes",
        "self_service": "yes",
        "vending": "fuel",
        "website": "https://www.verbiogas.de/"
      },
      "geometry": {
        "type": "Point",
        "coordinates": [
          8.3229973,
          49.0416826
        ]
      },
      "id": "node/12738607966"
    },
    {
      "type": "Feature",
      "properties": {
        "@id": "node/12743344005",
        "bench": "no",
        "bus": "yes",
        "departures_board": "timetable",
        "highway": "bus_stop",
        "name": "Mauerweg",
        "network": "Karlsruher Verkehrsverbund",
        "network:guid": "DE-BW-KVV",
        "network:short": "KVV",
        "network:wikidata": "Q1733986",
        "passenger_information_display": "no",
        "public_transport": "platform",
        "shelter": "no"
      },
      "geometry": {
        "type": "Point",
        "coordinates": [
          8.3395327,
          49.0078672
        ]
      },
      "id": "node/12743344005"
    },
    {
      "type": "Feature",
      "properties": {
        "@id": "node/12779767639",
        "bench": "yes",
        "bin": "no",
        "bus": "yes",
        "highway": "bus_stop",
        "lit": "yes",
        "name": "Blankenloch Rathaus",
        "network": "Karlsruher Verkehrsverbund",
        "network:guid": "DE-BW-KVV",
        "network:short": "KVV",
        "network:wikidata": "Q1733986",
        "public_transport": "platform",
        "ref:IFOPT": "de:08215:32238:0:1",
        "shelter": "no",
        "tactile_paving": "no",
        "wheelchair": "no"
      },
      "geometry": {
        "type": "Point",
        "coordinates": [
          8.4700197,
          49.0667955
        ]
      },
      "id": "node/12779767639"
    },
    {
      "type": "Feature",
      "properties": {
        "@id": "node/12779767640",
        "bench": "no",
        "bin": "no",
        "bus": "yes",
        "highway": "bus_stop",
        "lit": "yes",
        "name": "Blankenloch Kirche",
        "network": "Karlsruher Verkehrsverbund",
        "network:guid": "DE-BW-KVV",
        "network:short": "KVV",
        "network:wikidata": "Q1733986",
        "public_transport": "platform",
        "ref:IFOPT": "de:08215:32031:21:21",
        "shelter": "no",
        "tactile_paving": "no",
        "wheelchair": "no"
      },
      "geometry": {
        "type": "Point",
        "coordinates": [
          8.4711776,
          49.0644373
        ]
      },
      "id": "node/12779767640"
    },
    {
      "type": "Feature",
      "properties": {
        "@id": "node/12784321055",
        "bench": "no",
        "bin": "no",
        "bus": "yes",
        "highway": "bus_stop",
        "lit": "no",
        "name": "Weingarten Rathaus",
        "network": "Karlsruher Verkehrsverbund",
        "network:guid": "DE-BW-KVV",
        "network:short": "KVV",
        "network:wikidata": "Q1733986",
        "public_transport": "platform",
        "ref:IFOPT": "de:08215:13805:0:1",
        "shelter": "no",
        "tactile_paving": "no",
        "wheelchair": "no"
      },
      "geometry": {
        "type": "Point",
        "coordinates": [
          8.5312093,
          49.0526814
        ]
      },
      "id": "node/12784321055"
    },
    {
      "type": "Feature",
      "properties": {
        "@id": "node/12784321056",
        "bench": "yes",
        "bin": "no",
        "bus": "yes",
        "highway": "bus_stop",
        "lit": "yes",
        "name": "Weingarten Rathaus",
        "network": "Karlsruher Verkehrsverbund",
        "network:guid": "DE-BW-KVV",
        "network:short": "KVV",
        "network:wikidata": "Q1733986",
        "public_transport": "platform",
        "ref:IFOPT": "de:08215:13805:0:2",
        "shelter": "no",
        "tactile_paving": "no",
        "wheelchair": "no"
      },
      "geometry": {
        "type": "Point",
        "coordinates": [
          8.5314257,
          49.0522475
        ]
      },
      "id": "node/12784321056"
    },
    {
      "type": "Feature",
      "properties": {
        "@id": "node/12784321057",
        "bench": "no",
        "bin": "no",
        "bus": "yes",
        "departures_board": "timetable",
        "highway": "bus_stop",
        "lit": "no",
        "name": "Weingarten Jöhlinger Straße",
        "network": "Karlsruher Verkehrsverbund",
        "network:guid": "DE-BW-KVV",
        "network:short": "KVV",
        "network:wikidata": "Q1733986",
        "network:wikipedia": "de:Karlsruher Verkehrsverbund",
        "public_transport": "platform",
        "ref:IFOPT": "de:08215:32253:0:2",
        "shelter": "no",
        "tactile_paving": "yes",
        "wheelchair": "yes"
      },
      "geometry": {
        "type": "Point",
        "coordinates": [
          8.5359111,
          49.0521962
        ]
      },
      "id": "node/12784321057"
    },
    {
      "type": "Feature",
      "properties": {
        "@id": "node/12786126279",
        "bus": "yes",
        "departures_board": "timetable",
        "highway": "bus_stop",
        "name": "Eckenerstraße",
        "network": "Karlsruher Verkehrsverbund",
        "network:guid": "DE-BW-KVV",
        "network:short": "KVV",
        "network:wikidata": "Q1733986",
        "public_transport": "platform",
        "shelter": "no"
      },
      "geometry": {
        "type": "Point",
        "coordinates": [
          8.3511854,
          49.0064256
        ]
      },
      "id": "node/12786126279"
    },
    {
      "type": "Feature",
      "properties": {
        "@id": "node/12786130077",
        "bus": "yes",
        "departures_board": "timetable",
        "highway": "bus_stop",
        "name": "Ankerstraße",
        "network": "Karlsruher Verkehrsverbund",
        "network:guid": "DE-BW-KVV",
        "network:short": "KVV",
        "network:wikidata": "Q1733986",
        "public_transport": "platform",
        "shelter": "no"
      },
      "geometry": {
        "type": "Point",
        "coordinates": [
          8.333489,
          49.0075542
        ]
      },
      "id": "node/12786130077"
    },
    {
      "type": "Feature",
      "properties": {
        "@id": "node/12786164636",
        "bench": "no",
        "bin": "yes",
        "bus": "yes",
        "departures_board": "timetable",
        "highway": "bus_stop",
        "lit": "yes",
        "name": "Inselstraße",
        "network": "Karlsruher Verkehrsverbund",
        "network:guid": "DE-BW-KVV",
        "network:short": "KVV",
        "network:wikidata": "Q1733986",
        "public_transport": "platform",
        "shelter": "no",
        "tactile_paving": "no"
      },
      "geometry": {
        "type": "Point",
        "coordinates": [
          8.3289528,
          49.0064549
        ]
      },
      "id": "node/12786164636"
    },
    {
      "type": "Feature",
      "properties": {
        "@id": "node/12786231848",
        "bus": "yes",
        "highway": "bus_stop",
        "name": "Altrheinbrücke",
        "network": "Karlsruher Verkehrsverbund",
        "network:guid": "DE-BW-KVV",
        "network:short": "KVV",
        "network:wikidata": "Q1733986",
        "public_transport": "platform",
        "shelter": "no",
        "tram": "yes"
      },
      "geometry": {
        "type": "Point",
        "coordinates": [
          8.3122311,
          49.0009257
        ]
      },
      "id": "node/12786231848"
    },
    {
      "type": "Feature",
      "properties": {
        "@id": "node/12853330695",
        "bus": "yes",
        "height": "0.09",
        "highway": "bus_stop",
        "incline": "1.9%",
        "incline:across": "0.3%",
        "kerb": "raised",
        "kerb:approach_aid": "no",
        "public_transport": "platform",
        "ref:IFOPT": "de:08212:1207",
        "ref:IFOPT:description": "Schloss Rüppurr",
        "shelter": "no",
        "surface": "paving_stones",
        "tactile_paving": "no",
        "width": "2.57"
      },
      "geometry": {
        "type": "Point",
        "coordinates": [
          8.4039303,
          48.9810301
        ]
      },
      "id": "node/12853330695"
    },
    {
      "type": "Feature",
      "properties": {
        "@id": "node/12853330696",
        "bus": "yes",
        "height": "0.09",
        "highway": "bus_stop",
        "incline": "0.3%",
        "incline:across": "2.3%",
        "kerb": "raised",
        "kerb:approach_aid": "no",
        "public_transport": "platform",
        "ref:IFOPT": "de:08212:1207",
        "ref:IFOPT:description": "Schloss Rüppurr",
        "shelter": "no",
        "surface": "paved",
        "tactile_paving": "no",
        "width": "2.2"
      },
      "geometry": {
        "type": "Point",
        "coordinates": [
          8.4041404,
          48.9816867
        ]
      },
      "id": "node/12853330696"
    },
    {
      "type": "Feature",
      "properties": {
        "@id": "node/12855295124",
        "bus": "yes",
        "height": "0.07",
        "highway": "bus_stop",
        "kerb": "lowered",
        "public_transport": "platform",
        "ref:IFOPT": "de:08212:1206:22:22",
        "ref:IFOPT:description": "Dammerstock",
        "shelter": "no",
        "surface": "asphalt",
        "tactile_paving": "no",
        "width": "1.97"
      },
      "geometry": {
        "type": "Point",
        "coordinates": [
          8.4037068,
          48.9846635
        ]
      },
      "id": "node/12855295124"
    }
  ]
}